id,name_aegis,name_english,type
1100,Taurus_Sword_J,Taurus Sword,Weapon
1101,Sword,Sword,Weapon
1102,Sword_,Sword,Weapon
1103,Sword__,Sword,Weapon
1104,Falchion,Falchion,Weapon
1105,Falchion_,Falchion,Weapon
1106,Falchion__,Falchion,Weapon
1107,Blade,Blade,Weapon
1108,Blade_,Blade,Weapon
1109,Blade__,Blade,Weapon
1110,Lapier,Rapier,Weapon
1111,Lapier_,Rapier,Weapon
1112,Lapier__,Rapier,Weapon
1113,Scimiter,Scimitar,Weapon
1114,Scimiter_,Scimitar,Weapon
1115,Scimiter__,Scimitar,Weapon
1116,Katana,Katana,Weapon
1117,Katana_,Katana,Weapon
1118,Katana__,Katana,Weapon
1119,Tsurugi,Tsurugi,Weapon
1120,Tsurugi_,Tsurugi,Weapon
1121,Tsurugi__,Tsurugi,Weapon
1122,Ring_Pommel_Saber,Ring Pommel Saber,Weapon
1123,Haedonggum,Haedonggum,Weapon
1124,Orcish_Sword,Orcish Sword,Weapon
1125,Ring_Pommel_Saber_,Ring Pommel Saber,Weapon
1126,Saber,Saber,Weapon
1127,Saber_,Saber,Weapon
1128,Hae_Dong_Gum_,Haedonggum,Weapon
1129,Flamberge,Flamberge,Weapon
1130,Nagan,Nagan,Weapon
1131,Ice_Falchon,Ice Falchion,Weapon
1132,Edge,Edge,Weapon
1133,Fire_Brand,Fireblend,Weapon
1134,Scissores_Sword,Caesar's Sword,Weapon
1135,Cutlas,Cutlus,Weapon
1136,Solar_Sword,Solar Sword,Weapon
1137,Excalibur,Excalibur,Weapon
1138,Mysteltainn_,Mysteltainn,Weapon
1139,Tale_Fing_,Tirfing,Weapon
1140,Byeorrun_Gum,Byeollungum,Weapon
1141,Immaterial_Sword,Immaterial Sword,Weapon
1142,Jewel_Sword,Jeweled Sword,Weapon
1143,Gaia_Sword,Gaia Sword,Weapon
1144,Sasimi,Sashimi,Weapon
1145,Holy_Avenger,Holy Avenger,Weapon
1146,Town_Sword,Town Sword,Weapon
1147,Town_Sword_,Town Sword,Weapon
1148,Star_Dust_Blade,Star Dust Blade,Weapon
1149,Flamberge_,Flamberge,Weapon
1150,Libra_Krasnaya_J,Libra's Krasnaya,Weapon
1151,Slayer,Slayer,Weapon
1152,Slayer_,Slayer,Weapon
1153,Slayer__,Slayer,Weapon
1154,Bastard_Sword,Bastard Sword,Weapon
1155,Bastard_Sword_,Bastard Sword,Weapon
1156,Bastard_Sword__,Bastard Sword,Weapon
1157,Two_Hand_Sword,Two-Handed Sword,Weapon
1158,Two_Hand_Sword_,Two-Handed Sword,Weapon
1159,Two_Hand_Sword__,Two-Handed Sword,Weapon
1160,Broad_Sword,Broad Sword,Weapon
1161,Balmung,Balmung,Weapon
1162,Broad_Sword_,Broad Sword,Weapon
1163,Claymore,Claymore,Weapon
1164,Muramasa,Muramasa,Weapon
1165,Masamune,Masamune,Weapon
1166,Dragon_Slayer,Dragon Slayer,Weapon
1167,Schweizersabel,Schweizersabel,Weapon
1168,Zweihander,Zweihander,Weapon
1169,Executioner_,Executioner,Weapon
1170,Katzbalger,Katzbalger,Weapon
1171,Zweihander_,Zweihander,Weapon
1172,Claymore_,Claymore,Weapon
1173,Muramasa_C,Muramasa,Weapon
1174,Executioner_C,Executioner,Weapon
1175,Altas_Weapon,Atlas Weapon,Weapon
1176,Muscle_Cutter,Muscle Cutter,Weapon
1177,Muramash,Muramash,Weapon
1178,Schweizersabel_,Schweizersabel,Weapon
1179,Executioner__,Executioner,Weapon
1180,Dragon_Slayer_,Dragon Slayer,Weapon
1181,Tae_Goo_Lyeon,Tae Goo Lyeon,Weapon
1182,Bloody_Eater,Bloody Eater,Weapon
1183,BF_Two_Handed_Sword1,Brave Assaulter's Katzbalger,Weapon
1184,BF_Two_Handed_Sword2,Valorous Assaulter's Katzbalger,Weapon
1185,Violet_Fear,Violet Fear,Weapon
1186,Death_Guidance,Death Guidance,Weapon
1187,Krieger_Twohand_Sword1,Glorious Claymore,Weapon
1188,Veteran_Sword,Veteran Sword,Weapon
1189,Krasnaya,Krasnaya,Weapon
1190,Claymore_C,Claymore,Weapon
1191,Alca_Bringer,Alca Bringer,Weapon
1192,P_Slayer1,Eden Slayer I,Weapon
1193,P_Slayer2,Eden Slayer II,Weapon
1194,F_Executioner_C,Executioner,Weapon
1195,E_Executioner_C,Executioner,Weapon
1196,Chrome_Twohand_Sword,Chrome Two-Handed Sword,Weapon
1197,P_Slayer3,Eden Slayer III,Weapon
1198,Hairtail,Cutlass,Weapon
1199,Ebony_Toe_Nail,Ebony Toe Nail,Weapon
1201,Knife,Knife,Weapon
1202,Knife_,Knife,Weapon
1203,Knife__,Knife,Weapon
1204,Cutter,Cutter,Weapon
1205,Cutter_,Cutter,Weapon
1206,Cutter__,Cutter,Weapon
1207,Main_Gauche,Main Gauche,Weapon
1208,Main_Gauche_,Main Gauche,Weapon
1209,Main_Gauche__,Main Gauche,Weapon
1210,Dirk,Dirk,Weapon
1211,Dirk_,Dirk,Weapon
1212,Dirk__,Dirk,Weapon
1213,Dagger,Dagger,Weapon
1214,Dagger_,Dagger,Weapon
1215,Dagger__,Dagger,Weapon
1216,Stiletto,Stiletto,Weapon
1217,Stiletto_,Stiletto,Weapon
1218,Stiletto__,Stiletto,Weapon
1219,Gladius,Gladius,Weapon
1220,Gladius_,Gladius,Weapon
1221,Gladius__,Gladius,Weapon
1222,Damascus,Damascus,Weapon
1223,Forturn_Sword,Fortune Sword,Weapon
1224,Sword_Breaker,Swordbreaker,Weapon
1225,Mail_Breaker,Mailbreaker,Weapon
1226,Damascus_,Damascus,Weapon
1227,Weeder_Knife,Weeder Knife,Weapon
1228,Combat_Knife,Combat Knife,Weapon
1229,Mama's_Knife,Kitchen Knife,Weapon
1230,House_Auger,Ice Pick,Weapon
1231,Bazerald,Bazerald,Weapon
1232,Assasin_Dagger,Assassin Dagger,Weapon
1233,Exercise,Exorciser,Weapon
1234,Moonlight_Sword,Moonlight Dagger,Weapon
1235,Azoth,Azoth,Weapon
1236,Sucsamad,Sucsamad,Weapon
1237,Grimtooth_,Grimtooth,Weapon
1238,Zeny_Knife,Zeny Knife,Weapon
1239,Poison_Knife,Poison Knife,Weapon
1240,Princess_Knife,Princess Knife,Weapon
1241,Cursed_Dagger,Cursed Dagger,Weapon
1242,Counter_Dagger,Dagger of Counter,Weapon
1243,Novice_Knife,Novice Main-Gauche,Weapon
1244,Holy_Dagger,Holy Dagger,Weapon
1245,Cinquedea,Cinquedea,Weapon
1246,Cinquedea_,Cinquedea,Weapon
1247,Kindling_Dagger,Kindle Dagger,Weapon
1248,Obsidian_Dagger,Obsidian Dagger,Weapon
1249,Fisherman's_Dagger,Fisherman's Dagger,Weapon
1250,Jur,Jur,Weapon
1251,Jur_,Jur,Weapon
1252,Katar,Katar,Weapon
1253,Katar_,Katar,Weapon
1254,Jamadhar,Jamadhar,Weapon
1255,Jamadhar_,Jamadhar,Weapon
1256,Katar_Of_Cold_Icicle,Katar of Frozen Icicle,Weapon
1257,Katar_Of_Thornbush,Katar of Quaking,Weapon
1258,Katar_Of_Raging_Blaze,Katar of Raging Blaze,Weapon
1259,Katar_Of_Piercing_Wind,Katar of Piercing Wind,Weapon
1260,Ghoul_Leg,Sharpened Legbone of Ghoul,Weapon
1261,Infiltrator,Infiltrator,Weapon
1262,Nail_Of_Loki,Loki's Nail,Weapon
1263,Unholy_Touch,Unholy Touch,Weapon
1264,Various_Jur,Specialty Jur,Weapon
1265,Bloody_Roar,Bloody Roar,Weapon
1266,Infiltrator_,Infiltrator,Weapon
1267,Infiltrator_C,Infiltrator,Weapon
1268,Wild_Beast_Claw,Wild Beast Claw,Weapon
1269,Inverse_Scale,Inverse Scale,Weapon
1270,Drill_Katar,Drill Katar,Weapon
1271,Blood_Tears,Blood Tears,Weapon
1272,Scratcher,Scratcher,Weapon
1273,Bloody_Roar_C,Refined Bloody Roar,Weapon
1274,Unholy_Touch_C,Refined Unholy Touch,Weapon
1275,Katar_Of_Cold_Icicle_,Katar of Frozen Icicle,Weapon
1276,Katar_Of_Thornbush_,Katar of Quaking,Weapon
1277,Katar_Of_Raging_Blaze_,Katar of Raging Blaze,Weapon
1278,Katar_Of_Piercing_Wind_,Katar of Piercing Wind,Weapon
1279,BF_Katar1,Brave Carnage Katar,Weapon
1280,BF_Katar2,Valorous Carnage Katar,Weapon
1281,Krieger_Katar1,Glorious Bloody Roar,Weapon
1282,Krieger_Katar2,Glorious Jamadhar,Weapon
1283,Katar_Of_Speed,Katar Of Speed,Weapon
1284,Krishna,Krishna,Weapon
1285,Cakram,Chakram,Weapon
1286,Jamadhar_C,Jamadhar,Weapon
1287,Durga,Durga,Weapon
1288,Bloody_Fear_C,Bloody Fear,Weapon
1289,P_Katar1,Eden Katar I,Weapon
1290,Agent_Katar,Agent Katar,Weapon
1291,Guillotine_Katar,Guillotine Katar,Weapon
1292,Upg_Katar,Upgrade Katar,Weapon
1293,Velum_Jamadhar,Vellum Jamadhar,Weapon
1294,Velum_Scare,Vellum Scale,Weapon
1295,Blood_Tears_,Blood Tears,Weapon
1296,Metal_Katar,Metal Katar,Weapon
1297,Inverse_Scale_,Inverse Scale,Weapon
1298,Shiver_Katar,Shiver Katar,Weapon
1299,TE_Woe_Katar,TE Woe Katar,Weapon
1300,Cleaver_,Cleaver,Weapon
1301,Axe,Axe,Weapon
1302,Axe_,Axe,Weapon
1303,Axe__,Axe,Weapon
1304,Orcish_Axe,Orcish Axe,Weapon
1305,Cleaver,Cleaver,Weapon
1306,War_Axe,War Axe,Weapon
1307,Windhawk,Windhawk,Weapon
1308,Golden_Axe,Golden Axe,Weapon
1309,Orcish_Axe_,Orcish Axe,Weapon
1310,Krieger_Onehand_Axe1,Glorious Cleaver,Weapon
1311,Vecer_Axe,Vecer Axe,Weapon
1312,Orcish_Axe_C,Orcish Axe,Weapon
1313,Tourist_Axe,Tourist Axe,Weapon
1314,F_Tomahawk_C,Rental Tomahawk,Weapon
1315,F_Right_Epsilon_C,Right Epsilon,Weapon
1316,Adventure_Axe,Adventure Axe,Weapon
1317,Academy_Axe,Academy Axe,Weapon
1318,Dofle_Axe,Deflation Axe,Weapon
1319,TE_Woe_Axe,TE Woe Axe,Weapon
1320,Diva_Axe,Diva Axe,Weapon
1321,Dofle_Axe_,Deflation Axe,Weapon
1322,Ru_Blue_Axe,Ru Blue Axe,Weapon
1323,Ru_Gold_Axe,Ru Gold Axe,Weapon
1324,War_Axe_S,War Axe,Weapon
1325,Mirage_Axe,Mirage Axe,Weapon
1326,War_Axe_IL,Illusion War Axe,Weapon
1327,Axe_Z,Axe,Weapon
1328,Blut_Axe,Brute Cleaver,Weapon
1329,Woe_One_Hand_Axe1_Z,Lesser Guild Member's Cleaver,Weapon
1330,Sunset_Buster,Sunset Buster,Weapon
1331,Variant_Axe,Abyss Axe,Weapon
1332,Octopus_Axe,Octopus Axe,Weapon
1333,Golden_Wrench,Golden Wrench,Weapon
1334,Ein_1HAXE,Grinder Axe,Weapon
1335,Cancer_Axe_J,Cancer Axe,Weapon
1336,G_Knight_Axe,Guardian Knight Axe,Weapon
1337,Golden_Wrench_J,Golden Wrench,Weapon
1339,Hauyne_Huuma_EXE,Hauyne Huuma,Weapon
1340,Arcanite_Hammer_EXE,Arcanite Hammer,Weapon
1341,Destruction_Axe,Destruction Axe,Weapon
1350,Comp_Avenger,[Not For Sale] Avenger,Weapon
1351,Battle_Axe,Battle Axe,Weapon
1352,Battle_Axe_,Battle Axe,Weapon
1353,Battle_Axe__,Battle Axe,Weapon
1354,Hammer,Hammer,Weapon
1355,Hammer_,Hammer,Weapon
1356,Hammer__,Hammer,Weapon
1357,Buster,Buster,Weapon
1358,Buster_,Buster,Weapon
1359,Buster__,Buster,Weapon
1360,Two_Handed_Axe,Two-Handed Axe,Weapon
1361,Two_Handed_Axe_,Two-Handed Axe,Weapon
1362,Two_Handed_Axe__,Two-Handed Axe,Weapon
1363,Brood_Axe,Bloody Axe,Weapon
1364,Great_Axe,Great Axe,Weapon
1365,Sabbath,Sabbath,Weapon
1366,Right_Epsilon,Light Epsilon,Weapon
1367,Slaughter,Slaughter,Weapon
1368,Tomahawk,Tomahawk,Weapon
1369,Guillotine,Guillotine,Weapon
1370,Doom_Slayer,Doom Slayer,Weapon
1371,Doom_Slayer_,Doom Slayer,Weapon
1372,Right_Epsilon_C,Light Epsilon,Weapon
1373,Brood_Axe_C,Refined Bloody Axe,Weapon
1374,Tomahawk_C,Tomahawk,Weapon
1375,Berdysz,Berdysz,Weapon
1376,Heart_Breaker,Heart Breaker,Weapon
1377,Hurricane_Fury,Hurricane's Fury,Weapon
1378,Great_Axe_C,Refined Great Axe,Weapon
1379,BF_Two_Handed_Axe1,Valorous Insane Battle Axe,Weapon
1380,BF_Two_Handed_Axe2,Brave Insane Battle Axe,Weapon
1381,N_Battle_Axe,Novice Battle Axe,Weapon
1382,Krieger_Twohand_Axe1,Glorious Two-Handed Axe,Weapon
1383,Holy_Celestial_Axe,Celestial Axe,Weapon
1384,Veteran_Axe,Veteran Axe,Weapon
1385,Bradium_Stonehammer,Bradium Stone Hammer,Weapon
1386,Doom_Slayer_I,Doom Slayer,Weapon
1387,Giant_Axe,Giant Axe,Weapon
1388,Two_Handed_Axe_C,Two-Handed Axe,Weapon
1389,E_Tomahawk_C,Tomahawk,Weapon
1390,E_Right_Epsilon_C,Light Epsilon,Weapon
1391,P_Two_Handed_Axe1,Eden Two-Handed Axe I,Weapon
1392,Ygnus_Stale,Ignus Steel,Weapon
1393,End_Sektura,End Sectora,Weapon
1394,Upg_Two_Handed_Axe,Upgrade Two-Handed Axe,Weapon
1395,Velum_Buster,Vellum Buster,Weapon
1396,Velum_Guillotine,Vellum Guillotine,Weapon
1397,Bradium_Stonehammer_,Bradium Stone Hammer,Weapon
1398,Metal_Two_Handed_Axe,Metal Two Handed Axe,Weapon
1399,TE_Woe_Two_Handed_Axe,TE Woe Two Handed Axe,Weapon
1400,Sinister_Spear,Vicious Mind Spear,Weapon
1401,Javelin,Javelin,Weapon
1402,Javelin_,Javelin,Weapon
1403,Javelin__,Javelin,Weapon
1404,Spear,Spear,Weapon
1405,Spear_,Spear,Weapon
1406,Spear__,Spear,Weapon
1407,Pike,Pike,Weapon
1408,Pike_,Pike,Weapon
1409,Pike__,Pike,Weapon
1410,Lance,Lance,Weapon
1411,Lance_,Lance,Weapon
1412,Lance__,Lance,Weapon
1413,Gungnir,Gungnir,Weapon
1414,Gelerdria,Gelerdria,Weapon
1415,Skewer,Brocca,Weapon
1416,Tjungkuletti,Tjungkuletti,Weapon
1417,Pole_Axe,Pole Axe,Weapon
1418,Gungnir_,Gungnir,Weapon
1419,Pole_Axe_C,Pole Axe,Weapon
1420,Long_Horn,Long Horn,Weapon
1421,Battle_Hook,Battle Hook,Weapon
1422,Hunting_Spear,Hunting Spear,Weapon
1423,Pole_XO,Pole XO,Weapon
1424,Skewer_C,Refined Brocca,Weapon
1425,BF_Spear1,Assaulter Spear,Weapon
1426,Krieger_Onehand_Spear1,Glorious Spear,Weapon
1427,Spear_Of_Excellent,Spear Of Excellent,Weapon
1428,Long_Horn_M,Long Horn,Weapon
1429,Hunting_Spear_M,Hunting Spear,Weapon
1430,Pike_C,Pike,Weapon
1431,F_Pole_Axe_C,Pole Axe,Weapon
1432,E_Pole_Axe_C,Pole Axe,Weapon
1433,Imperial_Spear,Imperial Spear,Weapon
1434,P_Sphere1,Eden Spear I,Weapon
1435,Cannon_Spear,Cannon Spear,Weapon
1436,Velum_Spear,Vellum Spear,Weapon
1437,TE_Woe_Pike,TE Woe Pike,Weapon
1438,Thanos_Spear,Thanos Spear,Weapon
1439,Half_BF_Spear1,Half BF Spear1,Weapon
1440,Battle_Hook_,Battle Hook,Weapon
1441,Ru_Blue_Spear,Ru Blue Spear,Weapon
1442,Ru_Gold_Spear,Ru Gold Spear,Weapon
1443,Scarlet_Spear,Crimson Spear,Weapon
1444,Spear_of_Trust,Thunder Spear,Weapon
1445,Spear_of_Trust2,[Rental] Hunting Spear,Weapon
1446,Thanos_Spear_J,Requiem Spear,Weapon
1447,Poison_Forged_Spear,Poison Forged Spear,Weapon
1448,UnrivaledSpear,Unrivaled Spear,Weapon
1449,Gelerdria_,Gelerdria,Weapon
1450,Sinister_Lance,Vicious Mind Lance,Weapon
1451,Guisarme,Guisarme,Weapon
1452,Guisarme_,Guisarme,Weapon
1453,Guisarme__,Guisarme,Weapon
1454,Glaive,Glaive,Weapon
1455,Glaive_,Glaive,Weapon
1456,Glaive__,Glaive,Weapon
1457,Partizan,Partizan,Weapon
1458,Partizan_,Partizan,Weapon
1459,Partizan__,Partizan,Weapon
1460,Trident,Trident,Weapon
1461,Trident_,Trident,Weapon
1462,Trident__,Trident,Weapon
1463,Halberd,Halberd,Weapon
1464,Halberd_,Halberd,Weapon
1465,Halberd__,Halberd,Weapon
1466,Crescent_Scythe,Crescent Scythe,Weapon
1467,Bill_Guisarme,Bill Guisarme,Weapon
1468,Zephyrus,Zephyrus,Weapon
1469,Longinus's_Spear,Longinus's Spear,Weapon
1470,Brionac,Brionac,Weapon
1471,Hell_Fire,Hellfire,Weapon
1472,Staff_Of_Soul,Soul Staff,Weapon
1473,Wizardy_Staff,Wizardry Staff,Weapon
1474,Gae_Bolg,Gae Bolg,Weapon
1475,Horseback_Lance,Equestrian's Spear,Weapon
1476,Crescent_Scythe_,Crescent Scythe,Weapon
1477,Spectral_Spear,Spectral Spear,Weapon
1478,Ahlspiess,Ahlspiess,Weapon
1479,Spectral_Spear_,Spectral Spear,Weapon
1480,Gae_Bolg_,Gae Bolg,Weapon
1481,Zephyrus_,Zephyrus,Weapon
1482,BF_Lance1,Assaulter Lance,Weapon
1483,Ivory_Lance,Ivory Lance,Weapon
1484,Cardo,Cardo,Weapon
1485,Battle_Fork,Battle Fork,Weapon
1486,Krieger_Twohand_Spear1,Glorious Lance,Weapon
1487,Lance_C,Lance,Weapon
1488,Ahlspiess_C,Ahlspiess,Weapon
1489,Spearfish_,Marlin,Weapon
1490,Giant_Lance,Gigantic Lance,Weapon
1491,Upg_Lance,Upgrade Lance,Weapon
1492,Velum_Glaive,Vellum Glaive,Weapon
1493,Metal_Lance,Metal Lance,Weapon
1494,Undine_Spear,Spear Of Odin,Weapon
1495,TE_Woe_Lance,TE Woe Lance,Weapon
1496,Thanos_Long_Spear,Thanos Long Spear,Weapon
1497,Hell_Fire_S,Hellfire,Weapon
1498,Scarlet_Lance,Crimson Lance,Weapon
1499,Thanos_Long_Spear_J,Requiem Lance,Weapon
1501,Club,Club,Weapon
1502,Club_,Club,Weapon
1503,Club__,Club,Weapon
1504,Mace,Mace,Weapon
1505,Mace_,Mace,Weapon
1506,Mace__,Mace,Weapon
1507,Smasher,Smasher,Weapon
1508,Smasher_,Smasher,Weapon
1509,Smasher__,Smasher,Weapon
1510,Flail,Flail,Weapon
1511,Flail_,Flail,Weapon
1512,Flail__,Flail,Weapon
1513,Morning_Star,Morning Star,Weapon
1514,Morning_Star_,Morning Star,Weapon
1515,Morning_Star__,Morning Star,Weapon
1516,Sword_Mace,Sword Mace,Weapon
1517,Sword_Mace_,Sword Mace,Weapon
1518,Sword_Mace__,Sword Mace,Weapon
1519,Chain,Chain,Weapon
1520,Chain_,Chain,Weapon
1521,Chain__,Chain,Weapon
1522,Stunner,Stunner,Weapon
1523,Spike,Spike,Weapon
1524,Golden_Mace,Golden Mace,Weapon
1525,Long_Mace,Long Mace,Weapon
1526,Slash,Slash,Weapon
1527,Quadrille,Quadrille,Weapon
1528,Grand_Cross,Grand Cross,Weapon
1529,Iron_Driver,Iron Driver,Weapon
1530,Mjolnir,Mjolnir,Weapon
1531,Spanner,Wrench,Weapon
1532,Stunner_,Stunner,Weapon
1533,Warrior_Balmung,Warrior's Balmung,Weapon
1534,Spanner_C,Wrench,Weapon
1535,Hollgrehenn_Hammer,Hollgrehenn's Hammer,Weapon
1536,Good_Morning_Star,Good Morning Star,Weapon
1537,Quadrille_C,Refined Quadrille,Weapon
1538,Spike_,Spike,Weapon
1539,Golden_Mace_,Golden Mace,Weapon
1540,Grand_Cross_,Grand Cross,Weapon
1541,Nemesis,Nemesis,Weapon
1542,BF_Morning_Star1,Valorous Battlefield Morning Star,Weapon
1543,BF_Morning_Star2,Brave Battlefield Morning Star,Weapon
1544,Lunakaligo,Lunakaligo,Weapon
1545,N_Mace,Novice Mace,Weapon
1546,Krieger_Onehand_Mace1,Glorious Morning Star,Weapon
1547,Mace_Of_Madness,Mace Of Madness,Weapon
1548,Veteran_Hammer,Veteran Hammer,Weapon
1549,Pilebuncker,Pile Bunker,Weapon
1550,Book,Book,Weapon
1551,Bible,Bible,Weapon
1552,Tablet,Tablet,Weapon
1553,Book_Of_Billows,Book of Billows,Weapon
1554,Book_Of_Mother_Earth,Book of Mother Earth,Weapon
1555,Book_Of_Blazing_Sun,Book of the Blazing Sun,Weapon
1556,Book_Of_Gust_Of_Wind,Book of Gust of Wind,Weapon
1557,Book_Of_The_Apocalypse,Book of the Apocalypse,Weapon
1558,Girl's_Diary,Girl's Diary,Weapon
1559,Legacy_Of_Dragon,Legacy of Dragon,Weapon
1560,Diary_Of_Great_Sage,Sage's Diary,Weapon
1561,Hardback,Hardcover Book,Weapon
1562,Bible_Of_Battlefield,Battlefield Textbook,Weapon
1563,Diary_Of_Great_Sage_C,Sage's Diary,Weapon
1564,Encyclopedia,Encyclopedia,Weapon
1565,Death_Note,Ledger of Death,Weapon
1566,Diary_Of_Great_Basil,Diary Of Great Basil,Weapon
1567,Hardback_C,Refined Hardcover Book,Weapon
1568,Book_Of_Billows_,Book of Billows,Weapon
1569,Book_Of_Mother_Earth_,Book of Mother Earth,Weapon
1570,Book_Of_Blazing_Sun_,Book of Blazing Sun,Weapon
1571,Book_Of_Gust_Of_Wind_,Book of Gust of Wind,Weapon
1572,Principles_Of_Magic,Principles of Magic,Weapon
1573,Ancient_Magic,Ancient Magic,Weapon
1574,BF_Book1,Brave Battle Strategy Book,Weapon
1575,BF_Book2,Valorous Battle Strategy Book,Weapon
1576,Krieger_Book1,Glorious Tablet,Weapon
1577,Krieger_Book2,Glorious Apocalypse,Weapon
1578,Book_Of_Prayer,Book Of Prayer,Weapon
1579,Death_Note_M,Book of the Dead,Weapon
1580,Encyclopedia_C,Giant Encyclopedia,Weapon
1581,F_Diary_Of_Great_Sage_C,Diary Of Great Sage,Weapon
1582,E_Diary_Of_Great_Sage_C,Diary Of Great Sage,Weapon
1583,P_Dic1,Eden Book I,Weapon
1584,Chilly_Spell_Book,Cold Magic Book,Weapon
1585,Upg_Book,Upgrade Book,Weapon
1586,Velum_Bible,Vellum Bible,Weapon
1587,Velum_Encyclopedia,Vellum Great Encyclopedia,Weapon
1588,Metal_Book,Metal Book,Weapon
1589,Legacy_Of_Dragon_,Legacy of Dragon,Weapon
1590,Snake_Encyclopedia,Daizenshu Dakatsu,Weapon
1591,TE_Woe_Book,TE Woe Book,Weapon
1592,Thor_Pedigree_Book,Thunder Pedigree Book,Weapon
1593,Book_Of_Destiny,Book of Destiny,Weapon
1594,Fire_Pedigree_Book,Flame Pedigree Book,Weapon
1595,Ice_Pedigree_Book,Ice Pedigree Book,Weapon
1596,Earth_Pedigree_Book,Earth Pedigree Book,Weapon
1597,Half_BF_Book2,Half BF Book2,Weapon
1598,Snake_Encyclopedia_,Daizenshu Dakatsu,Weapon
1599,Angra_Manyu,Angra Manyu,Weapon
1600,Sinister_Rod,Vicious Mind Rod,Weapon
1601,Rod,Rod,Weapon
1602,Rod_,Rod,Weapon
1603,Rod__,Rod,Weapon
1604,Wand,Wand,Weapon
1605,Wand_,Wand,Weapon
1606,Wand__,Wand,Weapon
1607,Staff,Staff,Weapon
1608,Staff_,Staff,Weapon
1609,Staff__,Staff,Weapon
1610,Arc_Wand,Arc Wand,Weapon
1611,Arc_Wand_,Arc Wand,Weapon
1612,Arc_Wand__,Arc Wand,Weapon
1613,Mighty_Staff,Mighty Staff,Weapon
1614,Blessed_Wand,Wand of Occult,Weapon
1615,Bone_Wand,Evil Bone Wand,Weapon
1616,Staff_Of_Wing,Wing Staff,Weapon
1617,Survival_Rod,Survivor's Rod (Dex),Weapon
1618,Survival_Rod_,Survivor's Rod (Dex),Weapon
1619,Survival_Rod2,Survivor's Rod (Int),Weapon
1620,Survival_Rod2_,Survivor's Rod (Int),Weapon
1621,Hypnotist's_Staff,Hypnotist's Staff,Weapon
1622,Hypnotist's_Staff_,Hypnotist's Staff,Weapon
1623,Mighty_Staff_C,Mighty Staff,Weapon
1624,Lich_Bone_Wand,Lich's Bone Wand,Weapon
1625,Healing_Staff,Healing Staff,Weapon
1626,Piercing_Staff,Piercing Staff,Weapon
1627,Staffy,Staffy,Weapon
1628,Survival_Rod_C,Refined Survivor's Rod,Weapon
1629,Walking_Stick,Gentleman's Staff,Weapon
1630,Release_Of_Wish,Release of Wish,Weapon
1631,Holy_Stick,Holy Stick,Weapon
1632,BF_Staff1,Warlock's Magic Wand,Weapon
1633,BF_Staff2,Warlock's Battle Wand,Weapon
1634,BF_Staff3,Strong Recovery Wand,Weapon
1635,BF_Staff4,Speedy Recovery Wand,Weapon
1636,Thorn_Staff,Thorn Staff of Darkness,Weapon
1637,Eraser,Eraser,Weapon
1638,Healing_Staff_C,Staff Of Healing,Weapon
1639,N_Rod,Novice Rod,Weapon
1640,Krieger_Onehand_Staff1,Glorious Arc Wand,Weapon
1641,Krieger_Onehand_Staff2,Glorious Cure Wand,Weapon
1642,Staff_Of_Darkness,Staff Of Darkness,Weapon
1643,Dead_Tree_Cane,Dead Tree Cane,Weapon
1644,Piercing_Staff_M,Staff of Piercing,Weapon
1645,Lich_Bone_Wand_M,Lich's Bone Wand,Weapon
1646,La'cryma_Stick,La'cryma Stick,Weapon
1647,Croce_Staff,Croce Staff,Weapon
1648,Staff_Of_Bordeaux,Staff Of Bordeaux,Weapon
1649,Rafini_Staff,Laphine Staff,Weapon
1650,P_Staff1,Eden Staff I,Weapon
1651,P_Staff2,Eden Staff II,Weapon
1652,Tourist_Staff,Tourist Staff,Weapon
1653,Staff_Of_Healing_C,Staff of Healing,Weapon
1654,Mental_Stick,Mental Stick,Weapon
1655,Adventure_Staff,Adventure Staff,Weapon
1656,Academy_Wand,Academy Wand,Weapon
1657,Wand_Of_Affection,Wand Of Affection,Weapon
1658,P_Staff3,Eden Staff III,Weapon
1659,Recovery_Light,Light of Recovery,Weapon
1660,Wand_Of_Affection2,Empowered Wand Of Affection,Weapon
1661,Mental_Destroyer,Mental Destroyer,Weapon
1662,Bone_Wand_,Evil Bone Wand,Weapon
1663,Staff_Of_Bordeaux_,Staff Of Bordeaux,Weapon
1664,Thorn_Staff_,Thorn Staff of Darkness,Weapon
1665,Piercing_Staff_,Piercing Staff,Weapon
1666,Healing_Staff_,Healing Staff,Weapon
1667,TE_Woe_Staff,TE Woe Staff,Weapon
1668,Sword_Stick,Sword Stick,Weapon
1669,Thanos_Staff,Thanos Staff,Weapon
1670,RWC_Memory_Staff,RWC Memory Staff,Weapon
1671,Staff_Of_Evil_Slayer,Evil Slayer Vanquisher Staff,Weapon
1672,Safety_Rod,Safety Rod,Weapon
1673,Half_BF_Staff4,Half BF Staff4,Weapon
1674,Half_BF_Staff2,Half BF Staff2,Weapon
1675,Walking_Stick_,Gentleman's Staff,Weapon
1676,Baculum_Daemonicum,Baculum Daemonicum,Weapon
1677,Ru_Blue_Wand,Ru Blue Wand,Weapon
1678,Ru_Gold_Wand,Ru Gold Wand,Weapon
1679,Rafini_Staff_S,Laphine Staff,Weapon
1680,Scarlet_Rod,Crimson Rod,Weapon
1681,Newbie_Foxtail,Short Foxtail Staff,Weapon
1682,Shadow_Staff,Shadow Staff,Weapon
1683,Abundantly_Foxtail,Enriched Foxtail Staff,Weapon
1684,Long_Foxtail,Long Foxtail Staff,Weapon
1685,DragonFry_Foxtail,Dragonfly Sitting Foxtail Staff,Weapon
1686,BigSize_Foxtail,Large Foxtail Staff,Weapon
1687,Beginner_FoxTail,Beginner Foxtail Staff,Weapon
1688,Staff_of_Trust,Thunder Wand,Weapon
1689,Staff_of_Trust2,[Rental] Hunting Wand,Weapon
1690,Amazing_Foxtail,Mysterious Foxtail Staff,Weapon
1691,Strange_Foxtail,Strange God Foxtail Staff,Weapon
1692,Magical_Foxtail,Magical Foxtail Staff,Weapon
1693,Magical_Y_Foxtail,Magical Yellow Foxtail Staff,Weapon
1694,Model_Foxtail,Foxtail Model,Weapon
1695,Detail_Model_Foxtail,Fine Foxtail Replica,Weapon
1696,Ex_Model_Foxtail,Exquisite Foxtail Model,Weapon
1697,Ex_Y_Model_Foxtail,Exquisite Yellow Foxtail Model,Weapon
1698,Thanos_Staff_J,Requiem Arc Wand,Weapon
1699,P_Foxtail1,Eden Group Foxtail I,Weapon
1701,Bow,Bow,Weapon
1702,Bow_,Bow,Weapon
1703,Bow__,Bow,Weapon
1704,Composite_Bow,Composite Bow,Weapon
1705,Composite_Bow_,Composite Bow,Weapon
1706,Composite_Bow__,Composite Bow,Weapon
1707,Great_Bow,Great Bow,Weapon
1708,Great_Bow_,Great Bow,Weapon
1709,Great_Bow__,Great Bow,Weapon
1710,CrossBow,Crossbow,Weapon
1711,CrossBow_,Crossbow,Weapon
1712,CrossBow__,Crossbow,Weapon
1713,Arbalest,Arbalest,Weapon
1714,Kakkung,Gakkung Bow,Weapon
1715,Arbalest_,Arbalest,Weapon
1716,Kakkung_,Gakkung Bow,Weapon
1718,Hunter_Bow,Hunter Bow,Weapon
1719,Bow_Of_Roguemaster,Roguemaster's Bow,Weapon
1720,Bow_Of_Rudra,Rudra Bow,Weapon
1721,Repeting_CrossBow,Repeating Crossbow,Weapon
1722,Balistar,Ballista,Weapon
1723,Luna_Bow,Luna Bow,Weapon
1724,Dragon_Wing,Dragon Wing,Weapon
1725,Bow_Of_Minstrel,Minstrel Bow,Weapon
1726,Hunter_Bow_,Hunter Bow,Weapon
1727,Balistar_,Ballista,Weapon
1728,Balistar_C,Ballista,Weapon
1729,Bow_Of_Rudra_C,Rudra Bow,Weapon
1730,Burning_Bow,Burning Bow,Weapon
1731,Frozen_Bow,Frozen Bow,Weapon
1732,Earth_Bow,Earth Bow,Weapon
1733,Gust_Bow,Gust Bow,Weapon
1734,Orc_Archer_Bow,Orc Archer Bow,Weapon
1735,Kkakkung,Kkakkung,Weapon
1736,Double_Bound,Double Bound,Weapon
1737,Ixion_Wing,Ixion Wings,Weapon
1738,BF_Bow1,Valorous Battle CrossBow,Weapon
1739,BF_Bow2,Brave Battle CrossBow,Weapon
1740,Nepenthes_Bow,Nepenthes Bow,Weapon
1741,Cursed_Lyre,Cursed Lyre,Weapon
1742,N_Composite_Bow,Novice Composite Bow,Weapon
1743,Krieger_Bow1,Glorious Hunter Bow,Weapon
1744,Bow_Of_Evil,Bow Of Evil,Weapon
1745,Falken_Blitz,Falken Blitz,Weapon
1746,Elven_Bow,Elven Bow,Weapon
1747,P_Bow1,Eden Bow I,Weapon
1748,P_Bow2,Eden Bow II,Weapon
1749,Tourist_Bow,Tourist Bow,Weapon
1800,Sinister_Fist,Vicious Mind Knuckle,Weapon
1801,Waghnakh,Waghnak,Weapon
1802,Waghnakh_,Waghnak,Weapon
1803,Knuckle_Duster,Knuckle Dusters,Weapon
1804,Knuckle_Duster_,Knuckle Dusters,Weapon
1805,Hora,Studded Knuckles,Weapon
1806,Hora_,Studded Knuckles,Weapon
1807,Fist,Fist,Weapon
1808,Fist_,Fist,Weapon
1809,Claw,Claw,Weapon
1810,Claw_,Claw,Weapon
1811,Finger,Finger,Weapon
1812,Finger_,Finger,Weapon
1813,Kaiser_Knuckle,Kaiser Knuckle,Weapon
1814,Berserk,Berserk,Weapon
1815,Claw_Of_Garm,Hatii Claw,Weapon
1816,Berserk_,Berserk,Weapon
1817,Kaiser_Knuckle_C,Kaiser Knuckle,Weapon
1818,Magma_Fist,Magma Fist,Weapon
1819,Icicle_Fist,Icicle Fist,Weapon
1820,Electric_Fist,Electric Fist,Weapon
1821,Seismic_Fist,Seismic Fist,Weapon
1822,Combo_Battle_Glove,Combo Battle Glove,Weapon
1823,BF_Knuckle1,Valorous Battle Fist,Weapon
1824,BF_Knuckle2,Brave Battle Fist,Weapon
1825,Horn_Of_Hilthrion,Horn of Hillslion,Weapon
1826,Krieger_Knuckle1,Glorious Claw,Weapon
1827,Krieger_Knuckle2,Glorious Fist,Weapon
1828,Monk_Knuckle,Monk Knuckle,Weapon
1829,Fist_C,Fist,Weapon
1830,Sura_Rampage,Sura Rampage,Weapon
1831,P_Knuckle1,Eden Knuckle I,Weapon
1832,Velum_Claw,Vellum Claw,Weapon
1833,Claw_Of_Flash,Claw of Flash,Weapon
1834,TE_Woe_Fist,TE Woe Fist,Weapon
1835,Spartacus,Spartacus,Weapon
1836,Thanos_Knuckle,Thanos Knuckle,Weapon
1837,Iron_nail,Iron Nail,Weapon
1838,Half_BF_Knuckle1,Half BF Knuckle1,Weapon
1839,Scarlet_Knuckle,Crimson Knuckles,Weapon
1840,Thanos_Knuckle_J,Requiem Knuckle,Weapon
1841,Claw_Of_Flash_,Claw of Flash,Weapon
1842,Diva_Claw,Diva Claw,Weapon
1843,Mirage_Claw,Mirage Claw,Weapon
1844,Sinister_Fist_J,Fist of Evil,Weapon
1845,Probation_Knuckle,Trial Sura's Knuckle,Weapon
1846,Combo_Battle_Glove_IL,Illusion Combo Battle Glove,Weapon
1847,Iron_Nail_K,Iron Nail,Weapon
1848,Rebeginer_SR_Nuckle,Beginner Sura's Knuckle,Weapon
1857,Local01_Claw,Earth Dragon Claw,Weapon
1858,Local02_Claw,Yinyang Claw,Weapon
1859,Woe_Pist1_Z,Lesser Guild Member's Fist,Weapon
1861,Variant_Claw,Abyss Claw,Weapon
1862,Burning_Knuckle_OS,Burning Knuckle-OS,Weapon
1864,Evt_Iron_Nail_K,Sealed Iron Nail,Weapon
1865,Combo_Fist,Raging Dragon Fist,Weapon
1866,Asura_Bandage,Dedicated Bandage,Weapon
1867,Ein_1HKNUCK,Safety Knuckle,Weapon
1868,Combo_Fist_J,Fierce Dragon Fighting,Weapon
1869,Asura_Bandage_J,Fighting God's Vantage,Weapon
1870,R_Knuckle,Royal Knuckle,Weapon
1871,Bauxite_Knuckle_EXE,Bauxite Knuckle,Weapon
1872,Knuckle_Of_Infinite,Knuckle of Infinite,Weapon
1873,Comp_Iron_Nail_K,[Not For Sale] Iron Nail,Weapon
1900,Sinister_Viollin,Vicious Mind Violin,Weapon
1901,Violin,Violin,Weapon
1902,Violin_,Violin,Weapon
1903,Mandolin,Mandolin,Weapon
1904,Mandolin_,Mandolin,Weapon
1905,Lute,Lute,Weapon
1906,Lute_,Lute,Weapon
1907,Guitar,Guitar,Weapon
1908,Guitar_,Guitar,Weapon
1909,Harp,Harp,Weapon
1910,Harp_,Harp,Weapon
1911,Guh_Moon_Goh,Gumoongoh,Weapon
1912,Guh_Moon_Goh_,Gumoongoh,Weapon
1913,Electronic_Guitar,Electric Guitar,Weapon
1914,Guitar_Of_Passion,Burning Passion Guitar,Weapon
1915,Guitar_Of_Blue_Solo,Loner's Guitar,Weapon
1916,Guitar_Of_Vast_Land,Green Acre Guitar,Weapon
1917,Guitar_Of_Gentle_Breeze,Gentle Breeze Guitar,Weapon
1918,Oriental_Lute,Oriental Lute,Weapon
1919,Base_Guitar,Bass Guitar,Weapon
1920,Berserk_Guitar,Berserk Guitar,Weapon
1921,Guh_Moon_Gom,Gun Moon Gom,Weapon
1922,Oriental_Lute_,Oriental Lute,Weapon
1923,BF_Instrument1,Valorous Battlefield Guitar,Weapon
1924,BF_Instrument2,Brave Battlefield Guitar,Weapon
1925,Cello,Cello,Weapon
1926,Harp_Of_Nepenthes,Harp of Nepenthes,Weapon
1927,Krieger_Instrument1,Glorious Guitar,Weapon
1928,Berserk_Guitar_I,Spirited Guitar,Weapon
1929,Guitar_C,Guitar,Weapon
1930,Green_Whistle,Green Whistle,Weapon
1931,P_String_Inst1,Eden Guitar I,Weapon
1932,TE_Woe_Guitar,TE Woe Guitar,Weapon
1933,Thanos_Violin,Thanos Violin,Weapon
1934,Contabass,Contrabass,Weapon
1935,Ukulele_Of_Newoz,Oz's New Ukulele,Weapon
1936,Ru_Blue_Violin,Ru Blue Violin,Weapon
1937,Ru_Gold_Violin,Ru Gold Violin,Weapon
1938,Viollin_Of_Infinite,Infinity Violin,Weapon
1939,Scarlet_Viollin,Crimson Violin,Weapon
1940,Trumpet_Shell,Trumpet Shell,Weapon
1941,Union_Viollin,Unity Violin,Weapon
1942,Thanos_Violin_J,Requiem Violin,Weapon
1943,Erhu,Erhu,Weapon
1944,Hippie_Guitar,Hippie Guitar,Weapon
1945,Diva_Viollin,Diva Viollin,Weapon
1946,Mirage_Viollin,Mirage Viollin,Weapon
1947,Sinister_Viollin_J,Violin of Evil,Weapon
1948,Hippie_Guitar_J,Hippie Guitar,Weapon
1949,2nd_Job_Weapon12,Bard Guild Violin,Weapon
1950,Rope,Rope,Weapon
1951,Rope_,Rope,Weapon
1952,Line,Whip,Weapon
1953,Line_,Whip,Weapon
1954,Wire,Wire Whip,Weapon
1955,Wire_,Wire Whip,Weapon
1956,Rante,Rante Whip,Weapon
1957,Rante_,Rante Whip,Weapon
1958,Tail,Tail Whip,Weapon
1959,Tail_,Tail Whip,Weapon
1960,Whip,Whip,Weapon
1961,Whip_,Whip,Weapon
1962,Lariat,Lariat Whip,Weapon
1963,Rapture_Rose,Rapture Rose,Weapon
1964,Chemeti,Chemeti Whip,Weapon
1965,Whip_Of_Red_Flame,Red Flame Whip,Weapon
1966,Whip_Of_Ice_Piece,Icicle Whip,Weapon
1967,Whip_Of_Earth,Gaia Whip,Weapon
1968,Jump_Rope,Skipping Rope,Weapon
1969,Bladed_Whip,Blade Whip,Weapon
1970,Queen's_Whip,Queen's Whip,Weapon
1971,Electric_Wire,Electric Wire,Weapon
1972,Electric_Eel,Electric Eel,Weapon
1973,Sea_Witch_Foot,Sea Witch's Foot,Weapon
1974,Carrot_Whip,Carrot Whip,Weapon
1975,Queen_Is_Whip,Queen Is Whip,Weapon
1976,Queen's_Whip_,Queen's Whip,Weapon
1977,BF_Whip1,Valorous Battle Lariat,Weapon
1978,BF_Whip2,Brave Battle Lariat,Weapon
1979,Stem_Of_Nepenthes,Stem of Nepenthes,Weapon
1980,Whip_Of_Balance,Whip of Balance,Weapon
1981,Krieger_Whip1,Glorious Lariat,Weapon
1982,Phenomena_Whip,Phenomena Whip,Weapon
1983,Rante_C,Rante Whip,Weapon
1984,Stem_Whip,Stem Whip,Weapon
1985,Rosebine,Rosebine,Weapon
1986,P_Tail1,Eden Tail I,Weapon
1987,TE_Woe_Rope,TE Woe Rope,Weapon
1988,Thanos_Whip,Thanos Whip,Weapon
1989,Gymnastics_Ribbon,Rhythmic Gymnastics Ribbon,Weapon
1990,Floral_Mic_Of_Igu,Floral Mic Of Aigu,Weapon
1991,Ru_Blue_Whip,Ru Blue Whip,Weapon
1992,Ru_Gold_Whip,Ru Gold Whip,Weapon
1993,Concertina_Wire,Barbed Wire,Weapon
1994,Whip_Of_Infinite,Infinity Whip,Weapon
1995,Scarlet_Wire,Crimson Whip,Weapon
1996,Sinister_Wire,Vicious Mind Wire,Weapon
1997,Union_Wire,Unity Whip,Weapon
1998,Thanos_Whip_J,Requiem Blade Whip,Weapon
1999,Moonlight_Bell,Phantom Bell,Weapon
2000,Destruction_Rod,Staff of Destruction,Weapon
2001,Divine_Cross,Divine Cross,Weapon
2002,Krieger_Twohand_Staff1,Glorious Destruction Staff,Weapon
2003,Destruction_Rod_M,Staff of Destruction,Weapon
2004,Kronos,Kronos,Weapon
2005,Dea_Staff,Dea Staff,Weapon
2006,G_Staff_Of_Light,Staff Of Light,Weapon
2007,Golden_Rod_Staff,Golden Rod Staff,Weapon
2008,Aqua_Staff,Aqua Staff,Weapon
2009,Crimson_Staff,Crimson Staff,Weapon
2010,Forest_Staff,Forest Staff,Weapon
2011,Golden_Rod_Staff2,Empowered Golden Rod Staff,Weapon
2012,Aqua_Staff2,Empowered Aqua Staff,Weapon
2013,Crimson_Staff2,Empowered Crimson Staff,Weapon
2014,Forest_Staff2,Empowered Forest Staff,Weapon
2015,Upg_Staff,Upgrade Staff,Weapon
2016,Velum_Arc_Wand,Vellum Arc Wand,Weapon
2017,Divine_Cross_,Divine Cross,Weapon
2018,Metal_Staff,Metal Staff,Weapon
2019,TE_Woe_Two_Hand_Staff,TE Woe Two Hand Staff,Weapon
2020,Jormungand,Jormungand,Weapon
2021,Ganbantein,Ganbantein,Weapon
2022,Staff_Of_Geffen,Staff of Geffen,Weapon
2023,Thanos_Rod,Thanos Two-Handed Staff,Weapon
2024,D_Staff_Of_Infinite,Infinity Two-Handed Staff,Weapon
2025,Scarlet_Staff,Crimson Two-Handed Staff,Weapon
2026,Sinister_Staff,Vicious Mind Staff,Weapon
2027,Staff_170,Sunflower Kid,Weapon
2028,Aion_Staff,Iron Staff,Weapon
2029,TStaff_Of_E_Slayer_J,Devil God's Staff,Weapon
2030,Union_Twohand_Staff,Unity Two-Handed Staff,Weapon
2031,Tw_Staff_Of_Malang_J,Cat's cane - Swordfish,Weapon
2032,Thanos_Rod_J,Requiem Wizardry Staff,Weapon
2033,Toughen_Metal_Staff,Enhanced Metal Staff,Weapon
2034,Avenger_Wizardy_Staff,Avenger Wizard Staff,Weapon
2035,Diva_Staff,Diva Staff,Weapon
2036,Mirage_Staff,Mirage Staff,Weapon
2037,Sinister_Staff_J,Staff of Evil,Weapon
2038,Staff_170_J,Sunflower Kid,Weapon
2039,Wizardy_Staff_IL,Illusion Wizardry Staff,Weapon
2040,Probation_Staff,Trial Warlock's Staff,Weapon
2041,Jirant_Staff,Flame Thunder Witch's Wand,Weapon
2042,Neev_Wizardy_Staff,Neev Wizardy Staff,Weapon
2043,Neev_Arc_Wand,Neev Arc Wand,Weapon
2044,Neev_Holy_Stick,Neev Holy Stick,Weapon
2045,Neev_Divine_Cross,Neev Divine Cross,Weapon
2046,Rebeginer_WL_Staff,Beginner Warlock's Staff,Weapon
2047,Jirant_Staff_BR,Witch's Staff,Weapon
2048,Iron_Staff,Aeon Staff,Weapon
2049,Staff_Of_Blue_Flame,Blue Flame Cane,Weapon
2050,2nd_Job_Weapon8,Wizard Guild Staff,Weapon
2051,Survival_Staff_IL,Illusion Survivor's Staff,Weapon
2052,Woe_T_Staff1_Z,Lesser Guild Member's Destruction Staff,Weapon
2053,Variant_Staff,Abyss Staff,Weapon
2054,Evt_Iron_Staff,Sealed Aeon Staff,Weapon
2055,Staff_Of_Miracle,Staff of Miracle,Weapon
2056,Gravitation_Staff,Gravitation Staff,Weapon
2057,Adorare_Staff,Adorare Staff,Weapon
2058,Ein_BHSTAFF,Detecting Staff,Weapon
2059,Survival_Staff_IL_J,Illusion Survivor's Staff,Weapon
2060,R_Magician_Staff,Royal Magician Staff,Weapon
2061,Staff_Of_Miracle_J,Staff of Miracle,Weapon
2062,Gravitation_Staff_J,Gravitation Staff,Weapon
2063,Adorare_Staff_J,Wand of Worship,Weapon
2064,Comp_Iron_Staff,[Not For Sale] Aeon Staff,Weapon
2101,Guard,Guard,Armor
2102,Guard_,Guard,Armor
2103,Buckler,Buckler,Armor
2104,Buckler_,Buckler,Armor
2105,Shield,Shield,Armor
2106,Shield_,Shield,Armor
2107,Mirror_Shield,Mirror Shield,Armor
2108,Mirror_Shield_,Mirror Shield,Armor
2109,Memorize_Book,Memory Book,Armor
2110,Holy_Guard,Holy Guard,Armor
2111,Herald_Of_GOD,Sacred Mission,Armor
2112,Novice_Guard,Novice Guard,Armor
2113,Novice_Shield,Novice Shield,Armor
2114,Stone_Buckler,Stone Buckler,Armor
2115,Valkyrja's_Shield,Valkyrja's Shield,Armor
2116,Angel's_Safeguard,Angelic Guard,Armor
2117,Arm_Guard,Arm Guard,Armor
2118,Arm_Guard_,Arm Guard,Armor
2119,Improved_Arm_Guard,Advanced Arm Guard,Armor
2120,Improved_Arm_Guard_,Advanced Arm Guard,Armor
2121,Memorize_Book_,Memory Book,Armor
2122,Platinum_Shield,Platinum Shield,Armor
2123,Orleans_Server,Orleans's Server,Armor
2124,Thorny_Buckler,Thorny Buckler,Armor
2125,Strong_Shield,Strong Shield,Armor
2126,Guyak_Shield,Guyak Shield,Armor
2127,Secular_Mission,Secular Mission,Armor
2128,Herald_Of_GOD_,Sacred Mission,Armor
2129,Exorcism_Bible,Exorcism Bible,Armor
2130,Cross_Shield,Cross Shield,Armor
2131,Magic_Study_Vol1,Magic Bible Vol1,Armor
2132,Shelter_Resistance,Shell Of Resistance,Armor
2133,Tournament_Shield,Tournament Shield,Armor
2134,Shield_Of_Naga,Shield of Naga,Armor
2135,Shadow_Guard,Shadow Guard,Armor
2136,Cracked_Buckler,Cracked Buckler,Armor
2137,Valkyrja's_Shield_C,Neo Valkyrja's Shield,Armor
2138,Bradium_Shield,Bradium Shield,Armor
2139,Flame_Thrower,Flame Thrower,Armor
2140,Energy_Rune_Guard,Energy Rune Guard,Armor
2141,Freyja_SShield7,Freyja Spirit Shield,Armor
2142,Freyja_SShield30,Freyja Spirit Shield,Armor
2143,Freyja_SShield60,Freyja Spirit Shield,Armor
2144,Freyja_SShield90,Freyja Spirit Shield,Armor
2145,Time_Keepr_Shield,Time Keeper Shield,Armor
2146,Siver_Guard,Silver Guard,Armor
2147,Round_Buckler,Round Buckleer,Armor
2148,Rotha_Shield,Rosa Shield,Armor
2149,Upg_Guard,Upgrade Guard,Armor
2150,Upg_Buckler,Upgrade Buckler,Armor
2151,Upg_Shield,Upgrade Shield,Armor
2152,Anti_Demon_Shield_C,Anti-Demon Shield,Armor
2153,Imperial_Guard,Imperial Guard,Armor
2154,Toy_Shield,Toy Shield,Armor
2155,Academy_Shield,Academy Shield,Armor
2156,Bible_Of_Promise1,Bible of Promise(1st Vol.),Armor
2157,Insecticide,Pesticide,Armor
2158,Ramor_Shield_Undead,Ramor Shield,Armor
2159,Sharel_Shield,Sharel Shield,Armor
2160,Giant_Shield,Giant Shield,Armor
2161,Geffenia_Book_Water,Geffenia Tomb of Water,Armor
2162,Bible_Of_Promise2,Bible of Promise(2nd Vol.),Armor
2163,Flow_Shield,Flow Shield,Armor
2164,Sombre_Shield,Sombre Shield,Armor
2165,Sol_Shield,Sol Shield,Armor
2166,Exorcism_Bible_,Devil's Bible Drive,Armor
2167,Poison_Shield,Poison Shield,Armor
2168,Immuned_Shield,Immune Shield,Armor
2169,Kalasak,Kalasag,Armor
2170,Bayani_Kalasak,Bayani Kalasag,Armor
2171,Fox_Armguard,Fox Wrist Guard,Armor
2172,Wolf_Armguard,Wolf Wrist Guard,Armor
2173,Crescent_Armguard,Crescent Wrist Guard,Armor
2174,Lumiere_Shield,Lumiere Shield,Armor
2175,Esprit_Shield,Esprit Shield,Armor
2176,Dark_Book,Black Book,Armor
2177,Shield_Of_Death,Shield Of Death,Armor
2178,TE_Woe_Buckler,TE Woe Buckler,Armor
2179,TE_Woe_Shield,TE Woe Shield,Armor
2180,TE_Woe_Magic_Guard,TE Woe Magic Guard,Armor
2181,Hervor,Hervor,Armor
2182,Hervor_Alvitr,Hervor Alvitr,Armor
2183,Impr_Angel's_Safeguard,Advanced Angelic Guard,Armor
2184,Bunker_Shield,Bunker Shield,Armor
2185,Magic_Reflector,Magic Reflect,Armor
2186,Encyclopedia_Revision,Revised Encyclopedia,Armor
2187,Shield_Of_Gray,Shield of Gray,Armor
2188,Svalinn_J,Svalinn,Armor
2189,Mad_Bunny,Mad Bunny Shield,Armor
2190,Ancient_Shield_Of_Aeon,Ancient Shield Of Aeon,Armor
2191,Solomon_Key,Solomon's Key,Armor
2192,Rose_Of_Eden,Rose of Eden,Armor
2193,Fallen_Angel_Shield,Fallen Angel Shield,Armor
2194,Rouban_Shield,Levain Shield,Armor
2195,Lian_Shield,Lian Shield,Armor
2196,White_Gold_Shield,White Gold Shield,Armor
2197,Iron_Shield,Iron Shield,Armor
2198,Lapine_Shield,Lapine Shield,Armor
2199,Ahura_Mazda,Ahura Mazdah,Armor
2201,Sunglasses,Sunglasses,Armor
2202,Sunglasses_,Sunglasses,Armor
2203,Glasses,Glasses,Armor
2204,Glasses_,Glasses,Armor
2205,Diver's_Goggles,Diver Goggles,Armor
2206,Wedding_Veil,Wedding Veil,Armor
2207,Fancy_Flower,Fancy Flower,Armor
2208,Ribbon,Ribbon,Armor
2209,Ribbon_,Ribbon,Armor
2210,Hair_Band,Hair Band,Armor
2211,Bandana,Bandana,Armor
2212,Eye_Bandage,Eye Patch,Armor
2213,Cat_Hairband,Kitty Band,Armor
2214,Bunny_Band,Bunny Band,Armor
2215,Flower_Hairband,Flower Band,Armor
2216,Biretta,Biretta,Armor
2217,Biretta_,Biretta,Armor
2218,Flu_Mask,Flu Mask,Armor
2219,Flu_Mask_,Flu Mask,Armor
2220,Hat,Hat,Armor
2221,Hat_,Hat,Armor
2222,Turban,Turban,Armor
2223,Turban_,Turban,Armor
2224,Goggle,Goggles,Armor
2225,Goggle_,Goggles,Armor
2226,Cap,Cap,Armor
2227,Cap_,Cap,Armor
2228,Helm,Helm,Armor
2229,Helm_,Helm,Armor
2230,Gemmed_Sallet,Gemmed Sallet,Armor
2231,Gemmed_Sallet_,Gemmed Sallet,Armor
2232,Circlet,Circlet,Armor
2233,Circlet_,Circlet,Armor
2234,Tiara,Tiara,Armor
2235,Crown,Crown,Armor
2236,Santa's_Hat,Santa Hat,Armor
2237,Weird_Goatee,Bandit Beard,Armor
2238,Weird_Moustache,Moustache,Armor
2239,One_Eyed_Glass,Monocle,Armor
2240,Beard,Beard,Armor
2241,Granpa_Beard,Grampa Beard,Armor
2242,Luxury_Sunglasses,Purple Glasses,Armor
2243,Spinning_Eyes,Geek Glasses,Armor
2244,Big_Sis'_Ribbon,Big Ribbon,Armor
2245,Sweet_Gents,Sweet Gent,Armor
2246,Golden_Gear,Golden Gear,Armor
2247,Oldman's_Romance,Romantic Gent,Armor
2248,Western_Grace,Western Grace,Armor
2249,Coronet,Coronet,Armor
2250,Fillet,Cute Ribbon,Armor
2251,Holy_Bonnet,Monk Hat,Armor
2252,Star_Sparkling,Wizard Hat,Armor
2253,Sunflower,Sunflower,Armor
2254,Angelic_Chain,Angel Wing,Armor
2255,Satanic_Chain,Evil Wing,Armor
2256,Magestic_Goat,Majestic Goat,Armor
2257,Snowy_Horn,Unicorn Horn,Armor
2258,Sharp_Gear,Spiky Band,Armor
2259,Mini_Propeller,Mini Propeller,Armor
2260,Mini_Glasses,Mini Glasses,Armor
2261,Prontera_Army_Cap,Army Cap,Armor
2262,Pierrot_Nose,Clown Nose,Armor
2263,Gangster_Patch,Zorro Masque,Armor
2264,Munak_Turban,Munak Hat,Armor
2265,Ganster_Mask,Gangster Mask,Armor
2266,Iron_Cane,Iron Cain,Armor
2267,Cigar,Cigarette,Armor
2268,Smoking_Pipe,Pipe,Armor
2269,Centimental_Flower,Romantic Flower,Armor
2270,Centimental_Leaf,Romantic Leaf,Armor
2271,Jack_A_Dandy,Jack be Dandy,Armor
2272,Stop_Post,Stop Post,Armor
2273,Doctor_Cap,Doctor Band,Armor
2274,Ghost_Bandana,Ghost Bandana,Armor
2275,Red_Bandana,Red Bandana,Armor
2276,Eagle_Eyes,Angled Glasses,Armor
2277,Nurse_Cap,Nurse Cap,Armor
2278,Mr_Smile,Mr. Smile,Armor
2279,Bomb_Wick,Bomb Wick,Armor
2280,Sahkkat,Sakkat,Armor
2281,Phantom_Of_Opera,Opera Masque,Armor
2282,Spirit_Chain,Halo,Armor
2283,Ear_Mufs,Ear Muffs,Armor
2284,Antler,Antlers,Armor
2285,Apple_Of_Archer,Apple of Archer,Armor
2286,Elven_Ears,Elven Ears,Armor
2287,Pirate_Bandana,Pirate Bandana,Armor
2288,Mr_Scream,Mr. Scream,Armor
2289,Poo_Poo_Hat,Poo Poo Hat,Armor
2290,Funeral_Costume,Funeral Hat,Armor
2291,Masquerade,Masquerade,Armor
2292,Welding_Mask,Welding Mask,Armor
2293,Pretend_Murdered,Pretend Murdered,Armor
2294,Star_Dust,Stellar,Armor
2295,Blinker,Blinker,Armor
2296,Binoculars,Binoculars,Armor
2297,Goblini_Mask,Goblin Mask,Armor
2298,Green_Feeler,Green Feeler,Armor
2299,Viking_Helm,Orc Helm,Armor
2301,Cotton_Shirt,Cotton Shirt,Armor
2302,Cotton_Shirt_,Cotton Shirt,Armor
2303,Leather_Jacket,Jacket,Armor
2304,Leather_Jacket_,Jacket,Armor
2305,Adventure_Suit,Adventurer's Suit,Armor
2306,Adventurere's_Suit_,Adventurer's Suit,Armor
2307,Mantle,Mantle,Armor
2308,Mantle_,Mantle,Armor
2309,Coat,Coat,Armor
2310,Coat_,Coat,Armor
2311,Mink_Coat,Mink Coat,Armor
2312,Padded_Armor,Padded Armor,Armor
2313,Padded_Armor_,Padded Armor,Armor
2314,Chain_Mail,Chain Mail,Armor
2315,Chain_Mail_,Chain Mail,Armor
2316,Plate_Armor,Full Plate,Armor
2317,Plate_Armor_,Full Plate,Armor
2318,Clothes_Of_The_Lord,Lord's Clothes,Armor
2319,Glittering_Clothes,Glittering Jacket,Armor
2320,Formal_Suit,Formal Suit,Armor
2321,Silk_Robe,Silk Robe,Armor
2322,Silk_Robe_,Silk Robe,Armor
2323,Scapulare,Scapulare,Armor
2324,Scapulare_,Scapulare,Armor
2325,Saint_Robe,Saint's Robe,Armor
2326,Saint_Robe_,Saint's Robe,Armor
2327,Holy_Robe,Holy Robe,Armor
2328,Wooden_Mail,Wooden Mail,Armor
2329,Wooden_Mail_,Wooden Mail,Armor
2330,Tights,Tights,Armor
2331,Tights_,Tights,Armor
2332,Silver_Robe,Silver Robe,Armor
2333,Silver_Robe_,Silver Robe,Armor
2334,Mage_Coat,Mage Coat,Armor
2335,Thief_Clothes,Thief Clothes,Armor
2336,Thief_Clothes_,Thief Clothes,Armor
2337,Ninja_Suit,Ninja Suit,Armor
2338,Wedding_Dress,Wedding Dress,Armor
2339,G_Strings,Pantie,Armor
2340,Novice_Breast,Novice Breastplate,Armor
2341,Full_Plate_Armor,Legion Plate Armor,Armor
2342,Full_Plate_Armor_,Legion Plate Armor,Armor
2343,Robe_Of_Casting,Robe of Cast,Armor
2344,Flame_Sprits_Armor,Lucius's Fierce Armor of Volcano,Armor
2345,Flame_Sprits_Armor_,Lucius's Fierce Armor of Volcano,Armor
2346,Water_Sprits_Armor,Saphien's Armor of Ocean,Armor
2347,Water_Sprits_Armor_,Saphien's Armor of Ocean,Armor
2348,Wind_Sprits_Armor,Aebecee's Raging Typhoon Armor,Armor
2349,Wind_Sprits_Armor_,Aebecee's Raging Typhoon Armor,Armor
2350,Earth_Sprits_Armor,Claytos Cracking Earth Armor,Armor
2351,Earth_Sprits_Armor_,Claytos Cracking Earth Armor,Armor
2352,Novice_Plate,Tattered Novice Ninja Suit,Armor
2353,Odin's_Blessing,Odin's Blessing,Armor
2354,Goibne's_Armor,Goibne's Armor,Armor
2355,Angel's_Protection,Angelic Protection,Armor
2356,Vestment_Of_Grace,Blessed Holy Robe,Armor
2357,Valkyrie_Armor,Valkyrian Armor,Armor
2358,Dress_Of_Angel,Angel's Dress,Armor
2359,Ninja_Suit_,Ninja Suit,Armor
2360,Robe_Of_Casting_,Robe of Cast,Armor
2361,Blue_Aodai,Blue Robe,Armor
2362,Red_Aodai,Red Robe,Armor
2363,White_Aodai,White Robe,Armor
2364,Meteo_Plate_Armor,Meteo Plate Armor,Armor
2365,Orleans_Gown,Orleans's Gown,Armor
2366,Divine_Cloth,Divine Cloth,Armor
2367,Sniping_Suit,Sniping Suit,Armor
2368,Golden_Armor,Golden Armor,Armor
2369,Freyja_Overcoat,Freyja Overcoat,Armor
2370,Used_Mage_Coat,Used Mage Coat,Armor
2371,G_Strings_,Pantie,Armor
2372,Mage_Coat_,Mage Coat,Armor
2373,Holy_Robe_,Holy Robe,Armor
2374,Diabolus_Robe,Diabolus Robe,Armor
2375,Diabolus_Armor,Diabolus Armor,Armor
2376,Assaulter_Plate,Assaulter Plate,Armor
2377,Elite_Engineer_Armor,Elite Engineer Armor,Armor
2378,Assassin_Robe,Assassin Robe,Armor
2379,Warlock_Battle_Robe,Warlock's Battle Robe,Armor
2380,Medic_Robe,Medic's Robe,Armor
2381,Elite_Archer_Suit,Elite Archer Suit,Armor
2382,Elite_Shooter_Suit,Elite Shooter Suit,Armor
2383,Brynhild,Brynhild,Armor
2384,Spritual_Tunic,Spiritual Tunic,Armor
2385,Recuperative_Armor,Recuperative Armor,Armor
2386,Chameleon_Armor,Chameleon Armor,Armor
2387,Sprint_Mail,Sprint Mail,Armor
2388,Kandura,Kandura,Armor
2389,Armor_Of_Naga,Armor of Naga,Armor
2390,Improved_Tights,Improved Tights,Armor
2391,Life_Link,Life Link,Armor
2392,Old_Pant,Old Green Pantie,Armor
2393,N_Adventurer's_Suit,Novice Adventurer's Suit,Armor
2394,Krieger_Suit1,Glorious Suit,Armor
2395,Krieger_Suit2,Glorious Popularized Suit,Armor
2396,Krieger_Suit3,Glorious Mass-Production Suit,Armor
2397,Incredible_Coat,Incredible Event Resignation Coat,Armor
2398,Sniping_Suit_M,Sniping Suit,Armor
2399,Dragon_Vest,Dragon Vest,Armor
2400,Pollux_Shoes_J,Pollux Shoes,Armor
2401,Sandals,Sandals,Armor
2402,Sandals_,Sandals,Armor
2403,Shoes,Shoes,Armor
2404,Shoes_,Shoes,Armor
2405,Boots,Boots,Armor
2406,Boots_,Boots,Armor
2407,Chrystal_Pumps,Crystal Pumps,Armor
2408,Cuffs,Shackles,Armor
2409,Spiky_Heel,High Heels,Armor
2410,Sleipnir,Sleipnir,Armor
2411,Grave,Greaves,Armor
2412,Grave_,Greaves,Armor
2413,Safty_Boots,Safety Boots,Armor
2414,Novice_Boots,Novice Slippers,Armor
2415,Slipper,Bunny Slipper,Armor
2416,Novice_Shoes,Novice Shoes,Armor
2417,Fricco_Shoes,Fricco's Shoes,Armor
2418,Vidar's_Boots,Vidar's Boots,Armor
2419,Goibne's_Combat_Boots,Goibne's Greaves,Armor
2420,Angel's_Arrival,Angel's Reincarnation,Armor
2421,Valkyrie_Shoes,Valkyrian Shoes,Armor
2422,High_Fashion_Sandals,High Fashion Sandals,Armor
2423,Variant_Shoes,Variant Shoes,Armor
2424,Tidal_Shoes,Tidal Shoes,Armor
2425,Black_Leather_Boots,Black Leather Boots,Armor
2426,Shadow_Walk,Shadow Walk,Armor
2427,Golden_Shoes,Golden Shoes,Armor
2428,Freyja_Boots,Freyja Boots,Armor
2429,Iron_Boots01,Iron Boots,Armor
2430,Iron_Boots02,Iron Boots,Armor
2431,Valley_Shoes,Valley Shoes,Armor
2432,Spiky_Heel_,High Heels,Armor
2433,Diabolus_Boots,Diabolus Boots,Armor
2434,Black_Leather_Boots_,Black Leather Boots,Armor
2435,Battle_Greave,Battle Greaves,Armor
2436,Combat_Boots,Combat Boots,Armor
2437,Battle_Boots,Battle Boots,Armor
2438,Paw_Of_Cat,Paw Of Cat,Armor
2439,Refresh_Shoes,Refresh Shoes,Armor
2440,Sprint_Shoes,Sprint Shoes,Armor
2441,Beach_Sandal,Beach Sandals,Armor
2442,Boots_Perforated,Red Stocking Boots,Armor
2443,Fish_Shoes,Fisher's Boots,Armor
2444,Krieger_Shoes1,Glorious Shoes,Armor
2445,Krieger_Shoes2,Glorious Popularized Shoes,Armor
2446,Krieger_Shoes3,Glorious Mass-Production Shoes,Armor
2447,Military_Boots,Army Boots,Armor
2448,Air_Boss,Air Boss,Armor
2449,Variant_Shoes_M,Variant Shoes,Armor
2450,Vital_Tree_Shoes,Vital Tree Shoes,Armor
2451,Freyja_SSandal7,Freyja Sprit Sandals,Armor
2452,Freyja_SSandal30,Freyja Sprit Sandals,Armor
2453,Freyja_SSandal60,Freyja Sprit Sandals,Armor
2454,Freyja_SSandal90,Freyja Sprit Sandals,Armor
2455,Time_Keepr_Boots,Time Keeper's Boots,Armor
2456,Para_Team_Boots1,Eden Team Boots I,Armor
2457,Para_Team_Boots2,Eden Team Boots II,Armor
2458,Para_Team_Boots3,Eden Team Boots III,Armor
2459,Upg_Shoes,Upgrade Shoes,Armor
2460,Upg_Boots,Upgrade Boots,Armor
2461,Upg_Greave,Upgrade Greave,Armor
2462,Sleipnir_C,Sleipnir,Armor
2463,Feral_Boots,Feral Boots,Armor
2464,No_Fear_Shoes,No Fear Shoes,Armor
2465,Dance_Shoes,Dance Shoes,Armor
2466,Training_Shoes,Training Shoes,Armor
2467,Golden_Rod_Shoes,Golden Rod Shoes,Armor
2468,Aqua_Shoes,Aqua Shoes,Armor
2469,Crimson_Shoes,Crismons Shoes,Armor
2470,Forest_Shoes,Forest Shoes,Armor
2471,Shoes_Of_Affection,Shoes Of Affection,Armor
2472,Shoes_Of_Judgement,Shoes Of Judgement,Armor
2473,Para_Team_Boots4,Eden Team Boots IV,Armor
2474,Lehmannza_Shoes,Lehmannza Shoes,Armor
2475,Ur_Greave,Ur's Greaves,Armor
2476,Peuz_Greave,Peuz's Greaves,Armor
2477,Sabah_Shoes,Sapha Shoes,Armor
2478,Nab_Shoes,Nab Shoes,Armor
2479,White_Wing_Boots,White Wing Boots,Armor
2480,Black_Wing_Boots,Black Wing Boots,Armor
2481,Rune_Boots,Rune Boots,Armor
2482,Shoes_Of_Valor,Shoes Of Valor,Armor
2483,Siege_Greave,Siege Greaves,Armor
2484,Siege_Boots,Siege Boots,Armor
2485,Siege_Shoes,Siege Shoes,Armor
2486,Shadow_Walk_,Shadow Walk,Armor
2487,Vital_Tree_Shoes_,Vital Tree Shoes,Armor
2488,Fricco_Shoes_,Fricco Shoes,Armor
2489,Vidar's_Boots_,Vidar's Boots,Armor
2490,Rune_Boots_,Rune Boots,Armor
2491,Bangungot_Boots,Bangungot Boots of Nightmare,Armor
2492,Bayani_Bangungot_Boots,Bayani Bangungot Boots of Nightmare,Armor
2493,Goibne_Combat_Boots_,Goibne's Greaves,Armor
2494,Chrystal_Pumps_,Crystal Pumps,Armor
2495,Egir_Shoes,Egir Shoes,Armor
2496,TE_Woe_Shoes,TE Woe Shoes,Armor
2497,TE_Woe_Boots,TE Woe Boots,Armor
2498,TE_Woe_Magic_Sandal,TE Woe Magic Sandal,Armor
2499,Temporal_Boots,Temporal Boots,Armor
2501,Hood,Hood,Armor
2502,Hood_,Hood,Armor
2503,Muffler,Muffler,Armor
2504,Muffler_,Muffler,Armor
2505,Manteau,Manteau,Armor
2506,Manteau_,Manteau,Armor
2507,Cape_Of_Ancient_Lord,Ancient Cape,Armor
2508,Ragamuffin_Cape,Ragamuffin Manteau,Armor
2509,Clack_Of_Servival,Survivor's Manteau,Armor
2510,Novice_Hood,Somber Novice Hood,Armor
2511,Skeleton's_Cape,Skeleton Manteau,Armor
2512,Novice_Manteau,Novice Manteau,Armor
2513,Celestial_Robe,Heavenly Maiden Robe,Armor
2514,Pauldron,Pauldron,Armor
2515,Wing_Of_Eagle,Eagle Wing,Armor
2516,Falcon_Robe,Falcon Muffler,Armor
2517,Vali's_Manteau,Vali's Manteau,Armor
2518,Morpheus's_Shawl,Morpheus's Shawl,Armor
2519,Morrigane's_Manteau,Morrigane's Manteau,Armor
2520,Goibne's_Shoulder_Arms,Goibne's Spaulders,Armor
2521,Angel's_Warmth,Angelic Cardigan,Armor
2522,Undershirt,Undershirt,Armor
2523,Undershirt_,Undershirt,Armor
2524,Valkyrie_Manteau,Valkyrian Manteau,Armor
2525,Cape_Of_Ancient_Lord_,Ancient Cape,Armor
2526,Dragon_Scale_Coat,Coat of Dragon Scale,Armor
2527,Dragon_Breath,Dragon Breath,Armor
2528,Wool_Scarf,Wool Scarf,Armor
2529,Rider_Insignia,Rider Insignia,Armor
2530,Rider_Insignia_,Rider Insignia,Armor
2531,Ulfhedinn,Ulfhedinn,Armor
2532,Mithril_Magic_Cape,Mithril Magic Cape,Armor
2533,Freyja_Cape,Freyja Cape,Armor
2534,Ruffler,Ruffler,Armor
2535,Cloak_Of_Survival_C,Cloak Of Survival,Armor
2536,Skin_Of_Ventus,Skin of Ventus,Armor
2537,Diabolus_Manteau,Diabolus Manteau,Armor
2538,Commander_Manteau,Captain's Manteau,Armor
2539,Commander_Manteau_,Commander's Manteau,Armor
2540,Sheriff_Manteau,Sheriff's Manteau,Armor
2541,Asprika,Asprika,Armor
2542,Flame_Manteau,Flame Manteau of Naght Sieger,Armor
2543,Sylphid_Manteau,Sylphid Manteau,Armor
2544,Leather_Of_Tendrilion,Leather of Tendrilion,Armor
2545,Musika,Musika,Armor
2546,Beach_Manteau,Beach Manteau,Armor
2547,Cheap_Running_Shirts,Cheap Undershirt,Armor
2548,Muffler_C,Neo Muffler,Armor
2549,Krieger_Muffler1,Glorious Muffler,Armor
2550,Fisher's_Muffler,Fisher's Muffler,Armor
2551,Rider_Insignia_M,Crest of the Rider,Armor
2552,Mithril_Magic_Cape_M,Mithril Magic Manteau,Armor
2553,Dragon_Manteau,Dragon Manteau,Armor
2554,Piece_Of_Angent_Skin,Nydhorgg's Shadow Garb,Armor
2555,Freyja_SScarf7,Freyja Soul Scarf,Armor
2556,Freyja_SScarf30,Freyja Soul Scarf,Armor
2557,Freyja_SScarf60,Freyja Soul Scarf,Armor
2558,Freyja_SScarf90,Freyja Soul Scarf,Armor
2559,Time_Keepr_Manteau,Time Keeper's Manteau,Armor
2560,Para_Team_Manteau,Eden Team Manteau I,Armor
2561,Upg_Hood,Upgrade Hood,Armor
2562,Upg_Muffler,Upgrade Muffler,Armor
2563,Upg_Manteau,Upgrade Manteau,Armor
2564,Feral_Tail,Feral Tail,Armor
2565,Beach_Towel,Beach Towel,Armor
2566,Half_Asprika,Half Asprika,Armor
2567,Academy_Manteau,Academy Manteau,Armor
2568,Muffler_Of_Roki,Loki's Muffler,Armor
2569,Shawl_Of_Affection,Shawl Of Affection,Armor
2570,Shawl_Of_Judgement,Shawl Of Judgement,Armor
2571,Para_Team_Manteau2,Eden Team Manteau II,Armor
2572,Katabart_Sholder,Katabart Sholder,Armor
2573,Archangel_Wing,Archangel Wings,Armor
2574,Ur_Manteau,Ur's Manteau,Armor
2575,Peuz_Manteau,Peuz's Manteau,Armor
2576,Bravery_Bag,Adventurer's Backpack,Armor
2577,Sabah_Hood,Sapha Hood,Armor
2578,Nab_Hood,Nab Hood,Armor
2579,Magic_Stole,Magic Stole,Armor
2580,White_Wing_Manteau,White Wing Manteau,Armor
2581,Black_Wing_Manteau,Black Wing Manteau,Armor
2582,Salvage_Cape,Salvage Cape,Armor
2583,Holy_Cape,Holy Cape,Armor
2584,Wanderer_Outer,Wanderer Outer,Armor
2585,Muffler_Of_Valor,Muffler Of Valor,Armor
2586,Siege_Manteau,Siege Manteau,Armor
2587,Siege_Muffler,Siege Muffler,Armor
2588,Ragamuffin_Cape_,Ragamuffin Cape,Armor
2589,Fallen_Angel_Wing,Fallen Angel Wing,Armor
2590,Buwaya_Cloth,Buwaya Sack Cloth,Armor
2591,Bayani_Buwaya_Cloth,Bayani Buwaya Sack Cloth,Armor
2592,Boss_Domovoi_Cape,Boss Brownie Manteau,Armor
2593,Flow_Manteau,Flow Manteau,Armor
2594,Wrapping_Manteau,Wrapping Manteau,Armor
2595,Sombre_Manteau,Sombre Manteau,Armor
2596,Sharel_Manteau,Sharel Manteau,Armor
2597,Scarlet_Poncho,Crimson Poncho,Armor
2598,Ramor_Manteau,Ramor Manteau,Armor
2599,Goibne_Shoulder_Arms_,Goibne's Spaulders,Armor
2601,Ring,Ring,Armor
2602,Earring,Earring,Armor
2603,Necklace,Necklace,Armor
2604,Glove,Glove,Armor
2605,Brooch,Brooch,Armor
2606,Whike_Black_Tail_L,Rental Black Tail of Hyukke,Armor
2607,Clip,Clip,Armor
2608,Rosary,Rosary,Armor
2609,Skul_Ring,Skull Ring,Armor
2610,Gold_Ring,Gold Ring,Armor
2611,Silver_Ring,Silver Ring,Armor
2612,Flower_Ring,Flower Ring,Armor
2613,Diamond_Ring,Diamond Ring,Armor
2614,An_Eye_Of_Dullahan,Eye of Dullahan,Armor
2615,Safety_Ring,Safety Ring,Armor
2616,Critical_Ring,Critical Ring,Armor
2617,Mitten_Of_Presbyter,Celebrant's Mitten,Armor
2618,Matyr's_Flea_Guard,Matyr's Leash,Armor
2619,Thimble_Of_Archer,Bow Thimble,Armor
2620,Ring_Of_Rogue,Rogue's Treasure,Armor
2621,Ring_,Ring,Armor
2622,Earring_,Earring,Armor
2623,Necklace_,Necklace,Armor
2624,Glove_,Glove,Armor
2625,Brooch_,Brooch,Armor
2626,Rosary_,Rosary,Armor
2627,Belt,Belt,Armor
2628,Novice_Armlet,Novice Armlet,Armor
2629,Magingiorde,Megingjard,Armor
2630,Brysinggamen,Brisingamen,Armor
2631,First_Age_Ring,Celebration Ring,Armor
2632,Korean_Trinket,Korean Trinket,Armor
2633,Jade_Ring,Jade Ring,Armor
2634,Bridegroom_Ring,Wedding Ring,Armor
2635,Bride_Ring,Wedding Ring,Armor
2636,Gold_Ring_,Gold Christmas Ring,Armor
2637,Silver_Ring_,Silver Christmas Ring,Armor
2638,Exorcize_Sachet,Sacred Incense,Armor
2639,Purification_Sachet,Occult Incense,Armor
2640,Kafra_Ring,Kafra Ring,Armor
2641,Fashionable_Sack,Fashion Hip Sack,Armor
2642,Serin's_Gold_Ring,Serin's Gold Ring,Armor
2643,Serin's_Gold_Ring_,Serin's Gold Ring,Armor
2644,The_Sign_,The Sign,Armor
2645,Moonlight_Ring,Moonlight Ring,Armor
2646,Bunch_Of_Carnation,Bunch of Carnations,Armor
2647,Nile_Rose,Nile Rose,Armor
2648,Morpheus's_Ring,Morpheus's Ring,Armor
2649,Morpheus's_Armlet,Morpheus's Bracelet,Armor
2650,Morrigane's_Belt,Morrigane's Belt,Armor
2651,Morrigane's_Pendant,Morrigane's Pendant,Armor
2652,Cursed_Lucky_Brooch,Goddess of Fortune's Cursed Brooch,Armor
2653,Sacrifice_Ring,Sacrifice Ring,Armor
2654,Shinobi's_Sash,Shinobi Sash,Armor
2655,Bloody_Iron_Ball,Bloodied Shackle Ball,Armor
2656,Hyper_Changer,Armor Charm,Armor
2657,Lab_Passport,Laboratory Permit,Armor
2658,Nile_Rose_,Nile Rose,Armor
2659,Vesper_Core01,Vesper Core 01,Armor
2660,Vesper_Core02,Vesper Core 02,Armor
2661,Vesper_Core03,Vesper Core 03,Armor
2662,Vesper_Core04,Vesper Core 04,Armor
2663,Gauntlet_Of_Accuracy,Gauntlet of Hit,Armor
2664,Scarf_Belt,Belcarf,Armor
2665,Ring_Of_Exorcism,Exorcising Ring,Armor
2666,Lamp_Of_Hope,Lantern of Hope,Armor
2667,Glove_Of_Archer,Renown Archer's Gloves,Armor
2668,Women's_Glory,Woman Glory,Armor
2669,Golden_Necklace_,RJC Necklace,Armor
2670,Ring_Of_Longing,Ring of Longing,Armor
2671,Thimble_Of_Archer_,Bow Thimble,Armor
2672,Anniversary_Ring,3rd Anniversary Celebration Ring,Armor
2673,Shining_Ring,Warrior's Shining Ring,Armor
2674,Honor_Ring,Ring of Honor,Armor
2675,Lord_Ring,Lord Ring,Armor
2676,Hunter_Earring,Hunter's Earring,Armor
2677,Spiritual_Ring,Spiritual Ring,Armor
2678,Ring_Of_Flame_Lord,Ring Of Flame Lord,Armor
2679,Ring_Of_Resonance,Ring Of Resonance,Armor
2680,Lesser_Elemental_Ring,Lesser Elemental Ring,Armor
2681,Republic_Ring,Republic Anniversary Ring,Armor
2682,Ring_Of_Water,Ring of Water,Armor
2683,Ring_Of_Fire,Ring of Fire,Armor
2684,Ring_Of_Wind,Ring of Wind,Armor
2685,Ring_Of_Earth,Ring of Earth,Armor
2686,Elven_Ears_C,Elven Ears,Armor
2687,Steel_Flower_C,Steel Flower,Armor
2688,Critical_Ring_C,Critical Ring,Armor
2689,Earring_C,Earring,Armor
2690,Ring_C,Ring,Armor
2691,Necklace_C,Necklace,Armor
2692,Glove_C,Glove,Armor
2693,Brooch_C,Brooch,Armor
2694,Rosary_C,Rosary,Armor
2695,Safety_Ring_C,Safety Ring,Armor
2696,Vesper_Core01_C,Vesper Core 01,Armor
2697,Vesper_Core02_C,Vesper Core 02,Armor
2698,Vesper_Core03_C,Vesper Core 03,Armor
2699,Vesper_Core04_C,Vesper Core 04,Armor
2700,Red_Silk_Seal,Red Silk Seal,Armor
2701,Orleans_Glove,Orleans's Glove,Armor
2702,Bison_Horn,Bison Horn,Armor
2703,Expert_Ring,Expert Ring,Armor
2704,Golden_Accessory,Golden Accessories,Armor
2705,Golden_Accessory2,Golden Accessories,Armor
2706,Handcuff,Arrest Handcuffs,Armor
2707,GUSLI,GUSLI,Armor
2708,Chinese_Handicraft,Chinese Handicraft,Armor
2709,5_Anniversary_Coin,5th Anniversary Coin,Armor
2710,Bloody_Iron_Ball_C,Bloody Iron Ball,Armor
2711,Spiritual_Ring_C,Spiritual Ring,Armor
2712,Ragnarok_Limited_Ed,Ragnarok Limited Edition,Armor
2713,Certificate_TW,Certificate,Armor
2714,Marvelous_Pandent,Marvelous Pendant,Armor
2715,Skul_Ring_,Skull Ring,Armor
2716,Librarian_Glove,Librarian Glove,Armor
2717,Pocket_Watch_,Pocket Watch,Armor
2718,Lunatic_Brooch,Lunatic Brooch,Armor
2719,Iron_Wrist,Iron Wrist,Armor
2720,Medal_Swordman,Medal of Honor,Armor
2721,Medal_Thief,Medal of Honor,Armor
2722,Medal_Acolyte,Medal of Honor,Armor
2723,Medal_Mage,Medal of Honor,Armor
2724,Medal_Archer,Medal of Honor,Armor
2725,Medal_Merchant,Medal of Honor,Armor
2726,Icarus_Wing,Icarus Wings,Armor
2727,Bowman_Scarf,Bowman Scarf,Armor
2728,Cursed_Hand,Cursed Hand,Armor
2729,Diabolus_Ring,Diabolus Ring,Armor
2730,Morroc_Seal,Seal of Continental Guard,Armor
2731,Morroc_Charm_Stone,Rune Spellstone,Armor
2732,Morroc_Ring,Death Loop,Armor
2733,Medal_Gunner,Sheriff Badge,Armor
2734,Directive_A,Directive,Armor
2735,Directive_B,Directive,Armor
2736,Navel_Ring,Navel Ring,Armor
2737,Foot_Ring,Foot Ring,Armor
2738,Shiny_Coin,Shiny Coin,Armor
2739,Ordinary_Coin,Ordinary Coin,Armor
2740,Rusty_Coin,Rusty Coin,Armor
2741,All_In_One_Ring,All In One Ring,Armor
2742,Lucky_Clip,Lucky Clip,Armor
2743,Angelic_Ring,Angelic Ring,Armor
2744,Sprint_Ring,Sprint Ring,Armor
2745,Pinguicula_Corsage,Pinguicula Corsage,Armor
2746,Cold_Heart,Cold Heart,Armor
2747,Black_Cat,Black Cat,Armor
2748,Cursed_Star,Cursed Star,Armor
2749,Linen_Glove,Linen Glove,Armor
2750,Summer_Night_Dream,Summer Night Dream,Armor
2751,Academy_Badge,Academy Of Badge,Armor
2752,Praxinus_C,Praccsinos,Armor
2753,Beholder_Ring,Beholder Ring,Armor
2754,Hallow_Ring,Hallow Ring,Armor
2755,Clamorous_Ring,Clamorous Ring,Armor
2756,Chemical_Ring,Chemical Ring,Armor
2757,Insecticide_Ring,Insecticide Ring,Armor
2758,Fisher_Ring,Fischer Ring,Armor
2759,Decussate_Ring,Decussate Ring,Armor
2760,Bloody_Ring,Bloody Ring,Armor
2761,Satanic_Ring,Satanic Ring,Armor
2762,Dragoon_Ring,Dragon Ring,Armor
2763,Skul_Ring_C,Neo Skull Ring,Armor
2764,Small_Fishing_Rod,Small Fishing Rod,Armor
2765,Novice_Figure,Novice Figure,Armor
2766,Swordman_Figure,Swordman Figure,Armor
2767,Acolyte_Figure,Acolyte Figure,Armor
2768,Mage_Figure,Mage Figure,Armor
2769,Archer_Figure,Archer Figure,Armor
2770,Thief_Figure,Thief Figure,Armor
2771,Merchant_Figure,Merchant Figure,Armor
2772,Krieger_Ring1,Glorious Ring,Armor
2773,Krieger_Ring2,Glorious Mass-Production Ring,Armor
2774,Krieger_Ring3,Glorious Popularized Ring,Armor
2775,Lure,Lure,Armor
2776,Cool_Towel,Adventurer's Trusty Towel,Armor
2777,Shaman_Ring,Shaman Ring,Armor
2778,Shaman_Earing,Shaman Earrings,Armor
2779,Dark_Knight_Belt,Dark Knight Belt,Armor
2780,Dark_Knight_Glove,Dark Knight Glove,Armor
2781,Aumdura's_Grace,Aumdura's Benefit,Armor
2782,Ring_Of_Wise_King,Ring of the Ancient Wise King,Armor
2783,Eyes_Stone_Ring,Eye Stone Ring,Armor
2784,Oh_Holy_Night,Christmas Musicbox,Armor
2785,Orleans_Glove_M,Orlean's Gloves,Armor
2786,Spiritual_Ring_M,Spiritual Ring,Armor
2787,Waterdrop_Brooch,Waterdrop Brooch,Armor
2788,Bradium_Earing,Bradium Earring,Armor
2789,Bradium_Ring,Bradium Ring,Armor
2790,Bradium_Brooch,Bradium Brooch,Armor
2791,Just_Got_Fish,Fresh Fish,Armor
2792,Ring_Of_Flame_Lord_I,Ring of Flame Lord,Armor
2793,Ring_Of_Resonance_I,Ring of Resonance,Armor
2794,Magic_Stone_Ring,Magic Stone Ring,Armor
2795,Green_Apple_Ring,Green Apple Ring,Armor
2796,Magical_Stone,Rocks,Armor
2797,Magical_Stone_,Rocks,Armor
2798,Will_Of_Exhausted_Angel,Will Of Exhausted Angel,Armor
2799,Kuirpenring,Kuirpenring,Armor
2800,Accelerator,Accelerator,Armor
2801,Hovering_Booster,Hovering Booster,Armor
2802,Suicidal_Device,Suicidal Device,Armor
2803,Shape_Shifter,Shape Shifter,Armor
2804,Cooling_Device,Cooling Device,Armor
2805,Mag_Field_Generator,Magnetic Field Generator,Armor
2806,Barrier_Builder,Barrier Builder,Armor
2807,Repair_Kit,Repair Kit,Armor
2808,Camouflage_Generator,Camouflague Generator,Armor
2809,High_Quality_Cooler,High Quality Cooler,Armor
2810,Special_Cooler,Special Cooler,Armor
2811,Freyja_SBracelet7,Freyja's Spirit Bracelet,Armor
2812,Freyja_SBracelet30,Freyja's Spirit Bracelet,Armor
2813,Freyja_SBracelet60,Freyja's Spirit Bracelet,Armor
2814,Freyja_SBracelet90,Freyja's Spirit Bracelet,Armor
2815,Th_Ring_Of_Water,Ring Of Water,Armor
2816,Radar_Ring1,Radar Ring,Armor
2817,Radar_Ring2,Radar Ring,Armor
2818,Radar_Ring3,Radar Ring,Armor
2819,Swordman_Manual,Swordsman Manual,Armor
2820,Thief_Manual,Thief Manual,Armor
2821,Acolyte_Manual,Acolyte Manual,Armor
2822,Archer_Manual,Archer Manual,Armor
2823,Merchant_Manual,Merchant Manual,Armor
2824,Mage_Manual,Mage Manual,Armor
2825,Shaman_EaringB,Shaman Earrings,Armor
2826,Dark_Knight_BeltB,Dark Knight Belt,Armor
2827,Dark_Knight_GloveB,Dark Knight Glove,Armor
2828,Upg_Clip,Upgrade Clip,Armor
2829,Greed_Clip,Greed Clip,Armor
2830,Magingiorde_C,Megingjard,Armor
2831,Brysinggamen_C,Brisingamen,Armor
2832,Freyja_Ring,Freyja's Ring,Armor
2833,Odin's_Recall,Odin's Recall,Armor
2834,F_All_In_One_Ring,All In One Ring,Armor
2835,F_Critical_Ring_C,Critical Ring,Armor
2836,F_Glove_C,Glove,Armor
2837,F_Safety_Ring_C,Safety Ring,Armor
2838,F_Necklace_C,Necklace,Armor
2839,F_Ring_C,Ring,Armor
2840,F_Rosary_C,Rosary,Armor
2841,Caracas_Ring,Caracas Ring,Armor
2842,F_Earing_C,Earring,Armor
2843,Gold_Trickle,Gold Trickle,Armor
2844,El_Dicastes_Light,Light Of El Discastes,Armor
2845,No_Fear_Belt,No Fear Belt,Armor
2846,E_All_In_One_Ring,All In One Ring,Armor
2847,E_Critical_Ring_C,Critical Ring,Armor
2848,E_Glove_C,Glove,Armor
2849,E_Safety_Ring_C,Safety Ring,Armor
2850,E_Ring_C,Ring,Armor
2851,E_Necklace_C,Necklace,Armor
2852,E_Rosary_C,Rosary,Armor
2853,Telekinetic_Orb,Telekinetic Orb,Armor
2854,Alchemy_Glove,Alchemy Glove,Armor
2855,Whike_Black_Tail,Whike Black Tail,Armor
2856,Half_Megin,Half Megingjard,Armor
2857,Half_Brysing,Half Brisingamen,Armor
2858,Pendant_Of_Guardian,Pendant Of Guardian,Armor
2859,Golden_Rod_Orb,Golden Rod Orb,Armor
2860,Aqua_Orb,Aqua Orb,Armor
2861,Crimson_Orb,Crismon Orb,Armor
2862,Forest_Orb,Forest Orb,Armor
2863,Ring_Of_Valkyrie,Ring Of Valkyrie,Armor
2864,Light_Of_Cure,Light Of Cure,Armor
2865,Seal_Of_Cathedral,Seal Of Cathedral,Armor
2866,Ring_Of_Archbishop,Ring Of Archbishop,Armor
2867,Broken_Bamboo_Piece,Broken Bamboo Piece,Armor
2868,Green_Batik,Green Batik,Armor
2869,Colorful_Ketupat,Colorful Ketupat,Armor
2870,Tw_8th_Anni_Ring,Tw 8th Anni Ring,Armor
2871,Brazilian_Emblem,Brazilian Emblem,Armor
2872,G_Honor_Certificate,G Honor Certificate,Armor
2873,Cat_Hand_Glove,Cat Hand Glove,Armor
2874,Buffalo_Horn,Buffalo Horn,Armor
2875,RO_Appreciation_Ring,RO Appreciation Ring,Armor
2876,Necklace_Spica,Necklace Spica,Armor
2877,Glove_Sabik,Glove Sabik,Armor
2878,Bracelet_Arunairi,Bracelet Arunairi,Armor
2879,Badge_Giorredart,Badge Giorredart,Armor
2880,Ring_Lupak,Ring Lupak,Armor
2881,Orleans_Necklace,Orleans Necklace,Armor
2882,Ecoro_Cardslip,Ecoro Cardslip,Armor
2883,Ur_Seal,Ur's Seal,Armor
2884,Peuz_Seal,Peuz's Seal,Armor
2885,Mother_Heart,Mother Heart,Armor
2886,Sabah_Ring,Sapha Ring,Armor
2887,Nab_Ring,Nab Ring,Armor
2888,School_Bag,School Bag,Armor
2889,Endure_Ring,Endure Ring,Armor
2890,White_Wing_Brooch,White Wing Brooch,Armor
2891,Black_wing_Brooch,Black Wing Brooch,Armor
2892,Assassin_Handcuffs,Assassin Handcuffs,Armor
2893,Cursed_Heart,Cursed Heart,Armor
2894,Glove_Of_Shura,Sura Gauntlet,Armor
2895,Medal_Of_Valor1,Medal Of Valor1,Armor
2896,Medal_Of_Valor2,Medal Of Valor2,Armor
2897,2011RWC_Necklace_J,2011RWC Necklace J,Armor
2898,Black_Rosary,Dark Rosary,Armor
2899,Sound_Amplifier,Sound Amplification Device,Armor
2900,Morrigane's_Belt_,Morrigane's Belt,Armor
2901,Morrigane's_Pendant_,Morrigane's Pendant,Armor
2902,Morpheus's_Ring_,Morpheus's Ring,Armor
2903,Morpheus's_Armlet_,Morpheus's Armlet,Armor
2904,Naqsh,Naqsi,Armor
2905,Super_Ora_Ora,Super Ora Ora,Armor
2906,Happy_Gauntlet,Happy Gauntlet,Armor
2907,Buwaya_Tattoo,Bawaya Agimat Tattoo,Armor
2908,Light_Ring,Light Ring,Armor
2909,Darkness_Ring,Darkness Ring,Armor
2910,Bakonawa_Tattoo,Bakunawa Agimat Tattoo,Armor
2911,Bangungot_Tattoo,Bangungot Agimat Tattoo,Armor
2912,Xylitol_2011,Xylitol 2011,Armor
2913,Thief_Handcuff,Thief Handcuff,Armor
2914,Wizard_Left_Eye,Wizard Left Eye,Armor
2915,Ettlang_Keepsake,Ettlang Keepsake,Armor
2916,Fairy_Wing,Fairy Wing,Armor
2917,Str_Glove,Str Glove,Armor
2918,Int_Glove,Int Glove,Armor
2919,Agi_Glove,Agi Glove,Armor
2920,Vit_Glove,Vit Glove,Armor
2921,Dex_Glove,Dex Glove,Armor
2922,Luk_Glove,Luk Glove,Armor
2923,Str_Glove_,Str Glove,Armor
2924,Int_Glove_,Int Glove,Armor
2925,Agi_Glove_,Agi Glove,Armor
2926,Vit_Glove_,Vit Glove,Armor
2927,Dex_Glove_,Dex Glove,Armor
2928,Luk_Glove_,Luk Glove,Armor
2929,Charm_Str,Battle Hardened Amulet,Armor
2930,Charm_Agi,Winning First Move Amulet,Armor
2931,Charm_Vit,Good Health Amulet,Armor
2932,Charm_Dex,Infallible Amulet,Armor
2933,Charm_Int,Knowledgeable Amulet,Armor
2934,Charm_Luk,Prosperous Business Amulet,Armor
2935,Sprint_Glove,Sprint Gloves,Armor
2936,Recovery_Ring,Recovery Ring,Armor
2937,RJC_Exp,RJC2012 EXP Necklace,Armor
2938,RJC_Status,RJC2012 Status Necklace,Armor
2939,RJC_Spell,RJC2012 Spell Necklace,Armor
2940,Ninja_Manual,Ninja Manual,Armor
2941,Gunslinger_Manual,Gunslinger Manual,Armor
2942,Taekwon_Manual,Taekwon Manual,Armor
2943,Critical_Ring_,Critical Ring,Armor
2944,TE_Ring_Of_Protection,TE Ring Of Protection,Armor
2945,TE_Ring_Of_Rage,TE Ring Of Rage,Armor
2946,TE_Ring_Of_Defiance,TE Ring Of Defiance,Armor
2947,Memories_of_Spring,Spring Afternoon Memory,Armor
2948,Demon_Wing,Demon Wing,Armor
2949,Silversmith_Bracelet,Silversmith Bracelet,Armor
2950,Rune_Ring,Rune Ring,Armor
2951,Kvasir_Ring_Blue,Kvasir Ring Blue,Armor
2952,Kvasir_Ring_Red,Kvasir Ring Red,Armor
2953,Kvasir_Ring_Green,Kvasir Ring Green,Armor
2954,Kvasir_Ring_Brown,Kvasir Ring Brown,Armor
2955,Neutral_Ring_J,Neutral Ring,Armor
2956,Safety_Ring_,Advanced Safety Ring,Armor
2957,Good_Ring_Of_Flame_Lord,Advanced Ring Of Flame Lord,Armor
2958,Good_Ring_Of_Resonance,Advanced Ring Of Resonance,Armor
2959,Fidelity_Necklace,Fidelity Necklace,Armor
2960,Badge_Of_Manny,Badge Of Manny,Armor
2961,Magic_Carpet,Magic Carpet,Armor
2962,Willpower_Ring,Spirit Ring,Armor
2963,Body_Power_Up_Ring,Physical Enhancer Ring,Armor
2964,Ring_Of_Spell_Explosion,Magic Intensifier Ring,Armor
2965,Angel_Egg,Angel Egg,Armor
2966,RWC_2012_Ring,RWC 2012 Ring,Armor
2967,RWC_2012_Ring_,Chambered RWC 2012 Ring,Armor
2968,RWC_2012_Pendant,RWC 2012 Pendant,Armor
2969,RWC_2012_Pendant_,Chambered RWC 2012 Pendant,Armor
2970,Pie_Fruit_Box,Pie Fruit Box,Armor
2971,Pocket_Watch__,Pocket Watch,Armor
2974,Eternal_Protected_Love,Guardianship Eternal Love,Armor
2975,10th_Anni_Badge_J,10th Anniversary Badge,Armor
2976,Red_Lantern,Red Lantern,Armor
2977,Hurt_Mind,Hurt Mind,Armor
2978,KindHeart,Kind Heart,Armor
2979,Strawberry_Decoration,Strawberry Decoration,Armor
2980,Evilspirit_Gloves,Evil Spirit Gloves,Armor
2981,RingOfHero,Warrior's Ring,Armor
2982,Earth_Ring_J,Earth Ring,Armor
2983,Brooch_Greed,Greed Brooch,Armor
2984,Limnil_Glove,Glove Save Rimnil,Armor
2985,Gyges_Ring,Gyges's Ring,Armor
2986,Snake_Ring,Snake Ring,Armor
2987,Snake_Pendant,Snake Pendant,Armor
2988,Winged_Ring_Of_Newoz,Oz's New Wing Ring,Armor
2989,Floral_Bracelet_Of_Igu,Floral Bracelet Of Aigu,Armor
2990,Pendant_Of_Harmony,Pendant of Harmony,Armor
2991,Pendant_Of_Chaos,Pendant of Chaos,Armor
2992,Pendant_Of_Maelstorm,Pendant of Maelstrom,Armor
2993,Yggdrasil_Ring,Heaven and Earth Tree Ring,Armor
2994,Water_Crystal_Stone,Water Crystal Stone,Armor
2995,Supplement_Part_Dex,Supplement Part Dex,Armor
2996,Upgrade_Part_Gun_Barrel,Upgrade Part - Gun Barrel,Armor
2997,RWC_Gold_Brooch,RWC Gold Brooch,Armor
2998,Shining_Trapezohedron,Shining Trapezohedron,Armor
2999,RWC_Silver_Brooch,RWC Brooch,Armor
5001,Headset,Headset,Armor
5002,Gemmed_Crown,Jewel Crown,Armor
5003,Joker_Jester,Joker Jester,Armor
5004,Oxygen_Mask,Oxygen Mask,Armor
5005,Gas_Mask,Gas Mask,Armor
5006,Machoman_Glasses,Machoman's Glasses,Armor
5007,Loard_Circlet,Grand Circlet,Armor
5008,Puppy_Love,Puppy Love,Armor
5009,Safety_Helmet,Safety Helmet,Armor
5010,Indian_Hair_Piece,Indian Fillet,Armor
5011,Antenna,Aerial,Armor
5012,Ph.D_Hat,Ph.D Hat,Armor
5013,Horn_Of_Lord_Kaho,Lord Kaho's Horn,Armor
5014,Fin_Helm,Fin Helm,Armor
5015,Egg_Shell,Egg Shell,Armor
5016,Boy's_Cap,Boy's Cap,Armor
5017,Bone_Helm,Bone Helm,Armor
5018,Feather_Bonnet,Feather Bonnet,Armor
5019,Corsair,Corsair,Armor
5020,Kafra_Band,Kafra Band,Armor
5021,Bankruptcy_Of_Heart,Grief for Greed,Armor
5022,Helm_Of_Sun,Hat of the Sun God,Armor
5023,Hat_Of_Bundle,Parcel Hat,Armor
5024,Hat_Of_Cake,Cake Hat,Armor
5025,Helm_Of_Angel,Helm of Angel,Armor
5026,Hat_Of_Cook,Chef Hat,Armor
5027,Wizardry_Hat,Mage Hat,Armor
5028,Candle,Candle,Armor
5029,Spore_Hat,Spore Hat,Armor
5030,Panda_Cap,Panda Hat,Armor
5031,Mine_Helm,Mine Hat,Armor
5032,Picnic_Hat,Sunday Hat,Armor
5033,Smokie_Hat,Raccoon Hat,Armor
5034,Light_Bulb_Band,Bulb Band,Armor
5035,Poring_Hat,Poring Hat,Armor
5036,Cross_Band,Cross Hat,Armor
5037,Fruit_Shell,Nut Shell,Armor
5038,Deviruchi_Cap,Deviruchi Hat,Armor
5039,Mottled_Egg_Shell,Rainbow Eggshell,Armor
5040,Blush,Blush,Armor
5041,Heart_Hair_Pin,Heart Hairpin,Armor
5042,Hair_Protector,Bao Bao,Armor
5043,Opera_Ghost_Mask,Opera Phantom Mask,Armor
5044,Devil's_Wing,Evil Wing Ears,Armor
5045,Magician_Hat,Magician Hat,Armor
5046,Bongun_Hat,Bongun Hat,Armor
5047,Fashion_Sunglass,Fashionable Glasses,Armor
5048,First_Moon_Hair_Pin,Cresent Hairpin,Armor
5049,Stripe_Band,Striped Hairband,Armor
5050,Mystery_Fruit_Shell,Wonder Nutshell,Armor
5051,Kitty_Bell,Pussy Cat Bell,Armor
5052,Blue_Hair_Band,Blue Hairband,Armor
5053,Spinx_Helm,Sphinx Hat,Armor
5054,Popcorn_Hair,Assassin Mask,Armor
5055,Novice_Egg_Cap,Novice False Eggshell,Armor
5056,Love_Berry,Fruit of Love,Armor
5057,Ear_Of_Black_Cat,Black Cat Ears,Armor
5058,Drooping_Kitty,Drooping Cat,Armor
5059,Brown_Bear_Cap,Teddybear Hat,Armor
5060,Party_Hat,Party Hat,Armor
5061,Flower_Hairpin,Flower Hairpin,Armor
5062,Straw_Hat,Straw Hat,Armor
5063,Plaster,Giant Band Aid,Armor
5064,Leaf_Headgear,Smokie Leaf,Armor
5065,Fish_On_Head,Blue Fish,Armor
5066,Horn_Of_Succubus,Succubus Horn,Armor
5067,Sombrero,Sombrero,Armor
5068,Ear_Of_Devil's_Wing,Evil Wing Ears,Armor
5069,Mask_Of_Fox,Kitsune Mask,Armor
5070,Headband_Of_Power,Hot-blooded Headband,Armor
5071,Indian_Headband,Indian Headband,Armor
5072,Inccubus_Horn,Incubus Horn,Armor
5073,Cap_Of_Concentration,Model Training Hat,Armor
5074,Ear_Of_Angel's_Wing,Angel Wing Ears,Armor
5075,Cowboy_Hat,Cowboy Hat,Armor
5076,Fur_Hat,Beanie,Armor
5077,Tulip_Hairpin,Tulip Hairpin,Armor
5078,Sea_Otter_Cap,Sea-Otter Hat,Armor
5079,Crossed_Hair_Band,X Hairpin,Armor
5080,Headgear_Of_Queen,Crown of Ancient Queen,Armor
5081,Mistress_Crown,Crown of Mistress,Armor
5082,Mushroom_Band,Decorative Mushroom,Armor
5083,Red_Tailed_Ribbon,Red Ribbon,Armor
5084,Lazy_Raccoon,Lazy Smokie,Armor
5085,Pair_Of_Red_Ribbon,Small Ribbons,Armor
5086,Alarm_Mask,Alarm Mask,Armor
5087,Goblin_Mask_01,Poker Face,Armor
5088,Goblin_Mask_02,Surprised Mask,Armor
5089,Goblin_Mask_03,Annoyed Mask,Armor
5090,Goblin_Mask_04,Goblin Leader Mask,Armor
5091,Big_Golden_Bell,Decorative Golden Bell,Armor
5092,Blue_Coif,Coif,Armor
5093,Blue_Coif_,Coif,Armor
5094,Orc_Hero_Helm,Helmet of Orc Hero,Armor
5095,Orc_Hero_Helm_,Helmet of Orc Hero,Armor
5096,Assassin_Mask_,Assassin Mask,Armor
5097,Cone_Hat_,Holiday Hat,Armor
5098,Tiger_Mask,Tiger Mask,Armor
5099,Cat_Hat,Neko Mimi,Armor
5100,Sales_Signboard,Sales Banner,Armor
5101,Takius_Blindfold,Takius's Blindfold,Armor
5102,Round_Eyes,Blank Eyes,Armor
5103,Sunflower_Hairpin,Sunflower Hairpin,Armor
5104,Dark_Blindfold,Dark Blinder,Armor
5105,Hat_Of_Cake_,2nd Anniversary Hat,Armor
5106,Cone_Hat_INA,2nd Anniversary Hat,Armor
5107,Well_Baked_Toast,Crunch Toast,Armor
5108,Detective_Hat,Renown Detective's Cap,Armor
5109,Red_Bonnet,Red Bonnet,Armor
5110,Baby_Pacifier,Baby Pacifier,Armor
5111,Galapago_Cap,Galapago Cap,Armor
5112,Super_Novice_Hat,Super Novice Hat,Armor
5113,Angry_Mouth,Angry Snarl,Armor
5114,Fedora,Bucket Hat,Armor
5115,Winter_Hat,Winter Hat,Armor
5116,Banana_Hat,Banana Hat,Armor
5117,Mistic_Rose,Mystic Rose,Armor
5118,Ear_Of_Puppy,Puppy Headband,Armor
5119,Super_Novice_Hat_,Super Novice Hat,Armor
5120,Fedora_,Bucket Hat,Armor
5121,Zherlthsh_Mask,Zealotus Mask,Armor
5122,Magni_Cap,Magni's Cap,Armor
5123,Ulle_Cap,Ulle's Cap,Armor
5124,Fricca_Circlet,Fricca's Circlet,Armor
5125,Kiss_Of_Angel,Angel's Kiss,Armor
5126,Morpheus's_Hood,Morpheus's Hood,Armor
5127,Morrigane's_Helm,Morrigane's Helm,Armor
5128,Goibne's_Helmet,Goibne's Helm,Armor
5129,Bird_Nest,Bird Nest,Armor
5130,Lion_Mask,Lion Mask,Armor
5131,Close_Helmet,Close Helmet,Armor
5132,Angeling_Hat,Angeling Hat,Armor
5133,Sheep_Hat,Sheep Hat,Armor
5134,Pumpkin_Hat,Pumpkin-Head,Armor
5135,Cyclops_Visor,Cyclop's Eye,Armor
5136,Santa's_Hat_,Antonio's Santa Hat,Armor
5137,Alice_Doll,Alice Doll,Armor
5138,Magic_Eyes,Magic Eyes,Armor
5139,Hibiscus,Hibiscus,Armor
5140,Charming_Ribbon,Charming Ribbon,Armor
5141,Marionette_Doll,Marionette Doll,Armor
5142,Crescent_Helm,Crescent Helm,Armor
5143,Kabuki_Mask,Kabuki Mask,Armor
5144,Gambler_Hat,Gambler Hat,Armor
5145,Carnival_Joker_Jester,Carnival Joker Jester,Armor
5146,Elephant_Hat,Elephant Hat,Armor
5147,Baseball_Cap,Baseball Cap,Armor
5148,Phrygian_Cap,Phrygian Cap,Armor
5149,Silver_Tiara,Silver Tiara,Armor
5150,Joker_Jester_,Joker Jester,Armor
5151,Headset_OST,Note Headphones,Armor
5152,Chinese_Crown,Chinese Crown,Armor
5153,Angeling_Hairpin,Angeling Hairpin,Armor
5154,Sunglasses_F,Father's Sunglasses,Armor
5155,Granpa_Beard_F,Father's White Moustache,Armor
5156,Flu_Mask_F,Father's Mask,Armor
5157,Viking_Helm_,Orc Helm,Armor
5158,Holy_Bonnet_,Monk Hat,Armor
5159,Golden_Gear_,Golden Gear,Armor
5160,Magestic_Goat_,Majestic Goat,Armor
5161,Sharp_Gear_,Spiky Band,Armor
5162,Bone_Helm_,Bone Helm,Armor
5163,Corsair_,Corsair,Armor
5164,Tiara_,Tiara,Armor
5165,Crown_,Crown,Armor
5166,Spinx_Helm_,Sphinx Hat,Armor
5167,Munak_Turban_,Munak Hat,Armor
5168,Bongun_Hat_,Bongun Hat,Armor
5169,Bride_Mask,Bride Mask,Armor
5170,Feather_Beret,Feather Beret,Armor
5171,Valkyrie_Helm,Valkyrie Helm,Armor
5172,Beret,Beret,Armor
5173,Satto_Hat,Magistrate Hat,Armor
5174,Ayam,Ayam,Armor
5175,Censor_Bar,Censor Bar,Armor
5176,Hahoe_Mask,Hahoe Mask,Armor
5177,Guardian_Lion_Mask,Mythical Lion Mask,Armor
5178,Candle_,Candle,Armor
5179,Gold_Tiara,Golden Tiara,Armor
5180,Phrygian_Cap_,France Holiday Hat,Armor
5181,Helm_Of_Darkness,Helm of Darkness,Armor
5182,Puppy_Hat,Puppy Hat,Armor
5183,Bird_Nest_Hat,Bird Nest Hat,Armor
5184,Captain_Hat,Captain's Hat,Armor
5185,Laurel_Wreath,Laurel Wreath,Armor
5186,Geographer_Band,Geographer Band,Armor
5187,Twin_Ribbon,Twin Ribbon,Armor
5188,Minstrel_Hat,Wandering Minstrel Hat,Armor
5189,Fallen_Leaves,Autumn Leaves,Armor
5190,Baseball_Cap_,Independence Memorial Hat,Armor
5191,Ribbon_Black,Black Ribbon,Armor
5192,Ribbon_Yellow,Yellow Ribbon,Armor
5193,Ribbon_Green,Green Ribbon,Armor
5194,Ribbon_Pink,Pink Ribbon,Armor
5195,Ribbon_Red,Red Ribbon,Armor
5196,Ribbon_Orange,Orange Ribbon,Armor
5197,Ribbon_White,White Ribbon,Armor
5198,Drooping_Bunny,Drooping Bunny,Armor
5199,Baseball_Cap_I,Baseball Cap,Armor
5200,Coppola,Coppola,Armor
5201,Party_Hat_B,Party Hat,Armor
5202,Pumpkin_Hat_,Fantastic Pumpkin-Head,Armor
5203,Tongue_Mask,Smiling Mask,Armor
5204,Event_Pierrot_Nose,Rudolph's Nose,Armor
5205,Wreath,Emperor's Laurel Crown,Armor
5206,Romantic_White_Flower,Romantic White Flower,Armor
5207,Gold_Spirit_Chain,Angel Blessing,Armor
5208,Rideword_Hat,Rideword Hat,Armor
5209,Yellow_Baseball_Cap,Love Dad Cap,Armor
5210,Flying_Angel,Flapping Angel Wing,Armor
5211,Dress_Hat,Dress Hat,Armor
5212,Satellite_Hairband,Satellite Hairband,Armor
5213,Black_Bunny_Band,Sheila Hairnet,Armor
5214,Moonlight_Flower_Hat,Moonlight Flower Hat,Armor
5215,Angelic_Chain_,Evolved Angel Wing,Armor
5216,Satanic_Chain_,Evolved Evil Wing,Armor
5217,Magestic_Goat_TW,Evolved Majestic Goat,Armor
5218,Bunny_Band_,Evolved Bunny Band,Armor
5219,Drooping_Kitty_,Evolved Drooping Cat,Armor
5220,Smoking_Pipe_,Evolved Pipe,Armor
5221,Pair_Of_Red_Ribbon_,Evolved Pair of Red Ribbon,Armor
5222,Fish_On_Head_,Evolved Blue Fish,Armor
5223,Big_Golden_Bell_,Evolved Big Golden Bell,Armor
5224,Orc_Hero_Helm_TW,Evolved Orc Hero Helm,Armor
5225,Marcher_Hat,Parade Hat,Armor
5226,Mini_Propeller_,Mini Propeller,Armor
5227,Red_Deviruchi_Cap,Red Deviruchi Hat,Armor
5228,White_Deviruchi_Cap,Gray Deviruchi Hat,Armor
5229,Gray_Deviruchi_Cap,Brown Deviruchi Hat,Armor
5230,White_Drooping_Kitty,Gray Drooping Cat,Armor
5231,Gray_Drooping_Kitty,Brown Drooping Cat,Armor
5232,Pink_Drooping_Kitty,Pink Drooping Cat,Armor
5233,Blue_Drooping_Kitty,Blue Drooping Cat,Armor
5234,Yellow_Drooping_Kitty,Yellow Drooping Cat,Armor
5235,Gray_Fur_Hat,Brown Beanie,Armor
5236,Blue_Fur_Hat,Blue Beanie,Armor
5237,Pink_Fur_Hat,Pink Beanie,Armor
5238,Red_Wizardry_Hat,Red Mage Hat,Armor
5239,White_Wizardry_Hat,Gray Mage Hat,Armor
5240,Gray_Wizardry_Hat,Brown Mage Hat,Armor
5241,Blue_Wizardry_Hat,Blue Mage Hat,Armor
5242,Yellow_Wizardry_Hat,Yellow Mage Hat,Armor
5243,Chullos,Shafka,Armor
5244,Elven_Blindfold,Elven Blindfold,Armor
5245,Elven_Sunglasses,Elven Sunglasses,Armor
5246,Angelic_Helm,Angelic Helm,Armor
5247,Satanic_Helm,Satanic Helm,Armor
5248,Robotic_Blindfold,Robotic Blindfold,Armor
5249,Human_Blindfold,Human Blindfold,Armor
5250,Robotic_Ears,Robotic Ears,Armor
5251,Round_Ears,Round Ears,Armor
5252,Drooping_Nine_Tail,Drooping Ninetail,Armor
5253,Lif_Doll_Hat,Lif Doll Hat,Armor
5254,Deviling_Hat,Deviling Hat,Armor
5255,Triple_Poring_Hat,Triple Poring Hat,Armor
5256,Valkyrie_Feather_Band,Valkyrie Feather Band,Armor
5257,Soulless_Wing,Soul Ring,Armor
5258,Afro_Wig,Afro Wig,Armor
5259,Elephant_Hat_,Elephant Hat,Armor
5260,Cookie_Hat,Cookie Hat,Armor
5261,Silver_Tiara_,Silver Tiara,Armor
5262,Gold_Tiara_,Golden Tiara,Armor
5263,Ati_Atihan_Hat,Pagdayaw,Armor
5264,Aussie_Flag_Hat,Australian Flag Hat,Armor
5265,Apple_Of_Archer_C,Apple of Archer,Armor
5266,Bunny_Band_C,Bunny Band,Armor
5267,Sahkkat_C,Sakkat,Armor
5268,Lord_Circlet_C,Grand Circlet,Armor
5269,Flying_Angel_,Flapping Angel Wing,Armor
5270,Fallen_Leaves_,Autumn Leaves,Armor
5271,Chinese_Crown_,Phoenix Crown,Armor
5272,Tongue_Mask_,Tongue Mask,Armor
5273,Happy_Wig,Happy Wig,Armor
5274,Shiny_Wig,Shiny Wig,Armor
5275,Marvelous_Wig,Marvelous Wig,Armor
5276,Fantastic_Wig,Fantastic Wig,Armor
5277,Yellow_Bandana,Yellow Bandana,Armor
5278,Yellow_Ribbon,Yellow Ribbon,Armor
5279,Drooping_Kitty_C,Refined Drooping Cat,Armor
5280,Magestic_Goat_C,Baphomet Horns,Armor
5281,Deviruchi_Cap_C,Refined Deviruchi Hat,Armor
5282,euRO_Baseball_Cap,Europe Baseball Cap,Armor
5283,Chick_Hat,Chick Hat,Armor
5284,Water_Lily_Crown,Water Lily Crown,Armor
5285,Vane_Hairpin,Vane Hairpin,Armor
5286,Pecopeco_Hairband,Pecopeco Hairband,Armor
5287,Vacation_Hat,Vacation Hat,Armor
5288,Red_Glasses,Red Glasses,Armor
5289,Vanilmirth_Hat,Vanilmirth Hat,Armor
5290,Drooping_Bunny_,Drooping Bunny,Armor
5291,Kettle_Hat,Kettle Hat,Armor
5292,Dragon_Skull,Dragon Skull,Armor
5293,Ramen_Hat,Ramen Hat,Armor
5294,Whisper_Mask,Whisper Mask,Armor
5295,Golden_Bandana,Golden Bandana,Armor
5296,Drooping_Nine_Tail_,Drooping Nine Tail,Armor
5297,Soulless_Wing_,Soul Wing,Armor
5298,Marvelous_Wig_,Dokebi's Wig,Armor
5299,Ati_Atihan_Hat_,Pagdayaw,Armor
5300,Bullock_Helm,Bullock Helm,Armor
5301,Russian_Ribbon,Victory Hairband,Armor
5302,Lotus_Flower_Hat,Flower Lily,Armor
5303,Flower_Coronet,Flower Crown,Armor
5304,Cap_Of_Blindness,Cap Of Blindness,Armor
5305,Pirate_Dagger,Pirate Dagger,Armor
5306,Freyja_Crown,Freya's Crown,Armor
5307,Carmen_Miranda's_Hat,Carmen Miranda's Hat,Armor
5308,Brazilian_Flag_Hat,Brazil National Flag Hat,Armor
5309,Mahican,Wool Mask,Armor
5310,Bulb_Hairband,Shining Electric Bulb Hairband,Armor
5311,Large_Hibiscus,Large Hisbiscus,Armor
5312,Ayothaya_Hat,Ayothaya King's Hat,Armor
5313,Diadem,Diadem,Armor
5314,Hockey_Mask,Hockey Mask,Armor
5315,Observer,Observer,Armor
5316,Umbrella_Hat,Umbrella Hat,Armor
5317,Fisherman_Hat,Fisherman's Hat,Armor
5318,Poring_Party_Hat,Poring Party Hat,Armor
5319,Hellomother_Hat,Hello Mother Hat,Armor
5320,Champion_Wreath,Champion Wreath,Armor
5321,Indonesian_Bandana,Bandana Merah Putih,Armor
5322,Scarf,Kerchief,Armor
5323,Misstrance_Crown,Misstrance Crown,Armor
5324,Little_Angel_Doll,Little Angel Doll,Armor
5325,Robo_Eye,Robo Eye,Armor
5326,Masquerade_C,Masquerade C,Armor
5327,Orc_Hero_Helm_C,Refined Helmet of Orc Hero,Armor
5328,Evil_Wing_Ears_C,Evil Wing Ears C,Armor
5329,Dark_Blindfold_C,Dark Blindfold C,Armor
5330,kRO_Drooping_Kitty_C,kRO Drooping Kitty C,Armor
5331,Corsair_C,Corsair C,Armor
5332,Loki_Mask,Loki Mask,Armor
5333,Radio_Antenna,Radio Antenna,Armor
5334,Angeling_Wanna_Fly,Flapping Angeling,Armor
5335,Jumping_Poring,Jumping Poring,Armor
5336,Guildsman_Recruiter,Guildsman Recruiter Hat,Armor
5337,Party_Recruiter_Hat,Party Recruiter Hat,Armor
5338,Bf_Recruiter_Hat,BF Recruiter Hat,Armor
5339,Friend_Recruiter_Hat,Friend Recruiter Hat,Armor
5340,Deprotai_Doll_Hat,Defolty Doll Hat,Armor
5341,Claris_Doll_Hat,Glaris Doll Hat,Armor
5342,Sorin_Doll_Hat,Sorin Doll Hat,Armor
5343,Tayelin_Doll_Hat,Telling Doll Hat,Armor
5344,Binit_Doll_Hat,Bennit Doll Hat,Armor
5345,Debril_Doll_Hat,W Doll Hat,Armor
5346,Gf_Recruiter_Hat,GF Recruiter Hat,Armor
5347,Ph.D_Hat_,Ph.D Hat,Armor
5348,Big_Sis'_Ribbon_,Big Ribbon,Armor
5349,Boy's_Cap_,Boy's Cap,Armor
5350,Pirate_Bandana_,Pirate Bandana,Armor
5351,Sunflower_,Sunflower,Armor
5352,Poporing_Cap,Poporing Cap,Armor
5353,Helm_Of_Sun_,Hat of the Sun God,Armor
5354,Muslim_Hat_M,Muslim Hat M,Armor
5355,Muslim_Hat_F,Selendang,Armor
5356,Pumpkin_Hat_H,Festival Pumpkin Hat,Armor
5357,Wings_Of_Victory,Wings Of Victory,Armor
5358,Pecopeco_Wing_Ears,Peco Ears,Armor
5359,J_Captain_Hat,Ship Captain Hat,Armor
5360,Whikebain_Ears,Hyuke's Black Cat Ears,Armor
5361,Gang_Scarf,Gangster Scarf,Armor
5362,Ninja_Scroll,Ninja Scroll,Armor
5363,Helm_Of_Abyss,Helm Of Abyss,Armor
5364,Dark_Snake_Lord_Hat,Evil Snake Lord Hat,Armor
5365,Fried_Egg,Magnolia Hat,Armor
5366,Hat_0f_King,Love Dad Bandana,Armor
5367,Hyegun_Hat,Hyegun Hat,Armor
5368,White_Wing,White Wing,Armor
5369,Dark_Wing,Dark Wing,Armor
5370,Orchid_Hairband,Orchid Hairband,Armor
5371,Hat_Of_Judge,Judge Hat,Armor
5372,Drooping_White_Kitty,Koneko Hat,Armor
5373,Darkness_Helm,Dark Randgris Helm,Armor
5374,L_Magestic_Goat,Gigantic Majestic Goat,Armor
5375,L_Orc_Hero_Helm,Orc Hero Headdress,Armor
5376,Satanic_Chain_P,Flying Evil Wing,Armor
5377,Antique_Pipe,Gentleman's Pipe,Armor
5378,Rabbit_Ear_Hat,Bunny Top Hat,Armor
5379,Balloon_Hat,Tam,Armor
5380,Fish_Head_Hat,Fish Head Hat,Armor
5381,Santa_Poring_Hat,Santa Poring Hat,Armor
5382,Bell_Ribbon,Bell Ribbon,Armor
5383,Hunting_Cap,Hunter's Cap,Armor
5384,Santa_Hat_1,Twin Pompom By JB,Armor
5385,Yoyo_Hat,Yoyo Hat,Armor
5386,Ayam_,Ayam,Armor
5387,Neko_Mimi_Kafra,Neko Mimi Kafra,Armor
5388,Snake_Head,Snake Head Hat,Armor
5389,Angel_Spirit,Angel Spirit,Armor
5390,Santa_Hat_2,Frozen Twin Pompom,Armor
5391,Toast_C,Toast,Armor
5392,Louyang_Cap,Luoyang NewYear Hat,Armor
5393,Valentine_Hat,Love Valentine's Hat,Armor
5394,Bubblegum_Lower,Bubblegum,Armor
5395,Tiraya_Bonnet,Striped Hat,Armor
5396,Jasper_Crest,Jasper Crest,Armor
5397,Scuba_Mask,Scuba Gear,Armor
5398,Bone_Head,Bone Head,Armor
5399,Mandragora_Cap,Mandragora Cap,Armor
5400,Fox_Hat,Fox Hat,Armor
5401,Black_Glasses,Black Frame Glasses,Armor
5402,Mischievous_Fairy,Mischievous Fairy,Armor
5403,Fish_In_Mouth,Fish In Mouth,Armor
5404,Blue_Ribbon,Blue Ribbon,Armor
5405,Filir_Hat,Filir Hat,Armor
5406,Academy_Freshman_Hat,Academy Freshman Hat,Armor
5407,Academy_Graduating_Cap,Academy Graduating Cap,Armor
5408,Old_Bandanna,Old Bandana,Armor
5409,New_Cowboy_Hat,Purple Cowboy Hat,Armor
5410,Bread_Bag2,Brown Paperbag Hat,Armor
5411,White_Snake_Hat,White Snake Hat,Armor
5412,Sweet_Candy,Sweet Candy,Armor
5413,Popcorn_Hat,Pop Corn Hat,Armor
5414,Campfire_Hat,Camp Fire Hat,Armor
5415,Poring_Cake_Cap,Poring Cake Hat,Armor
5416,Beer_Cap,Beer Hat,Armor
5417,Crown_Parrot,Crown Parrots,Armor
5418,Soldier_Hat,Legionnaire Hat,Armor
5419,Evolved_Leaf,Leaves Of Grass,Armor
5420,Mask_Of_Ifrit,Mask Of Ifrit,Armor
5421,Ifrit's_Ear,Ears Of Ifrit,Armor
5422,Linguistic_Book_Cap,Linguistic Book Hat,Armor
5423,Lovecap_China,I Love China,Armor
5424,Fanta_Orange_Can,Fanta Orange Can Hat,Armor
5425,Fanta_Grape_Can,Fanta Grape Can Hat,Armor
5426,Karada_Meguri_Tea_Hat,Karada Meguricha Hat,Armor
5427,Royal_Milk_Tea_Hat,Black Tea Kochakaden Hat,Armor
5428,Bread_Bag1,RWC Anniversary Bread Envelope,Armor
5429,Bogy_Cap,Dokebi Cap,Armor
5430,Sacred_Torch_Coronet,Torch Cap,Armor
5431,Chicken_Hat,Chicken Hat,Armor
5432,Brazil_Baseball_Cap,bRO 4th Anniversary Hat,Armor
5433,Golden_Wreath,Golden Laurel,Armor
5434,Cola_Can,Cola Can,Armor
5435,Coke_Hat,Red Minstrel Hat,Armor
5436,Bride's_Corolla,Bride's Corolla,Armor
5437,Flower_Of_Fairy,Fairy Flower,Armor
5438,Fillet_Green,Cute Green Ribbon,Armor
5439,Fillet_Red,Cute Red Ribbon,Armor
5440,Fillet_Blue,Cute Blue Ribbon,Armor
5441,Fillet_White,Cute White Ribbon,Armor
5442,Necktie,Necktie,Armor
5443,Status_Of_Baby_Angel,Statue Of Baby Angel,Armor
5444,Hair_Brush,Hair Brush,Armor
5445,Candy_Cane_In_The_Mouth,Candy Cane In Mouth,Armor
5446,Cat_Foot_Hairpin,Catfoot Hairpin,Armor
5447,Frog_Cap,Frog Hat,Armor
5448,Solo_Play_Box1,Indifferent Solo Hat,Armor
5449,Solo_Play_Box2,Angry Solo Hat,Armor
5450,Sun_Cap,Solar Hat,Armor
5451,Dragonhelm_Gold,RWC 2008 Dragon Helm Gold,Armor
5452,Dragonhelm_Silver,RWC 2008 Dragon Helm Silver,Armor
5453,Dragonhelm_Copper,RWC 2008 Dragon Helm Copper,Armor
5454,Dog_Cap_,Puppy Hat,Armor
5455,Geographer_Band_,Decorative Geographer,Armor
5456,Vacation_Hat_,Summer Hat,Armor
5457,Spring_Rabbit_Hat,Moon Rabbit Hat,Armor
5458,Pinwheel_Cap,Pinwheel Hat,Armor
5459,Drooping_Bunny_Chusuk,Drooping Bunny,Armor
5460,Adv_Dragon_Skull,Evolved Dragon Skull Hat,Armor
5461,Adv_Whisper_Mask,Evolved Whisper Mask,Armor
5462,Spiked_Scarf,Spiked Scarf,Armor
5463,Rainbow_Scarf,Rainbow Scarf,Armor
5464,Zaha_Doll_Hat,Zaha Doll Hat,Armor
5465,Celestial_Hat,Hat Of Fortune,Armor
5466,Wind_Milestone,Wind Milestone,Armor
5467,Helm_Of_Dragoon,Helm Of Dragon,Armor
5468,Parade_Cap,Parade Hat,Armor
5469,Noble_Hat,Musketeer Hat,Armor
5470,Eyes_Of_Darkness,Eye Of Darkness,Armor
5471,Hairband_Of_Reginleif,Hairband Of Reginleif,Armor
5472,Red_White_Hat,Red Hat,Armor
5473,Forceps_Hairpin,Nipper Crab Hairpin,Armor
5474,Notice_Board,AFK Hat,Armor
5475,Cube_Mask,Mask Cube,Armor
5476,Hairband_Of_Grandpeco,Grand Peco Hairband,Armor
5477,Bro_Flag,Brazilian Flag Hat,Armor
5478,Classic_Hat,Classic Hat,Armor
5479,Shaman's_Hair_Ornament,Shaman's Hair Decoration,Armor
5480,Bizofnil_Wing_Deco,Bijofnil Wings,Armor
5481,Hermose_Cap,Hermode Cap,Armor
5482,Dark_Knight_Mask,Dark Knight Mask,Armor
5483,Odin_Mask,Odin Mask,Armor
5484,Taiwan_Flag_Hat,Holidays Hat,Armor
5485,Tiger_Face,Tiger Face,Armor
5486,J_Anniversary_Hat,Anniversary Hat,Armor
5487,J_Poringcake_Hat,Poring Cake Hat,Armor
5488,J_Twin_Santahat,Twin Santa Hat,Armor
5489,Love_Daddy,Love Daddy Hat,Armor
5490,Anubis_Helm,Anubis Helm,Armor
5491,Hat_Of_Outlaw,Bandit Hat,Armor
5492,Boy's_Cap_I,Student Cap,Armor
5493,Ulle_Cap_I,Ulle's Cap,Armor
5494,Spinx_Helm_I,Sphinx Hat,Armor
5495,Power_Of_Thor,Power Of Thor,Armor
5496,Dice_Hat,Dice Hat,Armor
5497,King_Tiger_Doll_Hat,King Tiger Doll Hat,Armor
5498,Wondering_Wolf_Helm,Wandering Wolf Helm,Armor
5499,Pizza_Hat,Pizza Hat,Armor
5500,Icecream_Hat,Icecream Hat,Armor
5501,Pirate's_Pride,Pirate's Pride,Armor
5502,Necromencer's_Hood,Necromancer's Hood,Armor
5503,Rabbit_Magic_Hat,Rabbit Magic Hat,Armor
5504,China_Wedding_Veil,Wedding Weil,Armor
5505,Asara_Fairy_Hat,Asara Fairy Hat,Armor
5506,Blue_Pajamas_Hat,Blue Night Cap,Armor
5507,Pink_Pajamas_Hat,Pink Night Cap,Armor
5508,Shark_Hat,Shark Hat,Armor
5509,Sting_Hat,Sting hat,Armor
5510,Shower_Cap,Shower Cap,Armor
5511,Samambaia,Samambaia,Armor
5512,Aquarius_Diadem,Aquarius Diadem,Armor
5513,Aquarius_Crown,Aquarius Crown,Armor
5514,Pisces_Diadem,Pisces Diadem,Armor
5515,Pisces_Crown,Pisces Crown,Armor
5516,Hawk_Eyes01,Hawk Eyes,Armor
5517,Hawk_Eyes02,Hawk Eyes,Armor
5518,L_Magestic_Goat2,Gigantic Majestic Goat,Armor
5519,Peacock_Feather,Peacock Feather,Armor
5520,Rabbit_Earplug,Rabbit Earplugs,Armor
5521,Angry_Mouth_C,Angry Mouth,Armor
5522,Fanta_Zero_Lemon_Hat,Fanta Zero Lemon Hat,Armor
5523,Sakura_Mist_Hat,Sakura Mist Hat,Armor
5524,Sakura_Milk_Tea_Hat,Sakura Milk Tea Hat,Armor
5525,First_Leaf_Tea_Hat,Flower Hat,Armor
5526,Lady_Tanee_Doll,Tanigumi Girl Doll,Armor
5527,Lunatic_Hat,Lunatic Hat,Armor
5528,King_Frog_Hat,Frog King Hat,Armor
5529,Evil's_Bone_Hat,Satanic Bone Helm,Armor
5530,Raven_Cap,Raven Cap,Armor
5531,B_Dragon_Hat,Baby Dragon Hat,Armor
5532,Pirate_Dagger_J,Pirate Dagger,Armor
5533,Emperor_Wreath_J,Emperor Wreath,Armor
5534,Fox_Hat_J,Fox Hat,Armor
5535,Side_Cap,Side Cap,Armor
5536,Spare_Card,Spare Card,Armor
5537,Quati_Hat,Kwati Hat,Armor
5538,Tucan_Hat,Tucan Hat,Armor
5539,Jaguar_Hat,Jaguar Hat,Armor
5540,Freyja_SCirclet7,Freyja SCirclet7,Armor
5541,Freyja_SCirclet30,Freyja SCirclet30,Armor
5542,Freyja_SCirclet60,Freyja SCirclet60,Armor
5543,Freyja_SCirclet90,Freyja SCirclet90,Armor
5544,Time_Keeper_Hat,Time Keeper Hat,Armor
5545,Aries_Diadem,Aries Diadem,Armor
5546,Aries_Crown,Aries Crown,Armor
5547,RJC_Katusa,RJC Katusa Flower,Armor
5548,Scarlet_Rose,Scarlet Rose,Armor
5549,Taurus_Diadem,Taurus Diadem,Armor
5550,Taurus_Crown,Taurus Crown,Armor
5551,Holy_Egg_Hat,Holy Egg Hat,Armor
5552,Fest_Lord_Circlet,Festival Grand Circlet,Armor
5553,Fest_Bunny_Band,Festival Bunny Band,Armor
5554,Octopus_Hat,Octopus Hat,Armor
5555,Leaf_Cat_Hat,Leaf Cat Hat,Armor
5556,Fur_Seal_Hat,Seal Hat,Armor
5557,Wild_Rose_Hat,Wild Rose Hat,Armor
5558,Saci_Hat,Luxury Hat,Armor
5559,Piece_Of_White_Cloth_E,Piece Of White Cloth,Armor
5560,Bullock_Helm_J,Bullock Helm,Armor
5561,Rabbit_Magic_Hat_J,Magic Rabbit Hat,Armor
5562,Good_Wedding_Veil_J,Luxurious Wedding Veil,Armor
5563,Dolor_Hat,Dolor Hat,Armor
5564,Crown_Of_Deceit,Crown of Deceit,Armor
5565,Dragon_Arhat_Mask,Dragon Arhat Mask,Armor
5566,Tiger_Arhat_Mask,Tiger Arhat Mask,Armor
5567,Bright_Fury,Sinulog Hat,Armor
5568,Rabbit_Bonnet,Rabbit Bonnet,Armor
5569,Gemini_Diadem,Gemini Diadem,Armor
5570,Gemini_Crown,Gemini Crown,Armor
5571,Rasta_Wig,Rasta Wig,Armor
5572,Savage_Baby_Hat,Savage Babe Hat,Armor
5573,Bogy_Horn,Dokebi Horn,Armor
5574,Pencil_In_Mouth,Well-Chewed Pencil,Armor
5575,Onigiri_Hat,Rice Ball Hat,Armor
5576,Japan_Winecup,Wine Cup,Armor
5577,Dark_Knight_MaskB,Dark Knight Mask,Armor
5578,Voyage_Hat,Voyage Hat,Armor
5579,Wanderer's_Sakkat,Wanderer's Sakkat,Armor
5580,Red_Beret,Red Beret,Armor
5581,Cancer_Diadem,Cancer Diadem,Armor
5582,Cancer_Crown,Cancer Crown,Armor
5583,Para_Team_Hat,Eden Team Hat I,Armor
5584,Majestic_Evil_Horn,Majestic Devil Horn,Armor
5585,Rune_Hairband,Rune Cloth Circlet,Armor
5586,Mosquito_Coil,Mosquito Coil,Armor
5587,Mosquito_Coil_1Use,Mosquito Coil,Armor
5588,Leo_Crown,Leo Crown,Armor
5589,Leo_Diadem,Leo Diadem,Armor
5590,K_Poring_Cake_Cap,Poring Cake Hat,Armor
5591,Desert_Prince,Desert Prince,Armor
5592,Sigrun's_Wing,Sigrun's Wings,Armor
5593,K_Rabbit_Bonnet,Rabbit Bonnet,Armor
5594,Donut_In_Mouth,Donut In Mouth,Armor
5595,Eye_Of_Juno,Eye Of Juno,Armor
5596,4Leaf_Clover_In_Mouth,Four Leaf Clover,Armor
5597,Bubble_Gum_In_Mouth,Bubble Gum In Mouth,Armor
5598,Virgo_Crown,Virgo Crown,Armor
5599,Virgo_Diadem,Virgo Diadem,Armor
5600,Br_Twin_Ribbon,Brazil Twin Ribbon,Armor
5601,Br_Beret,Brazil Beret,Armor
5602,Jaguar_Hat_J,Jaguar Hat J,Armor
5603,RTC_Winner_Only,RTC First Place,Armor
5604,RTC_Second_Best,RTC Second Place,Armor
5605,RTC_Third_Best,RTC Third Place,Armor
5606,Campume_Hat,Champune Hat,Armor
5607,Lyria_Doll_Hat,Lyria Doll Hat,Armor
5608,Dorothy_Doll_Hat,Dorothy Doll Hat,Armor
5609,Chung_Hairband,Chung Hairband,Armor
5610,Ice_Wing_Ear,Ice Wing Ear,Armor
5611,Turtle_Hat,Turtle Hat,Armor
5612,F_Blue_Drooping_Kitty,F Blue Drooping Kitty,Armor
5613,F_Flying_Angel,F Flying Angel,Armor
5614,F_Smoking_Pipe_,F Smoking Pipe,Armor
5615,F_Pair_Of_Red_Ribbon_,F Pair Of Red Ribbon,Armor
5616,F_Fish_On_Head_,F Fish On Head,Armor
5617,F_Hibiscus,F Hibiscus,Armor
5618,F_Cat_Hat,F Cat Hat,Armor
5619,F_Bunny_Band_,F Bunny Band,Armor
5620,F_Magestic_Goat_TW,F Magestic Goat TW,Armor
5621,F_Sheep_Hat,F Sheep Hat,Armor
5622,F_Mini_Propeller_,F Mini Propeller,Armor
5623,F_Alice_Doll,F Alice Doll,Armor
5624,F_Red_Glasses,F Red Glasses,Armor
5625,F_Chick_Hat,F Chick Hat,Armor
5626,F_White_Deviruchi_Cap,F White Deviruchi Cap,Armor
5627,F_Vane_Hairpin,F Vane Hairpin,Armor
5628,F_Pecopeco_Hairband,F Pecopeco Hairband,Armor
5629,F_Vacation_Hat,F Vacation Hat,Armor
5630,F_Charming_Ribbon,F Charming Ribbon,Armor
5631,F_Water_Lily_Crown,F Water Lily Crown,Armor
5632,F_Vanilmirth_Hat,F Vanilmirth Hat,Armor
5633,F_Drooping_Bunny_,F Drooping Bunny,Armor
5634,F_Kettle_Hat,F Kettle Hat,Armor
5635,F_Dragon_Skull,F Dragon Skull,Armor
5636,F_Ramen_Hat,F Ramen Hat,Armor
5637,F_Pink_Fur_Hat,F Pink Fur Hat,Armor
5638,F_Puppy_Hat,F Puppy Hat,Armor
5639,F_Magic_Eyes,F Magic Eyes,Armor
5640,F_Jumping_Poring,F Jumping Poring,Armor
5641,F_Robo_Eye,F Robo Eye,Armor
5642,F_Yellow_Wizardry_Hat,F Yellow Wizardry Hat,Armor
5643,F_Crescent_Helm,F Crescent Helm,Armor
5644,F_Tiger_Mask,F Tiger Mask,Armor
5645,F_Fantastic_Wig,F Fantastic Wig,Armor
5646,F_Whisper_Mask,F Whisper Mask,Armor
5647,F_Bunny_Band_C,F Bunny Band C,Armor
5648,F_Centimental_Flower_C,F Centimental Flower C,Armor
5649,F_Apple_Of_Archer_C,F Apple Of Archer C,Armor
5650,F_Elven_Ears_C,F Elven Ears C,Armor
5651,F_Brooch_C,F Brooch C,Armor
5652,F_Magestic_Goat_C,F Magestic Goat C,Armor
5653,Darkness_Helm_J,Darkness Helm,Armor
5654,Holy_Marching_Hat_J,Holy Marching Hat,Armor
5655,Dark_Snake_Lord_Hat_J,Evil Snake Lord Hat,Armor
5656,Scooter_Hat_J,Scooter Helmet,Armor
5657,Antique_Pipe_J,Captain's Pipe,Armor
5658,Imp_Hat,Imp Hat,Armor
5659,Sleepr_Hat,Sleeper Hat,Armor
5660,Gryphon_Hat,Gryphon Hat,Armor
5661,Red_Pirate_Bandana,Red Pirate Bandana,Armor
5662,Libra_Crown,Libra Crown,Armor
5663,Libra_Diadem,Libra Diadem,Armor
5664,Filir_Wing,Filir's Pinions,Armor
5665,Shaman_Hat,Shaman Hat,Armor
5666,Golden_Crown,Golden Crown,Armor
5667,Skull_Hood,Skull Hood,Armor
5668,Weird_Pumpkin_Hat,Weird Pumpkin Hat,Armor
5669,Poring_Party_Hat_J,Poring Party Hat J,Armor
5670,Aniv_Star_Hat,Aniv Star Hat,Armor
5671,Drooping_Morocc_Minion,Drooping Morocc Minion,Armor
5672,Southern_Cross,Southern Cross,Armor
5673,Home_Cherry_Blossom,Home Cherry Blossom,Armor
5674,Pig_Moneybox,Pig Moneybox,Armor
5675,Poring_Letter,Poring Letter,Armor
5676,Scorpio_Crown,Scorpio Crown,Armor
5677,Scorpio_Diadem,Scorpio Diadem,Armor
5678,Notation_Hairband,Notation Hairband,Armor
5679,Engineer_Cap,Engineer Cap,Armor
5680,Hawkeyes,Hawkeyes,Armor
5681,F_Ribbon_Green,Green Ribbon,Armor
5682,Triangle_Rune_Cap,Triangle Rune Cap,Armor
5683,Majestic_Goat_Repl,Baphomet Horns,Armor
5684,Jewel_Crown_Repl,Ornate Crown,Armor
5685,Prontera_Army_Cap_Repl,Army Cap,Armor
5686,Feather_Bonnet_Repl,Nice Hat Feather,Armor
5687,Viking_Helm_Repl,Orc Helm,Armor
5688,2009Love_Daddy,2009 Love Dad,Armor
5689,Queen_Ant_Diadem,Queen Ant Diadem,Armor
5690,Red_Wing_Hat,Red Wing Hat,Armor
5691,Catain_Bandanna,Sailor's Bandana,Armor
5692,Sea_Cat_Hat,Sea Cat Hat,Armor
5693,No_Fear_Underware,No Fear Underwear,Armor
5694,No_Fear_P_Headgear,No Fear P Headgear,Armor
5695,E_Blue_Drooping_Kitty,E Blue Drooping Kitty,Armor
5696,E_Flying_Angel,E Flying Angel,Armor
5697,E_Smoking_Pipe_,E Smoking Pipe,Armor
5698,E_Pair_OE_Red_Ribbon_,E Pair OE Red Ribbon,Armor
5699,E_Fish_On_Head_,E Fish On Head,Armor
5700,E_Hibiscus,E Hibiscus,Armor
5701,E_Cat_Hat,E Cat Hat,Armor
5702,E_Bunny_Band_,E Bunny Band,Armor
5703,E_Magestic_Goat_TW,E Magestic Goat TW,Armor
5704,E_Sheep_Hat,E Sheep Hat,Armor
5705,E_Mini_Propeller_,E Mini Propeller,Armor
5706,E_Alice_Doll,E Alice Doll,Armor
5707,E_Red_Glasses,E Red Glasses,Armor
5708,E_Chick_Hat,E Chick Hat,Armor
5709,E_White_Deviruchi_Cap,E White Deviruchi Cap,Armor
5710,E_Vane_Hairpin,E Vane Hairpin,Armor
5711,E_Pecopeco_Hairband,E Pecopeco Hairband,Armor
5712,E_Vacation_Hat,E Vacation Hat,Armor
5713,E_Charming_Ribbon,E Charming Ribbon,Armor
5714,E_Water_Lily_Crown,E Water Lily Crown,Armor
5715,E_Vanilmirth_Hat,E Vanilmirth Hat,Armor
5716,E_Drooping_Bunny_,E Drooping Bunny,Armor
5717,E_Kettle_Hat,E Kettle Hat,Armor
5718,E_Dragon_Skull,E Dragon Skull,Armor
5719,E_Ramen_Hat,E Ramen Hat,Armor
5720,E_Pink_Fur_Hat,E Pink Fur Hat,Armor
5721,E_Puppy_Hat,E Puppy Hat,Armor
5722,E_Magic_Eyes,E Magic Eyes,Armor
5723,E_Jumping_Poring,E Jumping Poring,Armor
5724,E_Robo_Eye,E Robo Eye,Armor
5725,E_Yellow_Wizardry_Hat,E Yellow Wizardry Hat,Armor
5726,E_Crescent_Helm,E Crescent Helm,Armor
5727,E_Tiger_Mask,E Tiger Mask,Armor
5728,E_Fantastic_Wig,E Fantastic Wig,Armor
5729,E_Bunny_Band_C,E Bunny Band C,Armor
5730,E_Centimental_Flower_C,E Centimental Flower C,Armor
5731,E_Apple_OE_Archer_C,E Apple OE Archer C,Armor
5732,E_Elven_Ears_C,E Elven Ears C,Armor
5733,E_Brooch_C,E Brooch C,Armor
5734,E_Magestic_Goat_C,E Magestic Goat C,Armor
5735,E_Ribbon_Green,Green Ribbon,Armor
5736,EF_Whisper_Mask,Whisper Mask,Armor
5737,Cactus_Hat,Cactus Hat,Armor
5738,Snowman_Hat,Snowman Hat,Armor
5739,Sagittarius_Crown,Sagittarius Crown,Armor
5740,Sagittarius_Diadem,Sagittarius Diadem,Armor
5741,Im_Egg_Shell_Hat,Eternal Egg Shell,Armor
5742,Rudolf_Santa_Hat,Rudolph Santa Hat,Armor
5743,Orange_Stem_Hat,Orange Stem Hat,Armor
5744,Capricon_Crown,Capricorn Crown,Armor
5745,Capricon_Diadem,Capricorn Diadem,Armor
5746,Rune_Circlet,Rune Circlet,Armor
5747,Mitra,Mitra,Armor
5748,Sniper_Goggle,Sniper Goggles,Armor
5749,Driver_Band,Driver Band,Armor
5750,Shadow_Handicraft,Shadow Crown,Armor
5751,Minstrel_Song_Hat,Minstrel Song Hat,Armor
5752,Midas_Whisper,Midas Whispers,Armor
5753,Magic_Stone_Hat,Magic Stone Hat,Armor
5754,Blazing_Soul,Burning Spirit,Armor
5755,Silent_Executer,Silent Enforcer,Armor
5756,Wind_Whisper,Wispers of Wind,Armor
5757,Schmidt_Helm,Reissue Schmitz Helm,Armor
5758,Dying_Swan,Resting Swan,Armor
5759,Noah_Hat,Noah Hat,Armor
5760,Driver_Band_,Driver Band,Armor
5761,Sloth_Hat,Sloth Hat,Armor
5762,Duneyrr_Helm,Duneyrr Helm,Armor
5763,Red_Bunny_Band,Red Bunny Band,Armor
5764,Love_Rabbit_Hood,Love Rabbit Hood,Armor
5765,Black_Tail_Ribbon,Black Tail Ribbon,Armor
5766,Amistr_Cap,Amistr Cap,Armor
5767,Samurai_Mask,Samurai Mask,Armor
5768,Sakura_Coronet,Sakura Coronet,Armor
5769,Gold_Angel_Sculpture,Gold Angel Sculpture,Armor
5770,Splash_Hat,Splash Hat,Armor
5771,Family_Hat,Family Hat,Armor
5772,Red_Navy_Hat,Red Navy Hat,Armor
5773,Navy_Beret,Navy Beret,Armor
5774,Red_Pirate_Hat,Red Pirate Hat,Armor
5775,Choco_Donut_In_Mouth,Choco Donut In Mouth,Armor
5776,Blazing_Sun,Blazing Sun,Armor
5777,Remover_Hat,Remover Hat,Armor
5778,Blue_Arara_Hat,Blue Arara Hat,Armor
5779,Drooping_Boto,Drooping Boto,Armor
5780,Tendrilion_Hat,Tendrilion Hat,Armor
5781,Persika,Persika,Armor
5782,Hoplite_Helmet,Legionaire Helm,Armor
5783,YellowBunny_Hairband,YellowBunny Hairband,Armor
5784,PinkBunny_Hairband,PinkBunny Hairband,Armor
5785,Green_Bunny_Hairband,Green Bunny Hairband,Armor
5786,Ancient_Elven_Ear,Ancient Elven Ear,Armor
5787,Tha_Maero_Mask,Thanatos's Maero Mask,Armor
5788,3D_Glasses,3D Glasses,Armor
5789,Thanatos_Mal_Mask,Thanatos Mal Mask,Armor
5790,Holy_Mom_Love,TM,Armor
5791,Tenkaippin_Ramen,Tenkaippin Ramen,Armor
5792,Fish_Pin,Fish Pin,Armor
5793,Ribbon_Of_Life,Ribbon Of Life,Armor
5794,3D_Glasses_,3D Glasses,Armor
5795,Red_Dress_Hat,Bright Red Dress Hat,Armor
5796,Cheer_Scarf,Cheer Scarf,Armor
5797,Cheer_Scarf2,Cheer Scarf2,Armor
5798,Cheer_Scarf3,Cheer Scarf3,Armor
5799,Cheer_Scarf4,Cheer Scarf4,Armor
5800,Blush_Of_Groom,Blush of Groom,Armor
5801,Ribbon_Of_Bride,Red Tailed Ribbon,Armor
5802,Upgrade_Elephant_Hat,Upgraded Elephant Hat,Armor
5803,Flower_Love_Hat,Love Flower Hat,Armor
5804,Pirate_Eyepatch,Pirate Eye Bandage,Armor
5805,Victorious_Coronet,Victorious Coronet,Armor
5806,Poem_Natalia_Hat,Poet Natalie's Hat,Armor
5807,October_Fest_Cap,October Fest Cap,Armor
5808,Diabolus_Helmet,Dark Bacilium,Armor
5809,Boom_Boom_Hat,Boom Boom Hat,Armor
5810,Ph.D_Hat_V,Ph.D Hat V,Armor
5811,Santa_Beard,Santa's Beard,Armor
5812,Hat_Of_Expert,Hat Of Expert,Armor
5813,Red_Ph.D_Hat,Red Ph.D Hat,Armor
5814,Ati_Atihan_Hat3,2011 Pagdayaw,Armor
5815,Classic_Hat_J,Classic Hat,Armor
5816,Cowboy_Hat_J,Purple Cowboy Hat,Armor
5817,Valentine_Pledge,Valentine Pledge,Armor
5818,Carnival_Hat,Carnival Hat,Armor
5819,Carnival_Circlet,Carnival Circlet,Armor
5820,Black_Elven_Ears,Black Elven Ears,Armor
5821,Gold_Tulip_Hairpin,Gold Tulip Hairpin,Armor
5822,Love_Chick_Hat,Love Chick Hat,Armor
5823,Love_Arrow,Arrow of Love,Armor
5824,Fools_Day_Hat,Fools Day Hat,Armor
5825,Badge_Of_Order_Grace,Badge Of Order Grace,Armor
5826,Valkyrie_Helmet,Valkyrie Helmet,Armor
5827,Book_File_Hat,Book File Hat,Armor
5828,Honor_Gold_Ring,Honor Gold Ring,Armor
5829,Ordinary_Armor,Ordinary Armor,Armor
5830,Woe_Sahkkat,Woe Sahkkat,Armor
5831,Woe_Big_Sis_Ribbon,Woe Big Sis Ribbon,Armor
5832,Woe_Vane_Hairpin,Woe Vane Hairpin,Armor
5833,Woe_Picnic_Hat,Woe Picnic Hat,Armor
5834,Woe_Crown,Woe Crown,Armor
5835,Woe_Tiara,Woe Tiara,Armor
5836,Woe_Boys_Cap,Woe Boys Cap,Armor
5837,Woe_Sunglass,Woe Sunglass,Armor
5838,Woe_Fin_Helm,Woe Fin Helm,Armor
5839,Woe_Blush,Woe Blush,Armor
5840,Woe_Elven_Ears,Woe Elven Ears,Armor
5841,Shaman_Hat_,Shaman Hat,Armor
5842,Loyal_Ring1,Loyal Ring1,Armor
5843,Loyal_Ring2,Loyal Ring2,Armor
5844,Loyal_Ring3,Loyal Ring3,Armor
5845,Buzzy_Ball_Board,Buzzy Ball Board,Armor
5846,Buzzy_Ball_Gum,Buzzy Ball Gum,Armor
5847,Fools_Day_Helmet,Fools Day Helmet,Armor
5848,Robin_Eyepatch,Robin Eyepatch,Armor
5849,Doctor_Hairband,Doctor Hairband,Armor
5850,Golden_Savage_Hat,Golden Savage Hat,Armor
5851,Summer_Knight,Summer Knight,Armor
5852,Easter_Egg_Shell,Easter Egg Shell,Armor
5853,1Aniversary_Crown,IdRO Crown,Armor
5855,Fish_Rod,Fishing Rod,Armor
5856,Passion_FB_Hat,Worldcup Hat of Passion,Armor
5857,Cool_FB_Hat,Worldcup Hat of Fight,Armor
5858,Victory_FB_Hat,Worldcup Hat of Victory,Armor
5859,Glory_FB_Hat,Worldcup Hat of Honor,Armor
5864,Shadow_Booster,Shadow Booster,Armor
5865,Filir_Wing_Ears,Filir's Wing Ears,Armor
5866,Red_Cherry_Blossom,Red Cherry Blossom,Armor
5867,Hat_Of_Drowsy_Cat,Sleeping Cat,Armor
5868,Bushy_Moustache,Bushy Moustache,Armor
5869,Mimic_Egg_Shell,Mimic Egg Shell,Armor
5870,Bunny_Egg_Shell,Bunny Egg Shell,Armor
5871,Picky_Egg_Shell,Picky Egg Shell,Armor
5873,Helmet_Of_Siegfried,Helmet Of Siegfried,Armor
5874,Circlet_Of_Kriemhild,Circlet Of Kriemhild,Armor
5875,Diadem_Of_Bruenhild,Diadem Of Bruenhild,Armor
5878,Miracle_Blue_Rose,Miracle Blue Rose,Armor
5879,Poring_Sunglasses_J,Poring Sunglasses,Armor
5880,Cheering_Whistle_J,Cheering Whistle,Armor
5881,Weissbier_Hat,Weissbier Hat,Armor
5882,White_Wizardry_Hat_C,White Mage Hat C,Armor
5883,Gray_Wizardry_Hat_C,Gray Mage Hat C,Armor
5884,Blue_Wizardry_Hat_C,Blue Mage Hat C,Armor
5885,Red_Wizardry_Hat_C,Red Mage Hat C,Armor
5886,Yellow_Wizardry_Hat_C,Yellow Mage Hat C,Armor
5887,Half_L_Magestic_Goat,Half L Majestic Goat,Armor
5888,Wedding_Veil_,Wedding Veil,Armor
5889,L_Orc_Hero_Helm_,Large Orc Hero Helm,Armor
5890,Angel_Earing,Angel's Whisper,Armor
5891,Black_Cat_Hat,Black Cat Hat,Armor
5892,RCC2013_1ST_CROWN,RCC2013 1st Crown,Armor
5893,RCC2013_2ND_CROWN,RCC2013 2nd Crown,Armor
5894,RCC2013_3RD_CROWN,RCC2013 3rd Crown,Armor
5895,RCC2013_ANV_Hat,RCC2013 Commemorative Hat,Armor
5896,EGGTART_HAT,Egg Tart Hat,Armor
5897,Ascendant_Crown_,Ascendant Crown,Armor
5898,Autumn_Headband,Autumn Headband,Armor
5899,Black_Ribbon_,Black Ribbon,Armor
5900,Divine_Guard_Hat_,Divine Guard Hat,Armor
5901,Focus_Beret_,Focus Beret,Armor
5902,Harvester_Hat_,Harvester Hat,Armor
5903,Hitaikakushi_,Deadman Bandana,Armor
5904,Inconspicuous_Hat_,Inconspicuous Hat,Armor
5905,Lyrica_Hat_,Lyrica Hat,Armor
5906,Oni_Horns_,Oni Horns,Armor
5907,Sea_Captain_Hat_,Sea Captain Hat,Armor
5908,Accessory_of_Ascetic,Priest Decoration,Armor
5909,C_Valkyrie_Circlet,Costume Valkyrie Circlet,Armor
5911,C_Imperial_Feather,Costume Imperial Feather,Armor
5912,C_Minions_Of_Devil,Costume Servant Deviling,Armor
5913,C_Anemos_Mask,Costume Mask of Anemos,Armor
5914,C_Flutter_Butterfly,Costume Flutter Butterfly,Armor
5915,C_Angel_Veil,Costume Angel Veil,Armor
5916,Exosrcist_Glass,Exorcist Glasses,Armor
5917,Yellow_Scarf,Yellow Scarf,Armor
5918,Gambler_Seal,Gambler's Seal,Armor
5919,Camellia_Hair_Pin,Camellia Hair Ornament,Armor
5920,Medical_Boots,Medical Boots,Armor
5921,Monster_Fish_Gill,Monster Fish Gills,Armor
5924,DragonKnight_Eyepatch,Dragon Knight Eye Patch,Armor
5930,Magical_Feather,Magical Feather,Armor
5931,Niflheim_Bunny_Hat,Niflheim Bunny Hat,Armor
5932,Heaven_Cage,Paradise Bird Cage,Armor
5933,Crow_Tengu_Mask,Crow Tengu Mask,Armor
5934,Happy_Balloon_J,Happy Balloon,Armor
5936,8_Type_PurgatorialWing,8 Styles Purgatory Wings,Armor
5937,Flying_Helmet,Flying Helmet,Armor
5938,Octopus_Hat_J,Octopus Hat,Armor
5940,Boitata_Hat_J,Boitata Hat,Armor
5943,Owlviscount_Silk_Hat,Owl Viscount Silk Hat,Armor
5944,Thief_Hood,Bandit Hood,Armor
5945,Red_Pencil_Mouth,Well-Chewed Pencil (Red),Armor
5946,Drama_Clockwork,Drama Clockwork,Armor
5953,Love_Guard_L,[Rental] Love Guard,Armor
5963,Wing_Headphone,Wing Headphone,Armor
5965,Riot_Chip_J,Riot Chip,Armor
5966,KarduiEar,Kardui Ear,Armor
5967,FlyingGalapago,Flying Galapago,Armor
5968,DVAngelNurseCap,Clergy Nurse Cap,Armor
5969,QueenAnzRevenge,Queen Anz Revenge,Armor
5970,RuneHelm,Rune Helm,Armor
5971,Moon_Eyepatch,Moon Eyepatch,Armor
5972,Chatty_Parrot,Chatty Parrot,Armor
5973,Ancient_Elven_Ear_J,Ancient Elven Ear,Armor
5975,Zherlthsh_Doll,Zealotus Doll,Armor
5977,C_Poker_Card_In_Mouth,Costume: Poker Card In Mouth,Armor
5978,Toy_Syringe,Toy Syringe,Armor
5979,C_Angel_Fluttering,Costume Fluttering Angel's Wing,Armor
5980,C_Classical_Fhat,Costume Classical Feather Hat,Armor
5981,C_Satanic_Chain_P,Costume Flapping Devil Wings,Armor
5985,Noble_Mask,Noble Mask,Armor
5986,Whikebain_Ears_,Wickebine's Black Cat Ears,Armor
9001,Poring_Egg,Poring Egg,Petegg
9002,Drops_Egg,Drops Egg,Petegg
9003,Poporing_Egg,Poporing Egg,Petegg
9004,Lunatic_Egg,Lunatic Egg,Petegg
9005,Picky_Egg,Picky Egg,Petegg
9006,Chonchon_Egg,Chonchon Egg,Petegg
9007,Steel_Chonchon_Egg,Steel Chonchon Egg,Petegg
9008,Hunter_Fly_Egg,Hunter Fly Egg,Petegg
9009,Savage_Bebe_Egg,Savage Babe Egg,Petegg
9010,Baby_Desert_Wolf_Egg,Baby Desert Wolf Egg,Petegg
9011,Rocker_Egg,Rocker Egg,Petegg
9012,Spore_Egg,Spore Egg,Petegg
9013,Poison_Spore_Egg,Poison Spore Egg,Petegg
9014,PecoPeco_Egg,Peco Peco Egg,Petegg
9015,Smokie_Egg,Smokie Egg,Petegg
9016,Yoyo_Egg,Yoyo Egg,Petegg
9017,Orc_Warrior_Egg,Orc Warrior Egg,Petegg
9018,Munak_Egg,Munak Egg,Petegg
9019,Dokkaebi_Egg,Dokebi Egg,Petegg
9020,Sohee_Egg,Sohee Egg,Petegg
9021,Isis_Egg,Isis Egg,Petegg
9022,Green_Petite_Egg,Green Petite Egg,Petegg
9023,Deviruchi_Egg,Deviruchi Egg,Petegg
9024,Bapho_Jr._Egg,Bapho Jr. Egg,Petegg
9025,Bongun_Egg,Bongun Egg,Petegg
9026,Zherlthsh_Egg,Zealotus Egg,Petegg
9027,Alice_Egg,Alice Egg,Petegg
9028,Rice_Cake_Egg,Hard Rice Cake,Petegg
9029,Santa_Goblin_Egg,Christmas Goblin's Egg,Petegg
9030,Chung_E_Egg,Green Maiden Egg,Petegg
9031,Spring_Rabbit_Egg,Spring Rabbit Egg,Petegg
9032,Knife_Goblin_Egg,Knife Goblin Egg,Petegg
9033,Flail_Goblin_Egg,Flail Goblin Egg,Petegg
9034,Hammer_Goblin_Egg,Hammer Goblin Egg,Petegg
9035,Red_Deleter_Egg,Red Deleter Egg,Petegg
9036,Diabolic_Egg,Diabolic Egg,Petegg
9037,Wanderer_Egg,Wanderer Egg,Petegg
9038,New_Year_Doll_Egg,New Year Doll Egg,Petegg
9039,Bacsojin_Egg,Bacsojin Egg,Petegg
9040,Civil_Servant_Egg,Civil Servant Egg,Petegg
9041,Leaf_Cat_Egg,Leaf Cat Egg,Petegg
9042,Loli_Ruri_Egg,Loli Ruri Egg,Petegg
9043,Marionette_Egg,Marionette Egg,Petegg
9044,Shinobi_Egg,Shinobi Egg,Petegg
9045,Whisper_Egg,Whisper Egg,Petegg
9046,Goblin_Leader_Egg,Goblin Leader Egg,Petegg
9047,Wicked_Nymph_Egg,Wicked Nymph Egg,Petegg
9048,Miyabi_Ningyo_Egg,Miyabi Ningyo Egg,Petegg
9049,Dullahan_Egg,Dullahan Egg,Petegg
9050,Medusa_Egg,Medusa Egg,Petegg
9051,Stone_Shooter_Egg,Stone Shooter Egg,Petegg
9052,Incubus_Egg,Incubus Egg,Petegg
9053,Golem_Egg,Golem Egg,Petegg
9054,Nightmare_Terror_Egg,Nightmare Terror Egg,Petegg
9055,Succubus_Egg,Succubus Egg,Petegg
9056,Imp_Egg,Imp Egg,Petegg
9057,Egg_Of_Tiny,Egg Of Tiny,Petegg
9058,Snow_Rabbit_Egg,Christmas Snow Rabbit Egg,Petegg
9059,Tikbalang_Pet,Tikbalang Egg,Petegg
9060,Brownie_Egg,Domovoi Egg,Petegg
9061,Marin_Egg,Marin Egg,Petegg
9062,Novice_Poring_Egg,Novice Poring Egg,Petegg
9063,Woodie_Egg,Woodie Egg,Petegg
9064,Elephant_Egg,Elephant Egg,Petegg
9065,Gorilla_Egg,Gorilla Egg,Petegg
9066,Lion_Egg,Lion Egg,Petegg
9067,Rhino_Egg,Rhino Egg,Petegg
9068,Blue_Unicorn_Egg,Blue Unicorn Egg,Petegg
9069,Mastering_Egg,Mastering Egg,Petegg
9070,Savage_Egg,Savage Egg,Petegg
9071,Grand_Peco_Egg,Grand Peco Peco Egg,Petegg
9072,Orc_Hero_Egg,Orc Hero Egg,Petegg
9073,Orc_Lord_Egg,Orc Lord Egg,Petegg
9074,Rubylit_Egg,Rubylit Egg,Petegg
9075,Sapphilit_Egg,Sapphilit Egg,Petegg
9076,Emelit_Egg,Emelit Egg,Petegg
9077,Topalit_Egg,Topalit Egg,Petegg
9078,Amelit_Egg,Amelit Egg,Petegg
9079,Mythlit_Egg,Mythlit Egg,Petegg
9080,Tamadora_Egg,Tamadora Egg,Petegg
9087,High_Orc_Egg,High Orc Egg,Petegg
9088,Angeling_Egg,Angeling Egg,Petegg
9089,Ammut_Egg,Am Mut Egg,Petegg
9090,Littleisis_Egg,Little Isis Egg,Petegg
9091,Choco_Egg,Choco Egg,Petegg
9092,Eggring_Egg,Eggring Egg,Petegg
9093,Hyegun_Egg,Hyegun Egg,Petegg
9094,Leaf_Lunatic_Egg,Leaf Lunatic Egg,Petegg
9095,Nine_Tail_Egg,Nine Tail Egg,Petegg
9096,Cat_O_Nine_Tail_Egg,Cat o Nine Tail Egg,Petegg
9097,Diabolic_Egg2,Diabolic Egg,Petegg
9098,Red_Deleter_Egg2,Fire Deleter Egg,Petegg
9099,Teddy_Bear_Egg,Teddy Bear Egg,Petegg
9100,Gremlin_Egg,Gremlin Egg,Petegg
9101,Scatletoncarrier,Scatleton's Cage,Petegg
9102,Mummy_Egg,Mummy Egg,Petegg
9103,Wilow_Egg,Willow Egg,Petegg
9104,Roween_Egg,Roween Egg,Petegg
9105,Hodremlin_Egg,Hodremlin Egg,Petegg
9106,Metaller_Egg,Metaller Egg,Petegg
9107,Ancient_Mummy_Egg,Ancient Mummy Egg,Petegg
9108,Xm_Teddybear_Egg,Xmas Teddy Bear Egg,Petegg
9109,Sweets_Drops_Egg,Sweet Drops Egg,Petegg
9111,Phreeoni_Egg,Phreeoni Egg,Petegg
9112,Moonlight_Egg,Moonlight Egg,Petegg
9113,Roost_Of_Skelion,Roost Of Skelion,Petegg
9114,Pouring_Egg,Pouring Egg,Petegg
9115,Bacsojin_Egg2,Bacsojin Egg,Petegg
9116,Nightmare_TerrorH_EGG,Rigid Nightmare Terror Egg,Petegg
9117,Wanderer_H_EGG,Contaminated Wanderer Egg,Petegg
9118,Aliot_EGG,Aliot Egg,Petegg
9119,Alicel_EGG,Alicel Egg,Petegg
9120,Aliza_EGG,Aliza Egg,Petegg
9121,Ork_Hero_EGG,Orc Hero Egg,Petegg
9122,Gloom_Under_Egg,Gloom Under Night Egg,Petegg
9123,Ep17_2_C_Admin1_Egg,Child Admin Beta Egg,Petegg
9124,Ep17_2_C_Admin2_Egg,Child Admin Alpha Egg,Petegg
9125,E_Duckling_Egg,Wandering Duck Doll Egg,PetEgg
9126,Kiel_Egg,Kiel-D-01 Egg,PetEgg
9128,Dark_Priest_Egg,Dark Priest Egg,Petegg
9129,Desert_Wolf_Egg,Desert Wolf Egg,PetEgg
9130,Chaos_Bapho_Jr_Egg,Chaotic Baphomet Junior Egg,PetEgg
9131,Fire_Golem_Egg,Fire Golem Egg,PetEgg
9132,Abyss_Knight_Egg,Abysmal Knight Egg,PetEgg
9133,Change_W_Knight_Egg,Mutated White Knight Egg,PetEgg
9134,White_Knight_Egg,White Knight Egg,PetEgg
9137,Baphomet_Egg,Baphomet Egg,PetEgg
9138,Farmiliar_Egg,Familiar Egg,PetEgg
9139,Dark_Illusion_Egg,Dark Illusion Egg,PetEgg
9140,Blue_Moon_Loli_Ruri_Egg,Blue Moon Loli Ruri Egg,PetEgg
9141,Wild_Rose_Egg2,Wild Rose Egg,PetEgg
9142,Eddga_Egg2,Eddga Egg,PetEgg
9144,Larva_Violet_Egg,Violet Egg,PetEgg
9145,Copo_Egg,Copo Egg,PetEgg
9146,Grey_Icewind_Egg,Gray Icewind Egg,PetEgg
9147,Icewind_Egg,Icewind Egg,PetEgg
9148,Dark_Lord_Egg,Dark Lord Egg,PetEgg
9155,aegis_9155,Hornet Egg,PetEgg
9156,Sonic_Chao_Egg,Chao Egg,PetEgg
9157,aegis_9157,Ice Seahorse Egg,PetEgg
9169,aegis_9169,Clock Tower Manager Egg,PetEgg
9170,aegis_9170,Angelgolt Egg,PetEgg
9171,aegis_9171,Timeholder Egg,PetEgg
9183,CLB_SS_Egg01,Fei-Chai Egg,PetEgg
9184,CLB_SS_Egg02,Tai-Zi Egg,PetEgg
9187,Skeggiold_Egg,Skeggiold Egg,PetEgg
9190,aegis_9190,Clock Egg,PetEgg
9192,aegis_9192,Giant Hornet Egg,PetEgg
9193,aegis_9193,Mistress Egg,PetEgg
10001,Skull_Helm,Skull Helm,Petarmor
10002,Monster_Oxygen_Mask,Monster Oxygen Mask,Petarmor
10003,Transparent_Headgear,Transparent Head Protector,Petarmor
10004,Pacifier,Pacifier,Petarmor
10005,Wig,Wig,Petarmor
10006,Queen's_Hair_Ornament,Queen's Hair Ornament,Petarmor
10007,Silk_Ribbon,Silk Ribbon,Petarmor
10008,Punisher,Punisher,Petarmor
10009,Wild_Flower,Wild Flower,Petarmor
10010,Battered_Pot,Battered Pot,Petarmor
10011,Stellar_Hairpin,Stellar Hairpin,Petarmor
10012,Tiny_Egg_Shell,Tiny Egg Shell,Petarmor
10013,Backpack,Backpack,Petarmor
10014,Rocker_Glasses,Rocker Glasses,Petarmor
10015,Green_Lace,Green Lace,Petarmor
10016,Golden_Bell,Golden Bell,Petarmor
10017,Bark_Shorts,Bark Shorts,Petarmor
10018,Monkey_Circlet,Monkey Circlet,Petarmor
10019,Red_Muffler,Red Scarf,Petarmor
10020,Sword_Of_Grave_Keeper,Grave Keeper's Sword,Petarmor
10021,Round_Hair_Ornament,Circular Headgear,Petarmor
10022,Golden_Earing,Gold Earring,Petarmor
10023,Green_Lucky_Bag,Green Jewel Bag,Petarmor
10024,Fashionable_Glasses,Fashion Glasses,Petarmor
10025,Star_Hairband,Hairband Of Stars,Petarmor
10026,Wine_On_Sleeve,Tassel for Durumagi,Petarmor
10027,Spirit_Chain_,Pet Soul Ring,Petarmor
10028,Nice_Badge,Beautiful Badges,Petarmor
10029,Jade_Trinket,Jade Trinket,Petarmor
10030,Summer_Fan,Summer Fan,Petarmor
10031,Death_Coil,Ring Of Death,Petarmor
10032,Queen's_Coronet,Queen's Coronet,Petarmor
10033,Apro_Hair,Afro,Petarmor
10034,Ball_Mask,Masked Ball,Petarmor
10035,Windup_Spring,Spring,Petarmor
10036,Hell_Horn,Horn Of Hell,Petarmor
10037,Black_Butterfly_Mask,Black Butterfly Mask,Petarmor
10038,Horn_Protector,Horn Barrier,Petarmor
10039,Tw_Backpack,Tw Backpack,Petarmor
10040,Red_Chorker_Bell,Red Bell Necklace,Petarmor
10041,Twinkle_Star_Button,Shiny Star Button,Petarmor
10042,Dark_Mane,Dark Mane,Petarmor
10043,Ep_17_2_C_Admin1_Acc,Little Headdress Beta,PetArmor
10044,Ep_17_2_C_Admin2_Acc,Little Headdress Alpha,PetArmor
10045,C_Twinkle_Star_Button,Duck Doll's Star Button,PetArmor
13000,Jujube_Dagger,Jujube Dagger,Weapon
13001,Dragon_Killer,Dragon Killer,Weapon
13002,Ginnungagap,Ginnungagap,Weapon
13003,Coward,Cowardice Blade,Weapon
13004,Coward_,Cowardice Blade,Weapon
13005,Counter_Dagger_IL_J,Angelic Wing Dagger,Weapon
13006,Khukri,Khukri,Weapon
13007,Jitte,Jitte,Weapon
13008,Jitte_,Jitte,Weapon
13009,Kamaitachi,Kamaitachi,Weapon
13010,Asura,Asura,Weapon
13011,Asura_,Asura,Weapon
13012,Murasame,Murasame,Weapon
13013,Murasame_,Murasame,Weapon
13014,Hakujin,Hakujin,Weapon
13015,Hakujin_,Hakujin,Weapon
13016,Poison_Knife_,Poison Knife,Weapon
13017,House_Auger_,Ice Pick,Weapon
13018,Sucsamad_,Sucsamad,Weapon
13019,Ginnungagap_,Ginnungagap,Weapon
13020,Warrior_Balmung_,Warrior's Balmung,Weapon
13021,Combat_Knife_C,Combat Knife,Weapon
13022,Counter_Dagger_C,Dagger of Counter,Weapon
13023,Asura_C,Ashura,Weapon
13024,Sword_Breaker_C,Refined Swordbreaker,Weapon
13025,Mail_Breaker_C,Refined Mailbreaker,Weapon
13026,Moonlight_Sword_C,Moonlight Dagger,Weapon
13027,Scalpel,Scalpel,Weapon
13028,Tooth_Blade,Tooth Blade,Weapon
13029,Prinsence_Knife,Prinsense Knife,Weapon
13030,Dragon_Killer_,Dragon Killer,Weapon
13031,Sword_Breaker_,Swordbreaker,Weapon
13032,Mail_Breaker_,Mailbreaker,Weapon
13033,Assasin_Dagger_,Assassin Dagger,Weapon
13034,Twilight_Desert,Desert Twilight,Weapon
13035,Sandstorm,Sandstorm,Weapon
13036,BF_Dagger1,Brave Assassin's Damascus,Weapon
13037,BF_Dagger2,Valorous Assassin's Damascus,Weapon
13038,Dagger_Of_Hunter,Dagger of Hunter,Weapon
13039,Ivory_Knife,Ivory Knife,Weapon
13040,N_Cutter,Novice Cutter,Weapon
13041,N_Main_Gauche,Novice Main Gauche,Weapon
13042,Krieger_Dagger1,Glorious Gladius,Weapon
13043,Fortune_Sword_I,Fortune Sword,Weapon
13044,House_Auger_I,Ice Pick,Weapon
13045,Kamaitachi_I,Kamaitachi,Weapon
13046,Krieg,Krierg,Weapon
13047,Weihna,Weihna,Weapon
13048,Damascus_C,Damascus,Weapon
13049,Lacma,Lacma,Weapon
13050,P_Dagger1,Eden Dagger I,Weapon
13051,P_Dagger2,Eden Dagger II,Weapon
13052,Tourist_Dagger,Tourist Dagger,Weapon
13053,F_Moonlight_Sword_C,Moonlight Sword,Weapon
13054,F_Combat_Knife_C,Combat Knife,Weapon
13055,F_Asura_C,Asura,Weapon
13056,F_Counter_Dagger_C,Counter Dagger,Weapon
13057,E_Moonlight_Sword_C,Moonlight Sword,Weapon
13058,E_Combat_Knife_C,Combat Knife,Weapon
13059,E_Asura_C,Asura,Weapon
13060,E_Counter_Dagger_C,Counter Dagger,Weapon
13061,Black_Wing,Black Wing,Weapon
13062,Ancient_Dagger,Ancient Dagger,Weapon
13063,Adventure_Knife,Adventure Knife,Weapon
13064,Academy_Knife,Academy Knife,Weapon
13065,Academy_Eti_Knife,Academy Eti Knife,Weapon
13066,P_Dagger3,Eden Dagger III,Weapon
13067,Caress,Keris,Weapon
13068,Saurel,Pompano,Weapon
13069,Aztoe_Nail,As-nail,Weapon
13070,Scarletto_Nail,Scarlet-nail,Weapon
13071,Upg_Dagger,Upgrade Dagger,Weapon
13072,Velum_Damascus,Vellum Damascus,Weapon
13073,Counter_Dagger_,Counter Dagger,Weapon
13074,Ninja_Cutter,Ninja Sword Prototype,Weapon
13075,Kurenai,Kurenai,Weapon
13076,Raksasa_Dagger,Nachal Sword,Weapon
13077,Kagekiri,Kagekiri,Weapon
13078,Mikatsuki,Mikacheuki,Weapon
13079,Metal_Dagger,Metal Dagger,Weapon
13080,Rogue_Kinfe,Rogue Kinfe,Weapon
13081,Octo_kitchen_Knife,Octopus Knife,Weapon
13082,Ivory_Knife_,Ivory Knife,Weapon
13083,TE_Woe_Knife,TE Woe Knife,Weapon
13084,Eihwaz_Knife,Eihwaz Knife,Weapon
13085,Volcano_Knife,Volcano Knife,Weapon
13086,Goldsmithing_Dagger,Goldsmithing Dagger,Weapon
13087,Hagalas_Knife,Hagalas Knife,Weapon
13088,Krishnagar,Krishnagar,Weapon
13089,FaceWorm_Leg,Faceworm Leg,Weapon
13090,FaceWormQueen_Leg,Faceworm Queen Leg,Weapon
13091,Owl_Cutter,Owl's Dagger,Weapon
13092,RWC_Memory_Knife,RWC Memory Knife,Weapon
13093,Thanos_Dagger,Thanos Dagger,Weapon
13094,Dagger_Of_Evil_Slayer,Evil Slayer Stabber Dagger,Weapon
13096,Half_BF_Dagger2,Half BF Dagger2,Weapon
13097,Ru_Blue_Dagger,Blue Dagger,Weapon
13098,Ru_Blue_Ashura,Blue Ashura,Weapon
13099,Ru_Blue_Knife,Blue Knife,Weapon
13100,Six_Shooter,Six Shooter,Weapon
13101,Six_Shooter_,Six Shooter,Weapon
13102,Crimson_Bolt,Crimson Bolt,Weapon
13103,Crimson_Bolt_,Crimson Bolt,Weapon
13104,The_Garrison,Garrison,Weapon
13105,The_Garrison_,Garrison,Weapon
13106,Gold_Lux,Gold Lux,Weapon
13107,Wasteland_Outlaw,Wasteland's Outlaw,Weapon
13108,BF_Pistol1,Soldier Revolver,Weapon
13109,Wasteland_Outlaw_C,Wasteland Outlaw,Weapon
13110,Krieger_Pistol1,Glorious Pistol,Weapon
13111,Sharpshooter_Revolver,Sharpshooter Revolver,Weapon
13112,P_Revolver1,Eden Revlover I,Weapon
13113,P_Revolver2,Eden Revlover II,Weapon
13114,P_Revolver3,Eden Revolver III,Weapon
13115,Upg_Revolver,Upgrade Revolver,Weapon
13116,Novice_Revolver,Novice Revolver,Weapon
13117,TE_Woe_Pistol,TE Woe Pistol,Weapon
13118,Tiny_Flame,Fading Flame,Weapon
13119,Freedom_Flame,Freedom Flame,Weapon
13120,H_FEATHER_H_FIRE,Heaven's Feather & Hell's Fire,Weapon
13122,ALTAIR_ARES,Altair & Ares,Weapon
13124,ALTAIR_ARES_,Altair & Ares,Weapon
13125,Metal_Revolver,Metal Revolver,Weapon
13126,Gun_Of_Infinite,Infinity Pistol,Weapon
13127,Scarlet_Revolver,Crimson Revolver,Weapon
13128,Sinister_Revolver,Vicious Mind Revolver,Weapon
13129,Union_Revolver,Unity Revolver,Weapon
13130,Gun_of_Trust,Thunder Gun,Weapon
13131,Gun_of_Trust2,[Rental] Hunting Gun,Weapon
13132,Toughen_Metal_Revolver,Enhanced Metal Revolver,Weapon
13133,UnrivaledGun,Unrivaled Gun,Weapon
13134,ALTAIR_ARES_J,Altair Ares,Weapon
13135,H_FEATHER_H_FIRE_J,Heaven's Feather & Hell's Fire,Weapon
13136,Probation_Revolver,Trial Rebel's Revolver,Weapon
13137,Avenger_Revolver,Avenger Handgun,Weapon
13138,Dark_Rose,Dark Rose,Weapon
13139,Blue_Gun,Blue Gun,Weapon
13140,Diva_Handgun,Diva Handgun,Weapon
13141,Mirage_Handgun,Mirage Handgun,Weapon
13142,Sinister_Revolver_J,Handgun of Evil,Weapon
13144,Rebeginer_RL_Gun,Beginner Rebel's Revolver,Weapon
13145,Calf_Deathadder_J,Metal Deathadder,Weapon
13146,Calf_Deathadder,Calf Deathadder,Weapon
13150,Branch,Branch,Weapon
13151,The_Cyclone,Cyclone,Weapon
13152,The_Cyclone_,Cyclone,Weapon
13153,Dusk,Dusk,Weapon
13154,Rolling_Stone,Rolling Stone,Weapon
13155,Black_Rose,Black Rose,Weapon
13156,Gate_Keeper,Gate Keeper,Weapon
13157,Drifter,Drifter,Weapon
13158,Butcher,Butcher,Weapon
13159,Butcher_,Butcher,Weapon
13160,Destroyer,Destroyer,Weapon
13161,Destroyer_,Destroyer,Weapon
13162,Inferno,Inferno,Weapon
13163,Long_Barrel,Long Barrel,Weapon
13164,Long_Barrel_,Long Barrel,Weapon
13165,Jungle_Carbine,Jungle Carbine,Weapon
13166,Jungle_Carbine_,Jungle Carbine,Weapon
13167,Gate_KeeperDD,Gate Keeper-DD,Weapon
13168,Thunder_P,Thunder P,Weapon
13169,Thunder_P_,Thunder P,Weapon
13170,Lever_Action_Rifle,Lever Action Rifle,Weapon
13171,BF_Rifle1,Soldier Rifle,Weapon
13172,BF_Gatling_Gun1,Soldier Gatling Gun,Weapon
13173,BF_Shotgun1,Soldier Shotgun,Weapon
13174,BF_Launcher1,Soldier Grenade Launcher,Weapon
13175,Lever_Action_Rifle_C,Lever Action Rifle,Weapon
13176,Krieger_Rifle1,Glorious Rifle,Weapon
13177,Krieger_Gatling1,Glorious Gatling Gun,Weapon
13178,Krieger_Shotgun1,Glorious Shotgun,Weapon
13179,Krieger_Launcher1,Glorious Grenade Launcher,Weapon
13180,Novice_Rifle,Novice Rifle,Weapon
13181,Novice_Shotgun,Novice Shotgun,Weapon
13182,Novice_Gatling,Novice Gatling,Weapon
13183,Novice_Grenade_Launcher,Novice Grenade Launcher,Weapon
13184,TE_Woe_Rifle,TE Woe Rifle,Weapon
13185,TE_Woe_Gatling,TE Woe Gatling,Weapon
13186,TE_Woe_Shotgun,TE Woe Shotgun,Weapon
13187,TE_Woe_Grenade,TE Woe Grenade,Weapon
13189,COLORSCOPE,Color Scope,Weapon
13190,RAG203_,RAG203,Weapon
13192,DEATHFIRE,Death Fire,Weapon
13193,R_THUNDER,Rolling Thunder,Weapon
13194,P_BREAKER,Peace Breaker,Weapon
13195,RAG203,RAG203,Weapon
13196,P_BREAKER_,Peace Breaker,Weapon
13197,MINIMAY,Mini Mei,Weapon
13198,TEMPEST,Tempest,Weapon
13199,TEMPEST_,Tempest,Weapon
13300,Huuma_Bird_Wing,Huuma Wing Shuriken,Weapon
13301,Huuma_Giant_Wheel,Huuma Giant Wheel Shuriken,Weapon
13302,Huuma_Giant_Wheel_,Huuma Giant Wheel Shuriken,Weapon
13303,Huuma_Blaze,Huuma Blaze Shuriken,Weapon
13304,Huuma_Calm_Mind,Huuma Calm Mind,Weapon
13305,BF_Huuma_Shuriken1,Brave Huuma Front Shuriken,Weapon
13306,BF_Huuma_Shuriken2,Valorous Huuma Front Shuriken,Weapon
13307,Krieger_Huuma_Shuriken1,Glorious Shuriken,Weapon
13308,Huuma_Blaze_I,Huuma Blaze Shuriken,Weapon
13309,Huuma_Giant_Wheel_C,Huuma Giant Wheel Shuriken,Weapon
13310,P_Huuma_Shuriken1,P.Huuma Suriken I,Weapon
13311,Huuma_Shadow,Sword Huuma Shuriken,Weapon
13312,Huuma_Job_Test,Prototype Huuma Shuriken,Weapon
13313,Huuma_Swirling_Petal,Flower Huuma Shuriken,Weapon
13314,Huuma_Fluttering_Snow,Wave Huuma Shuriken,Weapon
13315,Huuma_Thunderstorm,Thunderstorm Huuma Shuriken,Weapon
13316,Upg_Huuma_Shuriken,Upg Huuma Shuriken,Weapon
13317,TE_Woe_Huuma,TE Woe Huuma,Weapon
13321,Half_BF_Huuma_Shuriken2,Half BF Huuma Shuriken,Weapon
13322,Metal_Huuma_Shuriken,Huuma Metal Shuriken,Weapon
13323,Huuma_Of_Infinite,Infinity Shuriken,Weapon
13327,Scarlet_Huuma,Crimson Huuma Shuriken,Weapon
13328,Sinister_Huuma,Vicious Mind Huuma Shuriken,Weapon
13329,Union_Huuma,Unity Huuma Shuriken,Weapon
13330,Toughen_Metal_Shuriken,Enhanced Metal Huuma Shuriken,Weapon
13332,Huuma_Hundred_Petal,Huuma Shuriken of Dancing Petals,Weapon
13333,Diva_Huuma,Diva Huuma,Weapon
13334,Mirage_Huuma,Mirage Huuma,Weapon
13335,Sinister_Huuma_J,Huuma of Evil,Weapon
13336,Probation_Huuma,Trial Ninja's Huuma Shuriken,Weapon
13337,Huuma_Flutter_Snow_IL,Illusion Huuma Fluttering Snow,Weapon
13338,Huuma_Bird_Wing_IL,Illusion Wing Shuriken,Weapon
13339,Neev_Huuma_Shuriken,Neev Huuma Shuriken,Weapon
13340,Huuma_Hundred_Petal_J,Huuma Shuriken of Dancing Petals,Weapon
13341,Rebeginer_KO_Humma,Beginner Kagerou&Oboro's Huuma Shuriken,Weapon
13343,Variant_Huuma,Abyss Huuma,Weapon
13345,Humma_Clear,Huuma Shuriken Clearness,Weapon
13346,Ein_BHHuuma,Grinder Huuma Shuriken,Weapon
13347,R_Huuma_Shuriken,Royal Huuma Shuriken,Weapon
13400,Cutlas_,Cutlus,Weapon
13401,Excalibur_C,Excalibur,Weapon
13402,Cutlas_C,Cutlus,Weapon
13403,Solar_Sword_C,Solar Sword,Weapon
13404,Platinum_Shotel,Platinum Shotel,Weapon
13405,Curved_Sword,Curved Sword,Weapon
13406,Edger,Edger,Weapon
13407,Nagan_C,Refined Nagan,Weapon
13408,Fire_Brand_C,Refined Fireblend,Weapon
13409,Immaterial_Sword_C,Refined Immaterial Sword,Weapon
13410,BF_Sword1,Valorous Gladiator Blade,Weapon
13411,BF_Sword2,Brave Gladiator Blade,Weapon
13412,Twin_Edge_B,Twin Edge of Naght Sieger,Weapon
13413,Twin_Edge_R,Twin Edge of Naght Sieger,Weapon
13414,Elemental_Sword,Elemental Sword,Weapon
13415,N_Falchion,Novice Falchion,Weapon
13416,Krieger_Onehand_Sword1,Glorious Flamberge,Weapon
13417,Krieger_Onehand_Sword2,Glorious Rapier,Weapon
13418,Krieger_Onehand_Sword3,Glorious Holy Avenger,Weapon
13419,Holy_Saber,Holy saber,Weapon
13420,Honglyun's_Sword,Honglyun's Sword,Weapon
13421,Ruber,Ruber,Weapon
13422,Flamberge_C,Flamberge,Weapon
13423,P_Sabre1,Eden Sabre I,Weapon
13424,P_Sabre2,Eden Sabre II,Weapon
13425,Tourist_Sword,Tourist Sword,Weapon
13426,F_Cutlas_C,Cutlus,Weapon
13427,F_Solar_Sword_C,Solar Sword,Weapon
13428,Priest_Sword,Priest Sword,Weapon
13429,E_Cutlas_C,Cutlus,Weapon
13430,E_Solar_Sword_C,Solar Sword,Weapon
13431,Chrome_Sword,Chrome Sword,Weapon
13432,Adventure_Sword,Adventure Sword,Weapon
13433,Academy_Sword,Academy Sword,Weapon
13434,P_Saber3,Eden Saber III,Weapon
13435,Fire_Brand_,Fireblend,Weapon
13436,Ice_Falchon_,Ice Falchion,Weapon
13437,Orcish_Sword_,Orcish Sword,Weapon
13438,Magical_Blade,Magical Blade,Weapon
13439,TE_Woe_Sword,TE Woe Sword,Weapon
13440,Ceremonial_Sword,Ceremonial Sword,Weapon
13441,Thanos_Sword,Thanos Sword,Weapon
13442,Old_Parasol,Old Parasol,Weapon
13444,Pala,Pala,Weapon
13445,Half_BF_Sword1,Half BF Sword1,Weapon
13446,Star_Dust_Blade_,Star Dust Blade,Weapon
13447,Byeorrun_Gum_,Byeollungum,Weapon
13448,Magical_Blade_,Magical Blade,Weapon
13449,Gladius_Daemonicus,Gladius Daemonicus,Weapon
13450,LI_Saber,Saber,Weapon
13451,Ru_Blue_Sword,Ru Blue Sword,Weapon
13452,Ru_Gold_Sword,Ru Gold Sword,Weapon
13453,Mysteltainn_S,Mysteltainn,Weapon
13454,Scarlet_Saber,Crimson Saber,Weapon
13455,Sinister_Saber,Vicious Mind Saber,Weapon
13456,Union_Sword,Unity Sword,Weapon
13457,Union_Dagger,Unity Dagger,Weapon
13460,Sealed_Magic_Sword,Sealed Magic Sword,Weapon
13461,Sealed_Evil_Sword,Sealed Evil Sword,Weapon
13462,Sealed_Max_Sword,Sealed Maximum Sword,Weapon
13465,Save_The_King,Save the King,Weapon
13466,Diva_Blade,Diva Blade,Weapon
13467,Mirage_Blade,Mirage Blade,Weapon
13468,Sinister_Saber_J,Saber of Evil,Weapon
13469,Immaterial_Sword_IL,Illusion Immaterial Sword,Weapon
13470,Sealed_Magic_SwordJ,Sealed Magic Sword,Weapon
13471,Sealed_Evil_SwordJ,Sealed Evil Sword,Weapon
13472,Sealed_Max_SwordJ,Sealed Maximum Sword,Weapon
13473,Gods_Sword,God's Sword,Weapon
13474,Sword_Z,Sword,Weapon
13475,Falchion_Z,Falchion,Weapon
13476,Blade_Z,Blade,Weapon
13477,Lapier_Z,Rapier,Weapon
13478,Scimiter_Z,Scimitar,Weapon
13479,Tsurugi_z,Tsurugi,Weapon
13480,Ring_Pommel_Saber_Z,Ring Pommel Saber,Weapon
13481,Saber_Z,Saber,Weapon
13482,Orcish_Blade,Orcish Blade,Weapon
13483,Rebeginer_GN_Sword,Beginner Genetic's Sword,Weapon
13485,Sword_Of_Bluefire,Red Lotus Sword,Weapon
13488,Local01_Sword,Earth Dragon Sword,Weapon
13489,Local02_Sword,Yinyang Sword,Weapon
13490,Woe_Onehand_Sword1_Z,Lesser Guild Member's Flamberge,Weapon
13492,Variant_Blade,Abyss Blade,Weapon
13493,Cannon_Rapier_OS,Cannon Rapier-OS,Weapon
13495,Evt_Bluefire_Sword,Sealed Red Lotus Sword,Weapon
13497,Edge_Z,Edge,Weapon
13498,Nagan_Z,Nagan,Weapon
13499,Sword_Kladenets,Kladenets,Weapon
15000,Bone_Plate,Bone Plate,Armor
15001,Odin's_Blessing_I,Odin's Blessing,Armor
15002,Rune_Plate,Rune Plate,Armor
15003,Freyja_SRobe7,Freyja Soul Robe7,Armor
15004,Freyja_SRobe30,Freyja Soul Robe30,Armor
15005,Freyja_SRobe60,Freyja Soul Robe60,Armor
15006,Freyja_SRobe90,Freyja Soul Robe90,Armor
15007,Time_Keepr_Robe,Time Keeper Robe,Armor
15008,Flame_Sprits_Armor__,Flame Sprits Armor,Armor
15009,Para_Team_Uniform1,Eden Team Uniform I,Armor
15010,Para_Team_Uniform2,Eden Team Uniform II,Armor
15011,Para_Team_Uniform3,Eden Team Uniform III,Armor
15012,Puente_Robe,Puente Robe,Armor
15013,Claire_Suits,Claire Suits,Armor
15014,Ebone_Armor,Ebon Armor,Armor
15015,Upg_Adv_Suit,Upgrade Adventure Suit,Armor
15016,Upg_Coat,Upgrade Coat,Armor
15017,Upg_Saint_Robe,Upgrade Saint Robe,Armor
15018,Upg_Tights,Upgrade Tights,Armor
15019,Upg_Thief_Cloth,Upgrade Thief Cloth,Armor
15020,Upg_Mail,Upgrade Mail,Armor
15021,Upg_Formal_Dress,Upgrade Formal Dress,Armor
15022,Brazil_Swimsuit,Brazil Swimsuit,Armor
15023,Half_Brynhild,Half Brynhild,Armor
15024,Army_Padding,Army Padding,Armor
15025,Golden_Rod_Robe,Golden Rod Robe,Armor
15026,Aqua_Robe,Aqua Robe,Armor
15027,Crimson_Robe,Crimson Robe,Armor
15028,Forest_Robe,Forest Robe,Armor
15029,Robe_Of_Affection,Robe Of Affection,Armor
15030,Robe_Of_Judgement,Robe Of Judgement,Armor
15031,Para_Team_Armor,Paradise Uniform IV,Armor
15032,Tidung,Tidung,Armor
15033,Tutorial_Mattle,Tutorial Mantle,Armor
15034,Tutorial_Mattle_,Tutorial Mantle,Armor
15035,2010Love_Daddy,2010 Love Dad,Armor
15036,Ur_Plate,Ur's Plate,Armor
15037,Peuz_Plate,Peuz's Plate,Armor
15038,Sabah_Cloth,Sapha's Cloth,Armor
15039,Nab_Cloth,Nab's Cloth,Armor
15040,Prison_Uniform,Prison Uniform,Armor
15041,Boitata_Armor,Boitata Armor,Armor
15042,White_Wing_Suits,White Wing Suits,Armor
15043,Black_Wing_Suits,Black Wing Suits,Armor
15044,Green_Operation_Coat,Green Surgical Gown,Armor
15045,Armor_Of_Valor,Armor Of Valor,Armor
15046,Siege_Plate,Siege Plate,Armor
15047,Siege_Suits,Siege Suit,Armor
15048,Siege_Robe,Siege Robe,Armor
15049,Armor_Of_Faith,Armor Of Faith,Armor
15050,Armor_Of_Sanctity,Armor Of Sanctity,Armor
15051,Bakonawa_Armor,Bakunawa Scale Armor,Armor
15052,Bayani_Bakonawa_Armor,Bayani Bakunawa Scale Armor,Armor
15053,Special_Ninja_Suit,Special Ninja Suit,Armor
15054,Ninja_Scale_Armor,Ninja Scale Armor,Armor
15055,Tenebris_Latitantes,Tenebris Latitantes,Armor
15056,Special_Ninja_Suit_,Special Ninja Suit,Armor
15057,Pure_White_Apron,Pure White Apron,Armor
15058,Rider_Suit,Rider Suit,Armor
15059,2011Love_Daddy,2011Love Daddy,Armor
15060,Sky_Blue_Smock,Sky Blue Smock,Armor
15061,Egir_Armor,Egir Armor,Armor
15062,TE_Woe_Coat,TE Woe Coat,Armor
15063,TE_Woe_Chain_Mail,TE Woe Chain Mail,Armor
15064,TE_Woe_Mage_Coat,TE Woe Mage Coat,Armor
15065,AmeshaSpenta,Amesha Spenta,Armor
15066,Engraved_Armor,Engraved Plate Armor,Armor
15067,Rune_Suit,Rune Suit,Armor
15068,Im_Angel's_Protection,Advanced Angelic Protection,Armor
15069,Suit_Of_Sid,Suit Of Sid,Armor
15070,Robe_Of_Happiness,Happy Clothes,Armor
15071,Valkyrie_Robe,Valkyrian Robe,Armor
15072,Nectar_Suit,Nectar Suit,Armor
15073,Anti_Magic_Suit,Anti-Magic Suits,Armor
15074,Geffen_Mage_Robe,Geffen Magic Robe,Armor
15075,GC_Battle_Armor,Guillotine Cross Battle Armor,Armor
15076,RA_Battle_Armor,Ranger Battle Armor,Armor
15077,LG_Battle_Armor,Royal Guard Battle Armor,Armor
15078,RK_Battle_Armor,Rune Knight Battle Armor,Armor
15079,NC_Battle_Armor,Mechanic Battle Armor,Armor
15080,SC_Battle_Armor,Shadow Chaser Battle Armor,Armor
15081,SR_Battle_Armor,Sura Battle Armor,Armor
15082,AB_Battle_Armor,Arcbishop Battle Armor,Armor
15083,WL_Battle_Armor,Warlock Battle Armor,Armor
15084,WA_Battle_Armor,Performer Battle Armor,Armor
15085,GN_Battle_Armor,Geneticist Battle Armor,Armor
15086,Vermilion_Bird_Armor,Vermilion Bird Armor,Armor
15087,Azure_Dragon_Armor,Azure Dragon Armor,Armor
15088,School_Uniform,School Uniform,Armor
15089,Lounge_Suit,Menswear,Armor
15090,Armor_Of_Gray,Armor of Gray,Armor
15091,Gray_Robe,Gray Robe,Armor
15092,Black_Tortoise_Armor,Black Turtle Armor,Armor
15093,Hero_Plate,Hero Plate,Armor
15094,Hero_Magic_Coat,Hero Magic Coat,Armor
15095,Hero_Judgement_Shawl,Hero Judgement Shawl,Armor
15096,Hero_Trade_Mail,Hero Trade Mail,Armor
15097,Hero_Hidden_Cloth,Hero Hidden Cloth,Armor
15098,Hero_Taget_Suits,Hero Target Suit,Armor
15099,White_Tiger_Armor,White Tiger Armor,Armor
15100,Frozen_Breastplate,Frozen Breastplate,Armor
15101,Harden_Breastplate,Hardened Breastplate,Armor
15102,Hunter_Mail,Hunter Mail,Armor
15103,Kirin_Armor,Kirin Armor,Armor
15104,FishingMan_Mail,Fisherman's Mail,Armor
15105,Kaftan,Kaftan,Armor
15106,Engineer_Mail,Engineer Mail,Armor
15107,Entomologist_Mail,Entomologist Mail,Armor
15108,VenomInsect_Armor,Venomous Insect Armor,Armor
15109,Egregori_Mail,Egregori Mail,Armor
15110,Supplement_Part_Str,Supplement Part Str,Armor
15111,Upgrade_Part_Plate,Upgrade Part - Plate,Armor
15112,Military_Mail,Military Mail,Armor
15113,Exorcist_Mail,Exorcist Mail,Armor
15114,Wedding_Dress_,Wedding Dress,Armor
15115,Rose_Robe,Rose Robe,Armor
15116,Airship_Armor,Airship's Armor,Armor
15117,Felock_Armor,Felrock's Armor,Armor
15121,Robe_Of_Sarah,Sarah's Battle Robe,Armor
15122,Botany_Mail,Botany Mail,Armor
15123,Whikebain_Suit,Whikebain Suit,Armor
15124,Father_Mail,Holy Father Mail,Armor
15125,FemaleDiver_Clothe,Female Diver's Suit,Armor
15126,Doram_Only_Suit,Private Doram Suits,Armor
15127,Female_Poring_Earmuff,Poring Girl Earrings,Armor
15128,Excelion_Suit,Excelion Suit,Armor
15129,Doram_High_Suit,Luxury Doram Suit,Armor
15130,Dragon_Mail,Dragon Mail,Armor
15134,Vicious_Cloth,Vicious Cloth,Armor
15135,Dragon_Cloth,Dragon Cloth,Armor
15136,Tatenasi_Armor,Old Tatenasi Armor,Armor
15137,Tatenasi_Armor_,Tatenasi Armor,Armor
15138,Egir_Armor_K,Aegir Armor,Armor
15139,Shepherd_Cloth,Shepherd Clothes,Armor
15140,Natural_Cloth,Natural Cloth,Armor
15141,Armor_Of_Goddess,Rift Ancient Armor,Armor
15142,Orca_Cloth,Orca Cloth,Armor
15143,Vermin_Cloth,Vermin Cloth,Armor
15144,Agricul_Cloth,Agriculture Clothes,Armor
15145,EvilDragon_Armor,Evil Dragon Armor,Armor
15146,Robe_Of_Flattery,Flattery Robe,Armor
15147,Robe_Of_Vituperation,Invective Robe,Armor
15148,Supplement_Part_Str_J,Powered Mail,Armor
15149,Upgrade_Part_Plate_J,Guardian Unit,Armor
15150,White_Shirt,White Shirt,Armor
15151,White_Eco_Shirt,White Eco-Shirt,Armor
15152,Union_Mail,Unity Mail,Armor
15153,Union_Mattle,Unity Mantle,Armor
15154,Union_Suit,Unity Suit,Armor
15155,Union_Robe,Unity Robe,Armor
15156,Doram_Ele_Suit,Elegant Doram Suit,Armor
15162,Lounge_Suit_,Lounge Suit,Armor
15163,Agenda_Robe,Agenda Robe,Armor
15164,Consultation_Robe,Consultation Robe,Armor
15165,PureWhite_Marching_Hat,Pure White Marching Hat,Armor
15166,Necklace_Rosary,Rosary Necklace,Armor
15167,Toughen_Time_Keepr_Robe,Enhanced Time Keeper Robe,Armor
15169,Kardui_Robe,Kardui Robe,Armor
15170,Goibne's_Armor_,Goibne's Armor,Armor
15171,Angeling_Suit,Angeling Suit,Armor
15173,Cursed_Devils_Mail,Curse-Spell Mail,Armor
15174,Supper_Swimsuit_K,Surfer Swimsuit,Armor
15175,Armor_Of_Flamedragon,Flame Dragon Armor,Armor
15176,Vigilante_Suits,Vigilante Suit,Armor
15177,Robe_Of_Elemental,Elemental Robe,Armor
15178,Golden_Ninja_Suit,Golden Ninja Suit,Armor
15179,Mine_Worker_Vest,Mine Worker's Vest,Armor
15180,Hippie_Cloth,Hippie Clothes,Armor
15181,Para_Team_Armor100,Awakened Eden Group Uniform I,Armor
15182,Para_Team_Armor115,Awakened Eden Group Uniform II,Armor
15183,Para_Team_Armor130,Awakened Eden Group Uniform III,Armor
15184,Para_Team_Armor145,Awakened Eden Group Uniform IV,Armor
15185,Para_Team_Armor160,Awakened Eden Group Uniform V,Armor
15186,Kafra_Suit,Kafra Uniform,Armor
15187,Diva_Robe,Diva Robe,Armor
15188,Mirage_Robe,Mirage Robe,Armor
15189,Einherial_Armor,Einherjar Armor,Armor
15191,Khalitzburg_Armor,Khalitzburg Knight Armor,Armor
15195,Puente_Robe_IL,Illusion Puente Robe,Armor
15196,Armor_Of_Seadragon,Sea Dragon Armor,Armor
15204,Abyss_Dress,Abyss Dress,Armor
15205,Holy_Coat,Medical Scrubs,Armor
15207,2017RTCRobe,2017 RTC Battle Robe,Armor
15208,Rora_Plate_Mail,Lola's Plate Mail,Armor
15209,Drake_Coat,Drake Coat,Armor
15210,Rental_SupperSwimsuit,Rental Surfer Swimsuit,Armor
15211,Return_TW_1th_Armor,1st Anniversary Commemorative Armor,Armor
15212,YSF01_Plate,YSF01 Plate,Armor
15213,YSF01_Plate_J,Y.S.F.0.1 Plate,Armor
15214,IA_Dress,IA Dress,Armor
15215,Tatenasi_Armor_TW,Sealed Tatenasi Armor,Armor
15216,Siege_Robe_1Tier,Lesser Guild Member's Robe,Armor
15217,Siege_Suits_1Tier,Lesser Guild Member's Suit,Armor
15218,Siege_Plate_1Tier,Lesser Guild Member's Plate,Armor
15219,Ghostring_Suit_BR,Ghostring Robe,Armor
15220,60Lv_Suits,Subjugation Team's Armor,Armor
15221,70Lv_Armor,Expedition's Armor,Armor
15222,70Lv_Robe,Expedition's Robe,Armor
15223,80Lv_Mail,Contingent Mail,Armor
15224,80Lv_Cloth,Contingent Cloth,Armor
15225,80Lv_Robe,Contingent Robe,Armor
15226,80Lv_Dress,Contingent Dress,Armor
15227,90Lv_Mail,Conqueror's Mail,Armor
15228,90Lv_Cloth,Conqueror's Cloth,Armor
15229,90Lv_Robe,Conqueror's Robe,Armor
15230,90Lv_Dress,Conqueror's Dress,Armor
15231,SimpleSuits10,Low-Level Simple Suits,Armor
15232,SimpleSuits20,Intermediate Simple Suits,Armor
15233,SimpleSuits30,Advanced Simple Suits,Armor
15234,SuitsofKingdom40,Lesser Kingdom Suits,Armor
15235,SuitsofKingdom50,Intermediate Kingdom Suits,Armor
15236,SuitsofKingdom60,Upper Kingdom Suits,Armor
15237,Gods_Armor,God's Armor,Armor
15238,EvilDragon_Armor_BR,Evil Dragon Armor,Armor
15239,Angeling_Suit_BR,Angeling Robes,Armor
15240,ArmorOfFlamedragonBR,Red Dragon Armor,Armor
15241,Vigilante_Suits_J,Vigilante Suit,Armor
15242,Robe_Of_Elemental_J,Spirit Robe,Armor
15243,Golden_Ninja_Suit_J,Bodyguard Suit,Armor
15244,Mine_Worker_Vest_J,Miner's Vest,Armor
15245,Hippie_Cloth_J,Nature Suit,Armor
15246,True_Hunting_Mail,True Hunting Mail,Armor
15247,R_Hunting_Mail,Short-term Hunting Mail,Armor
15248,Whikebain_Suit_BR,Whikebain Suit,Armor
15249,Antonio_Coat,Antonio's Coat,Armor
15250,Rebeginer_Suits,Beginner's Suit,Armor
15251,D_Leather_Armor,Desert Leather Armor,Armor
15252,D_Leather_Robe,Desert Leather Robe,Armor
15253,D_Leather_Suits,Desert Leather Suits,Armor
15254,Abyss_Dress_BR,Abyssal Dress,Armor
15255,Leather_Jacket_Z,Leather Jacket,Armor
15256,Adventurer_Suit_Z,Adventurer's Suit,Armor
15257,Mantle_Z,Mantle,Armor
15258,Coat_Z,Coat,Armor
15259,Padded_Armor_Z,Padded Armor,Armor
15260,Chain_Mail_Z,Chain Mail,Armor
15261,Plate_Armor_Z,Full Plate,Armor
15262,Silk_Robe_Z,Silk Robe,Armor
15263,Scapulare_Z,Scapulare,Armor
15264,Saint_Robe_Z,Saint's Robe,Armor
15265,Wooden_Mail_Z,Wooden Mail,Armor
15266,Tights_Z,Tights,Armor
15267,Silver_Robe_Z,Silver Robe,Armor
15268,Thief_Clothes_Z,Thief Clothes,Armor
15269,Leaf_Robe,Leaf Robe,Armor
15270,Stem_Suits,Plant Stem Suit,Armor
15271,Oak_Armor,Oak Armor,Armor
15272,Khalitzburg_Armor_BR,Khalitzburg Armor,Armor
15273,White_Shirt_J,White T-Shirt,Armor
15274,White_Eco_Shirt_J,White Leaf T-Shirt,Armor
15275,Doram_Only_Suit_J,Doram Suit,Armor
15276,Doram_High_Suit_J,High-End Doram Suit,Armor
15277,Doram_Ele_Suit_J,Special Doram Suit,Armor
15278,Overwhelm_Str_Armor,Soaring Physical Armor,Armor
15279,Overwhelm_Int_Armor,Robust Magical Armor,Armor
15280,S_CriticalHit_Armor,Critical Hit Shadow Armor,Shadowgear
15281,Khalitzburg_Armor_Z,Khalitzburg Knight Armor,Armor
15282,Witchs_White_Shirt,Rabbit Pattern Shirt,Armor
15283,Armor_of_Rosary,Mighty Black Threaded Armor,Armor
15343,Supplement_Part_Str_,Supplement Part STR,Armor
15344,Upgrade_Part_Plate_,Upgrade Part - Plate,Armor
15345,ArmorOfSeadragonBR,Blue Dragon Armor,Armor
15346,Overwhelm_Luk_Armor,Overwelm Luk Armor,Armor
15347,Overwhelm_Vit_Armor,Overwelm Vit Armor,Armor
15348,Goibne_Armor_IL,Illusion Goibne Armor,Armor
15349,Brave_suit,Brave Suit,Armor
15352,Nature_Dress,Nature Dress,Armor
15353,Overwhelm_Agi_Armor,Splendid Swift Armor,Armor
15354,Overwhelm_Dex_Armor,Excellent Dexterous Armor,Armor
15362,Apollo_Armor_TW,Apollo Armor,Armor
15363,Mars_Armor_TW,Mars Armor,Armor
15365,Vinus_Armor_TW,Venus Armor,Armor
15367,Astraea_Armor,Asteria's Armor,Armor
15369,Cylinder_Hairband_BR,Futuristic Tiara,Armor
15372,Phreeoni_Wing_BR,Phreeoni Robe,Armor
15374,lunar_eclipse_Armor_,Lunar Eclipse Armor,Armor
15375,lunar_eclipse_Armor,Old Eclipse Outfit,Armor
15376,Illusion_Armor_A,Illusion Armor A-type,Armor
15377,Illusion_Armor_B,Illusion Armor B-type,Armor
15378,Lava_Leather_Armor,Lava Leather Armor,Armor
15379,Lava_Leather_Suits,Lava Leather Suit,Armor
15380,Lava_Leather_Robe,Lava Leather Robe,Armor
15383,Time_Overload_Robe,Temporal Transcendent Robe,Armor
15384,Rite_Robe,Ritual Robe,Armor
15385,MemorialD_Assistant,Little Robot Know-It-All,Armor
15386,Kings_Mail,King's Mail,Armor
15387,Jirant_Dress,Witch's Dress,Armor
15388,Schmidt_Suits,King Schmidt's Suit,Armor
15389,Schmidt_Manteau,King Schmidt's Manteau,Armor
15390,Regia_Hunting_Mail,Regia Hunting Mail,Armor
15391,DragonA_Red,Red Dragon Plate,Armor
15392,DragonA_Green,Green Dragon Plate,Armor
15393,DragonA_Gold,Gold Dragon Plate,Armor
15394,DragonA_Purple,Purple Dragon Plate,Armor
15395,DragonA_Blue,Blue Dragon Plate,Armor
15396,DragonA_Silver,Silver Dragon Plate,Armor
15397,CassockA_STR,STR Soutane,Armor
15398,CassockA_AGI,AGI Soutane,Armor
15399,CassockA_VIT,VIT Soutane,Armor
15400,CassockA_DEX,DEX Soutane,Armor
15401,CassockA_INT,INT Soutane,Armor
15402,CassockA_LUK,LUK Soutane,Armor
15405,Fafnir_Scale_J,Fafnir Scale,Armor
15407,WhiteknightArmor,Whiteknight Armor,Armor
15408,Leo_Mail_J,Leo Mail,Armor
15409,Bloody_Dress,Bloody Dress,Armor
15410,H_AD_Suits,High Adventurer Suit,Armor
15412,Cancer_Mail_J,Cancer Mail,Armor
15417,Armor_of_Purple_Thread,Armor of Purple Thread,Armor
15418,Libra_Mail_J,Libra Mail,Armor
15419,Armor_of_White_Thread,Armor of White Thread,Armor
15420,Icefall_Dress,Icefall Dress,Armor
15421,Triad_God_Mail_J_,Kuraokami's Feather Robe,Armor
15424,Scorpio_Mail_J,Scorpio Mail,Armor
15425,Taurus_Mail_J,Taurus Mail,Armor
15426,Aquarius_Mail_J,Aquarius Mail,Armor
15430,Diana_Suits,Diana Coat,Armor
15431,Mercury_Suits,Mercury Suit,Armor
15432,Bacchus_Armor,Bacchus Armor,Armor
15433,Neptune_Uniform,Neptune's suit,Armor
15434,Golden_Angel_Statue_YG,Meta Angel Figure (OSM),Armor
15440,Fierce_Physique_Armor_E,Fierce Physique Armor,Armor
15441,Fierce_Magique_Armor_E,Fierce Magique Armor,Armor
15442,Fierce_Physique_Manteau,Fierce Physique Manteau,Armor
15443,Fierce_Magique_Manteau,Fierce Magique Manteau,Armor
15444,Night_Owl_Shawl_EXE,Night Owl Shawl (OSM),Armor
15446,Cetrion_Ring_EXE,Cetrion's Ring (OSM),Armor
15447,Pollux_Robe_J,Pollux Robe,Armor
15448,Procyon_Robe_J,Procyon Robe,Armor
15449,Skarlet_Robe_EXE,Skarlet's Robe (OSM),Armor
15450,SKahn_Yoroi_EXE,Shao Kahn Yoroi (OSM),Armor
15451,Albatross_Armor_EXE,Albatross's Armor,Armor
15460,Rachel_Armor,Awakened Glacier Armor,Armor
15461,Apollo_Armor_TH,2nd Anniversary Apollo Armor,Armor
15462,Jupiter_Armor_TH,2nd Anniversary Jupiter Armor,Armor
15463,Mars_Armor_TH,2nd Anniversary Mars Armor,Armor
15464,Ceres_Armor_TH,2nd Anniversary Keres Armor,Armor
15465,Vinus_Armor_TH,2nd Anniversary Venus Armor,Armor
15466,Vulcan_Armor_TH,2nd Anniversary Vulcan Armor,Armor
15467,Neptune_Armor_TH,2nd Anniversary Neptune Armor,Armor
15468,Neptune_ArmorDoram_TH,2nd Anniversary Neptune Armor (Doram),Armor
15469,Comp_Einherial_Armor,[Not For Sale] Fallen Warrior Armor,Armor
15470,Comp_Sprint_Glove,[Not For Sale] Sprint Gloves,Armor
15471,ROZ_FV_CassockA_VIT,Shining Priest's Robe,Armor
15472,Comp_Kafra_Suit,[Not For Sale] Kafra Uniform,Armor
15473,Comp_Overwhelm_Str_Armo,[Not for Sale] Soaring Physical Armor,Armor
15474,Comp_Overwhelm_V_Armor,[Not for Sale] Strong Healthy Armor,Armor
15475,Comp_Overwh_Agi_Armor,[Not For Sale] Splendid Swift Armor,Armor
15476,Comp_Diabolus_Wing,[Not For Sale] Diabolus Wing,Armor
15477,Comp_Overwh_D_Armor,[Not For Sale] Excellent Dexterous Armor,Armor
15478,Comp_Overwh_L_Armor,[Not For Sale] Unexpected Fortune Armor,Armor
15479,Comp_Holy_Coat,[Not For Sale] Holy White Cloth,Armor
15480,LunarEclipse_Armor_TH,Lunar Eclipse Armor,Armor
15481,Comp_LunarEclipse_A_TH,[Not For Sale] Lunar Eclipse Armor,Armor
15482,Worker_shirt,Worker Shirt,Armor
15483,Comp_Worker_shirt,[Not For Sale] Worker Shirt,Armor
15484,Comp_Celine_Dress,[Not For Sale] Celine's Dress,Armor
15822,Magaleta_Ribbon_EXE,Magaleta's Ribbon,Armor
15823,Golden_Crown_J,Pollux Crown,Armor
15824,Phoenix_Crown_J,Procyon Crown,Armor
15825,C_Black_Musang_J,Costume Black Musang Hat,Armor
15826,Seyrandel_Hat_EXE,Seyrandel's Hat,Armor
15827,Ceryne_Hat_EXE,Ceryne's Hat,Armor
15828,Germes_Hat_EXE,Cetio's Hat,Armor
15829,Flaward_Hat_EXE,Flaward's Hat,Armor
15830,Germes_Horn_EXE,Germes's Horn,Armor
15831,Kuken_Hat_EXE,Kuken's Hat,Armor
15832,Cetrion_Circlet_EXE,Cetrion Circlet (OSM),Armor
15833,Cetrion_Bracelet_EXE,Cetrion Bracelet (OSM),Armor
15834,DRaiden_Sakkat_EXE,Dark Raiden's Sakkat,Armor
15835,STsung_Speller1_EXE,Kronika's Speller (Phy.),Armor
15836,C_Skarlet_Band_EXE,Costume Blazing Angel Wings,Armor
15838,C_VesperHeadGear_J,Costume Vesper Headgear,Armor
15839,C_Droop_Gunslinger_J,Costume Drooping Rebellion,Armor
15840,C_Bio_Protector,Costume Bike Protector,Armor
15841,C_Hat_of_Goggle,Costume Goggles Hat,Armor
15842,C_Disapear_Time_J,Costume Magic Time,Armor
15843,C_Hunters_Dinner,Costume Hunter's Dinner,Armor
15844,C_Cow_Hat1_J,Costume Muscle Hat,Armor
15845,Shaokahn_Helmet_EXE,Shao Kahn's Helmet (OSM),Armor
15846,C_Artist_Silk_Hat,Costume Artist's Silk Hat,Armor
15847,C_EXE_Wing_Cap_TH,Costume Unknown Feather Hat,Armor
15848,Motaro_Horn_EXE,Motaro's Horn (OSM),Armor
15849,Kintaro_Bracelet_EXE,Kintaro's Bracelet (OSM),Armor
15850,STsung_Speller2_EXE,Kronika's Speller Mag (OSM),Armor
15851,C_Freyja_Crown_J,Costume Freyja Crown,Armor
15853,C_Gold_Ingot_Poring_J,Costume Gold Ingot Poring,Armor
15854,C_Phigasia_Scarf_EXE,Costume Phigasia Scarf,Armor
15855,Ermac_Veil_EXE,Ermac's Veil (OSM),Armor
15856,Kronika_Orb_EXE,Kronika's Orb (OSM),Armor
15857,Shang_Rainbow_EXE,Shang Tsung's Rainbow (OSM),Armor
15858,C_Choco_Banana,Costume Choco Banana Bonnet,Armor
15875,C_King_Of_Spirit_Circle,Costume King of Spirit Circle,Armor
15876,C_RTC_Second_Best,Costume RTC Second Best (Red),Armor
15877,C_P_blossom_Hairpin,Costume Sakura Hairpin,Armor
15878,Joker_Card_EXE,Joker's Card (OSM),Armor
15879,KungJin_Headpiece_EXE,Kung Jin's Headpiece (OSM),Armor
15880,Joker_Face_EXE,Joker's Face (OSM),Armor
15881,C_Rose_Crispinette,Costume Rose Crispinette,Armor
15882,C_Rhythm_Hairband,Rhythm Hairband,Armor
15883,Nezuko_Eyes_EXE,Nezuko's Eyes (OSM),Armor
15884,Nezuko_Bamboo_EXE,Nezuko's Bamboo (OSM),Armor
15885,Erron_Hat_EXE,Erron's Hat (OSM),Armor
15887,Odious_Robe_EXE,Odious's Robe,Armor
15888,C_Hand_Of_Devil,Costume Dragon Claw Helm,Armor
15889,C_Boitata_Hat_J,Costume Boitata Hat,Armor
15890,C_BLACKDEATHKING_GOLDEN,Costume Black Death King's Hat,Armor
15891,Mountain_Helmet,Mountain Helmet,Armor
15892,Themis_Helm,Themis Helm,Armor
15893,C_Helm_Of_Sun_V,Costume Hat of the Sun God (Upper),Armor
15894,C_Rebirth_Circlet,Costume Rebirth Crown,Armor
15897,Rebirth_Circlet,Rebirth Crown,Armor
15898,Kings_Crown_A,Awakened Old King's Crown,Armor
15899,C_Kings_Crown_A,Costume Awakened Old King Crown,Armor
15904,C_Love_Guard_V,Costume Love Guard,Armor
15905,C_Helmet_Of_Siegfried_J,Costume Helmet of Siegfried,Armor
15906,Northern_Cross,Northern Cross,Armor
15920,Charm_Of_Flame_Heart_BR,Flaming Heart,Armor
15921,Charm_Of_Nature_BR,Charm Of Great Nature,Armor
15922,Charm_Of_Frozen_BR,Charm Of Mistic Frozen,Armor
15923,Charm_Of_Wind_BR,Charm of Leafwind,Armor
15924,Tatoo_Brush_BR,Tattoo Brush,Armor
15925,C_Splash_Hat,Costume Syrup Water Balloon,Armor
15926,C_Beer_Server_TH,Costume Beer Server,Armor
15927,Happy_Turtle_Hat,[Rental] Happy Turtle Hat,Armor
15928,Comp_Cookie_Hat_TH,[Not For Sale] Cookie Hat,Armor
15932,Vassalage_Necklace_TH,Vassalage Necklace,Armor
15945,Metal_Riffs_Ring,Metal Riffs Ring,Armor
15947,Comp_Blue_Rear_Ribbon,[Not For Sale] Indigo Rear Ribbon,Armor
15948,EyePatch_Power_TH,Eye Patch Of Power,Armor
15949,Comp_EyePatch_P_TH,[Not for Sale] Eye Patch Of Power,Armor
15950,EyePatch_Power_TH_,Eye Patch Of Power,Armor
15951,Comp_EyePatch_P_TH_,[Not for Sale] Eye Patch Of Power,Armor
15952,C_15th_Nov_Helmet,Costume 15th Nov Helmet,Armor
15953,C_Somtam,Costume Somtam,Armor
15954,C_Wichienmaat_Bangkaew,Costume Wichienmaat & Bangkaew,Armor
15955,Comp_Kafra_Employ_Band,[Not For Sale] Kafra Employee Band,Armor
15956,Helmet_Of_Siegfried_TH,Helmet Of Siegfried TH,Armor
15957,Comp_Helmet_Of_Sieg_TH,[Not for Sale] Helmet Of Siegfried TH,Armor
15958,Comp_FaceWorm_Breath,[Not For Sale] Giant Snake Breath,Armor
15959,Comp_Phantom_Cap,[Not for Sale] Phantom of Masquerade,Armor
15960,Comp_Scorpio_Diadem_K,[Not for Sale] Scorpio Celestial Coronet K,Armor
15961,Comp_Clock_Casket_RD,[Not for Sale] Red Clock Casquette,Armor
15962,Comp_L_Sorcerer_Crown,[Not for Sale] Great Sorcerer Crown,Armor
15963,Comp_Ignis_CapK,[Not for Sale] Ignis Cap K,Armor
15964,Comp_Sagi_DiademK,[Not for Sale] Sagittarius Celestial Coronet K,Armor
15965,Comp_Stripe_Hat,[Not for Sale] Stripe Hat,Armor
15966,Comp_Sigruns_Wing,[Not For Sale] Sigrun's Wing,Armor
15967,Comp_Pink_Angel_B,[Not For Sale] Pink Angeling Bubble,Armor
15968,Orange_Rabbit_TH,Orange Rabbit,Armor
15969,Twin_Canon_TH,Twin Cannon,Armor
15970,Comp_CD_In_MouthK,[Not For Sale] CD in Mouth K,Armor
15976,Adams_Apply_TH,Adam's Apple In Mouth,Armor
15977,Shrine_Maiden_Hat_TH,Shrine Maiden Ribbon,Armor
15978,Comp_ShrineMaiden_TH,[Not For Sale] Shrine Maiden Ribbon,Armor
15980,Wonder_Egg_Basket_TH,Wonder Egg Basket,Armor
15981,AAT_Magic_TH,All Above Time (Magic),Armor
15982,AAT_Range_TH,All Above Time (Range),Armor
15983,AAT_Melee_TH,All Above Time (Melee),Armor
15984,Comp_Heavenly_Order_,[Not For Sale] Heavenly Order,Armor
15985,Comp_LittleGarden,[Not For Sale] Little Garden,Armor
16000,Erde,Erde,Weapon
16001,Red_Square_Bag,Red Square Bag,Weapon
16002,Stunner_C,Stunner,Weapon
16003,Carga_Mace,Carga Mace,Weapon
16004,P_Mace1,Eden Mace I,Weapon
16005,P_Mace2,Eden Mace II,Weapon
16006,Tourist_Mace,Tourist Mace,Weapon
16007,Mjolnir_C,Mjolnir,Weapon
16008,F_Spanner_C,Spanner,Weapon
16009,E_Spanner_C,Spanner,Weapon
16010,Red_Ether_Bag,Red Ether Bag,Weapon
16011,Adventure_Mace,Adventure Mace,Weapon
16012,Academy_Mace,Academy Mace,Weapon
16013,Mace_Of_Judgement,Mace Of Judgement,Weapon
16014,P_Mace3,Eden Mace III,Weapon
16015,Cat_Club,Cat Club,Weapon
16016,Tuna,Tuna,Weapon
16017,Bloody_Cross,Bloody Cross,Weapon
16018,Mace_Of_Judgement2,Empowered Mace Of Judgement,Weapon
16019,Upg_Mace,Upgrade Mace,Weapon
16020,Velum_Stunner,Vellum Stunner,Weapon
16021,Velum_Flail,Vellum Flail,Weapon
16022,Nemesis_,Nemesis,Weapon
16023,Metal_Mace,Metal Mace,Weapon
16024,Quadrille_,Quadrille,Weapon
16025,TE_Woe_Mace,TE Woe Mace,Weapon
16026,RWC_Memory_Mace,RWC Memory Mace,Weapon
16027,Hammer_Of_Evil_Slayer,Evil Slayer Destroyer Hammer,Weapon
16028,Thanos_Hammer,Thanos Hammer,Weapon
16029,Noble_Cross,Noble Cross,Weapon
16030,Pilebuncker_S,Pile Bunker S,Weapon
16031,Pilebuncker_P,Pile Bunker P,Weapon
16032,Pilebuncker_T,Pile Bunker T,Weapon
16033,Robot's_Arm,Robot's Arm,Weapon
16034,Half_Mjolnir,Half Mjolnir,Weapon
16035,Half_BF_Morning_Star1,Half BF Morning Star1,Weapon
16036,Ru_Blue_Mace,Blue Mace,Weapon
16037,Ru_Gold_Mace,Ru Gold Mace,Weapon
16038,Mace_Of_Infinite,Infinity Mace,Weapon
16039,Spoon,Spoon,Weapon
16040,Scarlet_Mace,Crimson Mace,Weapon
16041,Sinister_Mace,Vicious Mind Mace,Weapon
16043,Meteor_Strike,Meteor Strike,Weapon
16048,Union_Mace,Unity Mace,Weapon
16049,Mace_of_Trust,Thunder Hammer,Weapon
16050,Mace_of_Trust2,[Rental] Hunting Hammer,Weapon
16051,Valkyrie_Hammer,Valkyrie Hammer,Weapon
16052,Iron_Driver_,Iron Driver,Weapon
16053,Lora_Iron_Ball,Lora's Iron Flail,Weapon
16054,Toughen_Metal_Mace,Enhanced Metal Mace,Weapon
16055,UnrivaledMace,Unrivaled Mace,Weapon
16056,Veteran_Hammer_,Veteran Hammer,Weapon
16057,Blue_Mace,Blue Mace,Weapon
16058,Diva_Mace,Diva Mace,Weapon
16059,Mirage_Mace,Mirage Mace,Weapon
16060,Bottle,Liquor Bottle,Weapon
16061,Sinister_Mace_J,Mace of Evil,Weapon
16063,Long_Mace_IL,Illusion Long Mace,Weapon
16064,Probation_Mace,Trial Genetic's Mace,Weapon
16065,Iron_Driver_IL,Illusion Iron Driver,Weapon
16075,Rebeginer_NC_Mace,Beginner Mechanic's Mace,Weapon
16076,Rebeginer_N2_Mace,Beginner Super Novice's Mace,Weapon
16083,Local01_Mace,Earth Dragon Mace,Weapon
16084,Local02_Mace,Yinyang Mace,Weapon
16085,Woe_Club_1_Z,Lesser Guild Member's Morning Star,Weapon
16087,Variant_Mace,Abyss Mace,Weapon
16088,Saphir_Hall_OS,Sapphire Hall-OS,Weapon
16089,Ultio_Spes_OS,Ultio-OS,Weapon
16092,Engine_Pilebuncker,Engine Pilebuncker,Weapon
16093,Coolant_Injection,Coolant Injection,Weapon
16094,Gene_Rod,Gene Rod,Weapon
16095,Lucis_Flail,Lucis Flail,Weapon
16096,Bright_Mace,Bright Pendulum,Weapon
16098,Leo_Mace_J,Leo Mace,Weapon
16099,Ein_1HHAMMER,Rubber Hammer,Weapon
18100,Shooting_Star_C,Shooting Star,Weapon
18101,F_Bow_Of_Rudra_C,Rudra Bow,Weapon
18102,E_Bow_Of_Rudra_C,Rudra Bow,Weapon
18103,Mystic_Bow,Mystic Bow,Weapon
18104,Adventure_Bow,Adventure Bow,Weapon
18105,Academy_Bow,Academy Bow,Weapon
18106,P_Bow3,Eden Bow III,Weapon
18107,Malang_Snow_Crab,Malangdo Crab,Weapon
18108,Brindle_Eel,Zebra Eel,Weapon
18109,Catapult,Thief Crossbow,Weapon
18110,Big_CrossBow,Giant Crossbow,Weapon
18111,Creeper_Bow,Creeper Bow,Weapon
18112,Upg_Bow,Upgrade Bow,Weapon
18113,Velum_Arbalest,Vellum Arbalest,Weapon
18114,Velum_CrossBow,Vellum CrossBow,Weapon
18115,Orc_Archer_Bow_,Orc Archer Bow,Weapon
18116,Metal_Bow,Metal Bow,Weapon
18117,Royal_Bow,Royal Bow,Weapon
18118,TE_Woe_Bow,TE Woe Bow,Weapon
18119,Thanos_Bow,Thanos Bow,Weapon
18120,Bow_Of_Evil_Slayer,Evil Slayer Piercer Bow,Weapon
18121,Sinister_Bow,Vicious Mind Bow,Weapon
18122,Gigantic_Bow,Giant Bow,Weapon
18123,Bow_Of_Storm,Bow of Storms,Weapon
18124,Half_BF_Bow1,Half BF Bow1,Weapon
18125,Arcus_Daemonicus,Arcus Daemonicus,Weapon
18126,Ru_Blue_Bow,Blue Bow,Weapon
18127,Ru_Gold_Bow,Ru Gold Bow,Weapon
18128,Bow_Of_Infinite,Infinity Bow,Weapon
18129,Ixion_Wing_S,Ixion Wing,Weapon
18130,Scarlet_Bow,Crimson Bow,Weapon
18132,Union_Bow,Unity Bow,Weapon
18133,Bow_of_Trust,Lightning Bow,Weapon
18137,Burning_Bow_,Burning Bow,Weapon
18138,Frozen_Bow_,Frozen Bow,Weapon
18139,Earth_Bow_,Earth Bow,Weapon
18140,Gust_Bow_,Gust Bow,Weapon
18141,Toughen_Metal_Bow,Enhanced Metal Bow,Weapon
18142,UnrivaledBow,Unrivaled Bow,Weapon
18143,Avenger_Hunter_Bow,Avenger Hunter Bow,Weapon
18144,Blue_Bow,Blue Bow,Weapon
18145,Vigilante_Bow,Vigilante Bow,Weapon
18146,Diva_Wing,Diva Wing,Weapon
18147,Mirage_Wing,Mirage Wing,Weapon
18148,Sinister_Bow_J,Bow of Evil,Weapon
18149,Balistar_IL,Illusion Ballista,Weapon
18150,Probation_CrossBow,Trail Ranger' Crossbow,Weapon
18151,Probation_Bow,Trail Wanderers & Minstrel's Bow,Weapon
18153,Neev_Bow_Of_Rogue,Neev Bow Of Rogue,Weapon
18154,Neev_Hunter_Bow,Neev Hunter Bow,Weapon
18155,Neev_CrossBow,Neev CrossBow,Weapon
18163,Vigilante_Bow_J,Vigilante Bow,Weapon
18164,Royal_Bow_K,Royal Bow,Weapon
18165,Rebeginer_RN_Bow,Beginner Ranger's Bow,Weapon
18166,Rebeginer_WM_Bow,Beginner Wanderer & Minstrels' Bow,Weapon
18170,Narcis_Bow,Narcissus Bow,Weapon
18172,Local01_Bow,Earth Dragon Bow,Weapon
18173,Local02_Bow,Yinyang Bow,Weapon
18174,Hunter_Bow_IL,Illusion Hunter Bow,Weapon
18175,Woe_Bow1_Z,Lesser Guild Member's Hunter Bow,Weapon
18176,Sky_Lightning_Bow,Thunder Bow,Weapon
18177,Variant_Wing,Abyss Wing,Weapon
18178,Virtual_Bow_OS,Virtual Bow-OS,Weapon
18179,MH_P89_OS,MH-P89-OS,Weapon
18180,AC_B44_OS,AC-B44-OS,Weapon
18182,Evt_Royal_Bow_K,Sealed Royal Bow,Weapon
18183,Evt_Narcis_Bow,Sealed Narcissus Bow,Weapon
18184,Rapid_Fire_C_Bow,Rapid Fire,Weapon
18185,Sharp_Star_Bow,Sharp Star Bow,Weapon
18186,Aiming_Bow,Aiming Bow,Weapon
18187,Falken_Shooter,Falken Shooter,Weapon
18188,Wind_Gale,Wind Gale,Weapon
18190,Ein_BHBOW,Bolt Shooter,Weapon
18191,G_Knight_Bow,Royal Knight Bow,Weapon
18193,Rapid_Fire_C_Bow_J,Rapid Fire,Weapon
18194,Sharp_Star_Bow_J,Sharp Star,Weapon
18195,Aiming_Bow_J,Aiming Bow,Weapon
18196,Falken_Shooter_J,Falken Shooter,Weapon
18197,Wind_Gale_J,Wind Gale,Weapon
18198,G_Knight_Archer_Bow,Royal Knight Archer Bow,Weapon
18200,Realgar_Shooter_EXE,Realgar Shooter,Weapon
18201,Comp_Scalet_DragonL_Bow,[Not For Sale] Scarlet Dragon Leather Bow,Weapon
18202,Comp_Narcis_Bow,[Not For Sale] Narcissus Bow,Weapon
18500,Cheer_Scarf6,Cheer Scarf6,Armor
18501,Cheer_Scarf8,Cheer Scarf8,Armor
18502,Cheer_Scarf10,Cheer Scarf10,Armor
18503,Small_Horn_Of_Devil,Small Devil Horns,Armor
18504,Anubis_Helm_J,Anubis Helm J,Armor
18505,Umbala_Spirit,Umbala Spirit,Armor
18506,Hattah_Black,Hattah Black,Armor
18507,Elven_Ears_,Elven Ears,Armor
18508,Garuda_Hat,Garuda Hat,Armor
18509,RWC2010_Indonesia,RWC2010 Indonesia,Armor
18510,Blood_Angel_Hair_Band,Blood Angel Hair Band,Armor
18511,Blood_Angel_Wing_Ear,Blood Angel Wing Ear,Armor
18512,Necktie_Of_Tippler,Juho Necktie,Armor
18513,Shining_Sunflower,Shining Sunflower,Armor
18514,Para_Team_Hat2,Eden Team Hat II,Armor
18515,RTC_Winner_Headgear,RTC Winner Hat,Armor
18516,RTC_2nd_Headgear,RTC 2nd Winner Hat,Armor
18517,RTC_3rd_Headgear,RTC 3rd Winner Hat,Armor
18518,Ear_Of_Angel's_Wing_,Angel Wing Ears,Armor
18519,Ear_Of_Devil's_Wing_,Evil Wing Ears,Armor
18520,Jaty_C,Jaty Crown,Armor
18521,Lucky_Clover,Lucky Clover,Armor
18522,Evil_Marcher_Hat,Evil Marcher Hat,Armor
18523,Super_Scell,Super Scell,Armor
18524,Dokkebi_Mask,Dokkebi Mask,Armor
18525,Watermelon_Hat,Watermelon Cap,Armor
18526,Yummy_Lollipop,Candy Cane In Mouth,Armor
18527,Gloomy_Pumpkin_Hat,Dark Pumpkin-head,Armor
18528,Tare_Neko_Cru,Drooping Neko Crew,Armor
18529,Drooping_Wild_Rose,Accurate Wild Rose,Armor
18530,Tha_Despero_Mask,Thanatos Despero Mask,Armor
18531,Drooping_Permeter,Drooping Permeter,Armor
18532,Heart_Ribbon_Band,Heart Ribbon Hairband,Armor
18533,Honeybee_Hat,Honey Bee Hat,Armor
18534,Fancy_Phantom_Mask,Fancy Phantom Mask,Armor
18535,Pumpkin_Hat_2010,Pumpkin Hat 2010,Armor
18536,Foxtail,Foxtail,Armor
18537,Malangdo_Hat,Malangdo Hat,Armor
18538,Devil_Whisper,Spirit Whispers,Armor
18539,Skull_Cap,Skull Cap,Armor
18540,Evil_Mask,Evil Mask,Armor
18541,Little_Fhat,Little Feather Hat,Armor
18542,Love_Guard,Love Guard,Armor
18543,Witchs_Hat,Witchs Hat,Armor
18544,Blrabbit_Hband,Blrabbit Hband,Armor
18545,Whrabbit_Hband,Whrabbit Hband,Armor
18546,Lover_In_Mouth,Lover In Mouth,Armor
18547,Campus_Festival,Campus Festival,Armor
18548,Tiny_Hat,Tiny Hat,Armor
18549,Butterfly_Hairpin,Butterfly Hairpin,Armor
18550,Asgard_Blessing,Asgard Blessing,Armor
18551,Galaxy_Circlet,Galaxy Circlet,Armor
18552,Proba_Angel_Blessing,Proba Angel Blessing,Armor
18553,Mini_Tree,Mini Tree,Armor
18554,King_Prawn_Hat,King Prawn Hat,Armor
18555,General_Helmet,General Helmet,Armor
18556,Angel_Helmet,Angel Helmet,Armor
18557,Devil_Helmet,Devil Helmet,Armor
18558,Sinsuncho_Hat,Sinsuncho Hat,Armor
18559,Fafnir_Skin,Fafnir Skin,Armor
18560,Fafnir_Mask,Fafnir Mask,Armor
18561,B_Feather_Beret,B Feather Beret,Armor
18562,Bone_Hat,Bone Hat,Armor
18563,Heart_Wing_Hairband,Heart Wing Hairband,Armor
18564,Love_Piece,Love Piece,Armor
18565,St_Pat_Hat,St Patrick's Hat,Armor
18566,Nut_Donut_In_Mouth,Nut Donut In Mouth,Armor
18567,Stretched_Nose,Stretched Nose,Armor
18568,Humming_Bird,Humming Bird,Armor
18569,Soft_Sheep_Hat,Soft Sheep Hat,Armor
18570,Ancient_Gold_Deco,Ancient Gold Ornament,Armor
18571,Lucky_Hat,Lucky Hat,Armor
18572,Korean_Judge_Hat,Korean Judge Hat,Armor
18573,White_Feather,White Feather,Armor
18574,Lord_of_Death,Lord of Death,Armor
18575,Wunderkammer,Wunderkammer,Armor
18576,YinYang_Earring,YinYang Earring,Armor
18577,24_Bolt,24 Bolt,Armor
18578,Helm_Of_Valor,Helm Of Valor,Armor
18579,9th_Anni_Hat,9th Anni Hat,Armor
18580,Yggdrasil_Crown,Yggdrasil Crown,Armor
18581,Red_Tiger_Mask,Red Tiger Mask,Armor
18582,Blue_Tiger_Mask,Blue Tiger Mask,Armor
18583,Navy_Drooping_Kitty,Navy Drooping Kitty,Armor
18584,Brown_Drooping_Kitty,Brown Drooping Kitty,Armor
18585,Orange_Bunny_Hairband,Orange Bunny Hairband,Armor
18586,Violet_Bunny_Hairband,Violet Bunny Hairband,Armor
18587,Blue_Bunny_Hairband,Blue Bunny Hairband,Armor
18588,Silvah_Bunny_Hairband,Silver Bunny Hairband,Armor
18589,Strawberry_Hat,Strawberry Hat,Armor
18590,Gemma_Hairband,Gemma Hairband,Armor
18591,Mini_Glasses_,Mini Glasses,Armor
18592,Nestea_Hat,Nestea Hat,Armor
18593,Fancy_Mini_Crown,Fancy Mini Crown,Armor
18594,Magni_Cap_,Magni Cap,Armor
18595,Horn_Of_Ancient,Horn of Ancient,Armor
18596,Sprout_Hat,Sprout Hat,Armor
18597,Mercury_Helm,Mercury Riser,Armor
18598,Mini_Tree_J,Mini Tree J,Armor
18599,Black_Devil_Mask,Black Devil Mask,Armor
18600,Cat_Ears_Beret,Cat Ear Beret,Armor
18601,Red_Bread_Hat,Red Bread Hat,Armor
18602,Watermelon_Slice,Watermelon Bite,Armor
18603,Black_Devil_Mask_,Black Devil Mask,Armor
18604,Falcon_Mask,Falcon Mask,Armor
18605,Dark_Age,Dark Age,Armor
18606,Tear_Drop,Tear Drop,Armor
18607,Blush_,Blush,Armor
18608,Pair_Of_Red_Ribbon2,Small Ribbons,Armor
18609,Dark_Blindfold_,Dark Blinder,Armor
18610,7th_Anni_Hat_B,7th Anni Hat B,Armor
18611,Black_Glasses_,Black Glasses,Armor
18612,White_Musang_Hat,White Musang Hat,Armor
18613,Black_Musang_Hat,Black Musang Hat,Armor
18614,Grim_Reaper_Hat,Grim Reaper Hat,Armor
18615,Injured_Eyepatch,Injured Eyepatch,Armor
18616,Long_Tongue,Long Tongue,Armor
18617,Onigiri_In_Mouth,Onigiri In Mouth,Armor
18618,Airplane_Hat,Airplane Hat,Armor
18619,Thief_Bandana,Thief Bandana,Armor
18620,Heart_Eyepatch,Heart Eyepatch,Armor
18621,Gangster_Mask_A,Gangster Mask A,Armor
18622,Rocket_Helm1,Rocket Helm 1,Armor
18623,Rocket_Helm2,Rocket Helm 2,Armor
18624,Rocket_Helm3,Rocket Helm 3,Armor
18625,Rocket_Helm_RWC,Rocket Helm RWC,Armor
18626,Gelato_Hat,Gelato Hat,Armor
18627,Dried_Leaf,Dried Leaf,Armor
18628,Tare_Domovoi,Tare Brownie,Armor
18629,B_Desert_Wolf_Hat,Baby Desert Wolf Hat,Armor
18630,Alicel_Drooping_Doll,Drooping Alicel,Armor
18631,Ribbon_Chef_Hat,Ribbon Chef Hat,Armor
18632,Yellow_Poring_Clip,Yellow Poring Hairpin,Armor
18633,Pink_Poring_Clip,Pink Poring Hairpin,Armor
18634,Green_Poring_Clip,Green Poring Hairpin,Armor
18635,Blue_Poring_Clip,Blue Poring Hairpin,Armor
18636,Bridal_Ribbon,Bridal Ribbon,Armor
18637,Ancient_Admiral_Helm,Ancient Admiral Helm,Armor
18638,Citron_Hat,Citron Hat,Armor
18639,Naval_Officer_Hat,Naval Officer Hat,Armor
18640,Starfish_Headband,Starfish Headband,Armor
18641,Ribbon_Magic_Hat,Ribbon Magic Hat,Armor
18642,Scissorhand_Model,Scissorhand Model,Armor
18643,Rockhand_Model,Rockhand Model,Armor
18644,Paperhand_Model,Paperhand Model,Armor
18645,Sailor_Hat,Sailor Hat,Armor
18646,Cow_Hat,Cow Hat,Armor
18647,Star_Eyepatch,Star Eyepatch,Armor
18648,Tongue_Charm,Tongue Charm,Armor
18649,Lude_Mask,Lude Mask,Armor
18650,RWC_Shouting_Mouth,RWC Shouting Mouth,Armor
18651,Ignis_Cap,Ignis Cap,Armor
18652,Vanargand_Helm,Vanargandr Helm,Armor
18653,Deviruchi_Headphone,Deviruchi Headphone,Armor
18655,Goedo_Monocle,Goedo Monocle,Armor
18656,Wit_Pumpkin_Hat,Witch's Pumpkin Hat,Armor
18657,Pegasus_Wing_Ears,Pegasus Wing Ears,Armor
18658,Holy_Santa_Beard,Holy Santa Beard,Armor
18659,Boitata_Hat,Boitata Hat,Armor
18660,Indi_Feather_Band,Indian Feather Headband,Armor
18661,Trident_Helmet,Trident Helm,Armor
18662,Antler_Fedora,Antler Fedora,Armor
18663,Sunglasses_Bball_Hat,Sunglasses Baseball Hat,Armor
18664,Blind_Glasses,Stunner Shades,Armor
18665,Orange_In_Mouth,Orange In Mouth,Armor
18666,CD_In_Mouth,CD In Mouth,Armor
18667,Cat_Lace_Hairband,Cat Lace Hairband,Armor
18668,Droopy_Turtle_Hat,Droopy Turtle Hat,Armor
18669,Cowhide_Hat,Cowhide Hat,Armor
18670,Hankie_In_Mouth,Hankie In Mouth,Armor
18671,Rudolf_Hairband,Rudolf Hairband,Armor
18672,Tare_Pope,Drooping Pope,Armor
18673,Tare_Pope_,Drooping Pope,Armor
18674,Planewing_Hat,Planewing Hat,Armor
18675,Green_Apple_Hat,Green Apple Hat,Armor
18676,Hexagon_Spectacles,Hexagon Spectacles,Armor
18677,Cherry_Twig_In_Mouth,Cherry Twig In Mouth,Armor
18678,Leek_In_Mouth,Leek In Mouth,Armor
18679,Abacus_In_Mouth,Abacus In Mouth,Armor
18680,Tw_Frog_Hat,Tw Frog Hat,Armor
18681,Puppy_Ears_Hat,Puppy Ears Hat,Armor
18682,Teardrop,Teardrop,Armor
18683,Carrot_In_Mouth,Carrot In Mouth,Armor
18684,Showy_High_Cap,Showy High Cap,Armor
18685,Stardust_Hairband,Stardust Hairband,Armor
18686,2011_RMSC_1,2011 RMSC 1,Armor
18687,2011_RMSC_2,2011 RMSC 2,Armor
18688,2011_RMSC_3,2011 RMSC 3,Armor
18689,2011_RMSC_4,2011 RMSC 4,Armor
18690,Sirt_Evil_Eye,Sirt Evil Eye,Armor
18691,Rising_Black_Dragon,Rising Black Dragon,Armor
18692,Mike_Hat,Mike Hat,Armor
18693,Sleeping_Kitty_Cat,Sleeping Kitty Cat,Armor
18694,Red_Hood,Red Hood,Armor
18695,Phoenix_Crown,Phoenix Crown,Armor
18696,Orange_Hat,Orange Hat,Armor
18697,Syringe_In_Mouth,Syringe In Mouth,Armor
18698,Cheesy_Snack_In_Mouth,Cheesy Snack In Mouth,Armor
18699,Starving_Fish_Hat,Starving Fish Hat,Armor
18700,Rabbit_Ribbon,Rabbit Ribbon,Armor
18701,Ancient_Civil_Man,Ancient Civil Man,Armor
18702,Shaving_Cream,Shaving Cream,Armor
18703,Stem_In_Mouth,Stem In Mouth,Armor
18704,Drosera_Hairpin,Drosera Hairpin,Armor
18705,FlipHat,Flip Hat,Armor
18706,Can_Hat,Can Hat,Armor
18707,Maneater_Flower_Hat,Maneater Flower Hat,Armor
18708,Candy_Hat,Candy Hat,Armor
18709,Black_Knitted_Hat,Black Knitted Hat,Armor
18710,Sugared_Fruit_Stick,Sugared Fruit Stick,Armor
18711,Electric_Sunglass,Electric Sunglass,Armor
18712,Fan_In_Mouth,Fan In Mouth,Armor
18713,Monkey_On_Fur_Hat,Monkey On Fur Hat,Armor
18714,Hippo_Hat,Hippo Hat,Armor
18715,Helm_Of_Thoth,Helm Of Thoth,Armor
18716,Strawberry_In_Mouth,Strawberry In Mouth,Armor
18718,Rose_Hairband,Rose Hairband,Armor
18720,Magical_Booster,Magical Booster,Armor
18724,L_Magestic_Goat_,Gigantic Majestic Goat,Armor
18725,Rabbit_Ear_Knit_Hat,Rabbit Ear Knitted Hat,Armor
18726,Sky_Helm,Sky Helm,Armor
18727,Sedora_Hat,Sedora Hat,Armor
18728,Egir_Helm,Egir Helm,Armor
18729,MVP_Basketball,MVP Basketball,Armor
18730,Cryptura_Academy_Hat,Cryptura Academy Hat,Armor
18731,Valkyrie_Outing_Helm,Valkyrie Randgris Helm,Armor
18732,TE_Woe_Cap,TE Woe Cap,Armor
18733,TE_Woe_Bone_Helm,TE Woe Bone Helm,Armor
18734,TE_Woe_Magic_Eyes,TE Woe Magic Eyes,Armor
18735,Drooping_Elven_Ears,Drooping Elven Ears,Armor
18736,Censor_Bar_,Censor Bar,Armor
18737,Fortier_Mask,Fortier Masque,Armor
18738,White_Boys_Hat,Boys White Hat,Armor
18739,Carnation_Hairband,Carnation Hairband,Armor
18740,C_Hair_Of_The_Strong,RMSC2012 Special Costume,Armor
18741,C_Will_O_Wisp,Costume Will O Wisp,Armor
18742,C_MoonStar_Accessory,Costume Moon and Stars,Armor
18743,C_Spirit_Of_Chung_E,Costume Spirit Of Chung E,Armor
18744,C_World_Star,Costume Twilight,Armor
18745,Choco_Stick_In_Mouth,Choco Stick In Mouth,Armor
18746,Chilly_Breath,Chilly Breath,Armor
18747,Eyes_Of_Ifrit,Eyes Of Ifrit,Armor
18748,Gold_Ingot_Poring_Hat,Gold Ingot Poring Hat,Armor
18749,Majoruros_Horn,Majoruros Horn,Armor
18750,Poker_Card_In_Mouth,Poker Card In Mouth,Armor
18751,Extreme_Luck_Clover,Super Lucky Clover,Armor
18752,Cursed_Book,Cursed Book,Armor
18753,Tw_Rice_Ball,Tw Rice Ball,Armor
18754,Blood_Sucker,Blood Sucker,Armor
18755,Feather_Beret_,Feather Beret,Armor
18756,Black_Shiba_Inu_Hat,Black Shiba Inu Hat,Armor
18758,Hat_Of_Scrat,Hat Of Scrat,Armor
18759,Stretched_Nose_M,Wood Goblin's Nose,Armor
18760,Remodel_Wizardry_Hat,Improved Mage Hat,Armor
18761,Remodel_Magician_Hat,Improved Magician Hat,Armor
18762,Remodel_Mask_Of_Fox,Improved Kitsune Mask,Armor
18763,Remodel_Joker_Jester,Improved Joker Jester,Armor
18764,Remodel_Bunny_Band,Improved Bunny Band,Armor
18765,Enhanced_Corsair,Enhanced Corsair,Armor
18766,Enhanced_Helm_Of_Angel,Enhanced Helm of Angel,Armor
18767,Enhanced_Helm_Of_Sun,Enhanced Hat of the Sun God,Armor
18768,Enhanced_Bone_Helm,Enhanced Bone Helm,Armor
18769,Remodel_Munak_Turban,Improved Munak Hat,Armor
18770,Remodel_Bongun_Hat,Improved Bongun Hat,Armor
18771,Remodel_Opera_Mask,Improved Opera Phantom Mask,Armor
18772,Improved_Binoculars,Advanced Binoculars,Armor
18773,Improved_Fin_Helm,Advanced Fin Helm,Armor
18774,Improved_Assassin_Mask,Advanced Assassin Mask,Armor
18775,Improved_Welding_Mask,Advanced Welding Mask,Armor
18776,Improved_Kiss_Of_Angel,Advanced Angel's Kiss,Armor
18777,Aladdin_Lamp,Aladdin Lamp,Armor
18778,Pink_Bunny_Band_J,Rabbit Hairband (Peach),Armor
18779,RWC_Champ_Crown_Red,RWC Champ Crown First Place,Armor
18780,RWC_Champ_Crown_Blue,RWC Champ Crown Second Place,Armor
18781,RWC_Champ_Crown_Black,RWC Champ Crown Third Place,Armor
18782,Butterfly_Wing_Ear_J,Butterfly Wing Ear,Armor
18783,Rose_Crown,Rose Crown,Armor
18784,Elder_Devil_Horn,Elder Devil Horn,Armor
18785,King_Poring_Hat,King Poring Hat,Armor
18786,Anemos_Mask,Anemos Mask,Armor
18787,Goal_Tender_Mask,Goal Tender Mask,Armor
18788,Starlight_Scope,Starlight Scope,Armor
18789,Poison_Spore_Hat,Poison Spore Hat,Armor
18790,Rainbow_Poring_Hat,Rainbow Poring Hat,Armor
18791,Shrine_Maiden_Hat,Shrine Maiden Hat,Armor
18792,Idn_Sakkat,Indonesian Independence Sakkat,Armor
18793,Sorc_Night_Cap,Sorcerer's Night Cap,Armor
18796,RWC_Champ_Crown_QF,RWC Champ Crown Fourth Place,Armor
18797,Deep_Angel_Hairband,Deep Blue Angel Hairband,Armor
18798,Pink_Angel_Hairband,Pink Angel Hairband,Armor
18799,Nero_Mask,Nero Mask,Armor
18801,Gale_Hairband,Gale Hair Ornament,Armor
18802,Boss_Hat,Poring Fedora Hat,Armor
18803,Rose_Cascade,Rose Cascade,Armor
18804,Thornbush_Hairband,Thornbush Hairband,Armor
18805,Eclipse_Hat,Eclipse Hat,Armor
18806,Black_Rabbit_Hat,Black Rabbit Hat,Armor
18807,Yellow_Yuzu_Hat,Yellow Yuzu Hat,Armor
18808,Wing_Form_Spectacle,Wing Style Spectacle,Armor
18809,8th_Anni_Hat_B,Bandana 8th Anniversary,Armor
18810,Hell_Pumpkin_Hat,Hell Pumpkin Hat,Armor
18811,JRO_White_Snake,White Snake,Armor
18812,Elder_Crown,Elder Crown,Armor
18813,New_Wave_Sunglasses,New Wave Sunglasses,Armor
18814,Angel_School_Cap,Angel School Cap,Armor
18815,Devil_School_Cap,Devil School Cap,Armor
18816,Adv_Angel_School_Cap,Evoked Angel School Cap,Armor
18817,Adv_Devil_School_Cap,Evoked Devil School Cap,Armor
18818,Red_Pencil_In_Mouth,Red Pencil In Mouth,Armor
18819,Blue_Pencil_In_Mouth,Blue Pencil In Mouth,Armor
18820,Gray_Helmet,Gray Helmet,Armor
18821,Rainbow_Feather_Deco,Rainbow Feather Deco,Armor
18822,Flame_Wing_Ear,Flame Wing Ear,Armor
18823,Imperial_Feather,Imperial Feather,Armor
18824,Mask_Of_Bankrupt,Bankruptcy Mask,Armor
18825,Money_Lost_Spirit,Grief for Greed,Armor
18827,Valkyrie_Circlet,Valkyrie Circlet,Armor
18828,2012RMSCNO1,2012 RWC Winners Helmet,Armor
18829,2012RMSCNO2,2012 RWC Runners-Up Helmet,Armor
18830,2012RMSCNO3,2012 RWC 2nd Runner Helmet,Armor
18831,2012RMSCNO4,2012 RWC Special Helmet,Armor
18832,Rolf_Von_Gigue_666,Rolf Von Gigue 666,Armor
18833,Marin_Crown,Marin Crown,Armor
18834,Sakura_Hairband,Sakura Hairband,Armor
18838,Angeling_Woolly_Hat,Angeling Woolly Hat,Armor
18839,Poring_Sunglasses,Poring Sunglasses,Armor
18841,Small_Poring_Band,Small Poring Band,Armor
18842,Hat_Of_Girl,Hat Of Girl,Armor
18843,Small_Deviling_Hat,Small Deviling Hat,Armor
18844,Blue_Poring_Bubble,Blue Poring Bubble,Armor
18845,Banshee_Master_Kiss,Banshee Master Kiss,Armor
18846,C_Guard_Of_Neptune,Seagod Protector,Armor
18847,Jolly_Roger,Jolly Roger,Armor
18848,Lush_Rose,Lush Rose,Armor
18849,Celines_Ribbon,Celine's Ribbon,Armor
18850,Polar_Bear_Cap,Polar Bear Cap,Armor
18851,ValentineHeart,Valentine Heart,Armor
18852,D_Strawberry_Hat,Tasty Strawberry Hat,Armor
18853,D_Strawberry_Hat_,Tasty Strawberry Hat,Armor
18854,ValentineYellowHeart,Yellow Valentine Heart,Armor
18855,Aviator_Hat,Aviator Hat,Armor
18856,W_King_Tiger_Doll_Hat,W King Tiger Doll Hat,Armor
18857,Curupira_Hat,Curupira Hat,Armor
18858,Pink_Angeling_Bubble,Pink Angeling Bubble,Armor
18859,Angeling_Bubble,Angeling Bubble,Armor
18860,Preschool_Hat,Kindergartener's Hat,Armor
18861,Zaha_Doll_Hat_J,Zaha Doll Hat,Armor
18862,Armor_Chiu_J,Chiu Armor,Armor
18863,Exorcist_Robe,Exorcist Robe,Armor
18864,Earth_Goddess_Flower_J,Earth Goddess Flower,Armor
18865,Sword_Master_Crown,Sword Master Crown,Armor
18866,Owlduke_Silk_Hat,Owl Duke Silk Hat,Armor
18867,Vajra,Vajra,Armor
18868,Assassin_Skull_Mask,Assassin's Skull Mask,Armor
18869,Donut_In_Mouth_J,Sugar Donut,Armor
18870,Event_Sweet_Candy,Very Sweet Candy Bar,Armor
18871,Event_Sweet_Candy2,Very Sweet Candy,Armor
18872,Snake_Hat,Snake Hat,Armor
18873,Sweet_Valentine_Out,Sweet Valentine Out,Armor
18874,One_Eyed_Glass_,Monocle,Armor
18877,Baron_Evil_Eye,Baron's Evil Eye,Armor
18878,Palace_Guard_Cap,Palace Guard Cap,Armor
18879,Angry_Scorpion_Hat,Angry Scorpion Hat,Armor
18880,BLACKDEATHKING_GOLDEN,Advanced Jao King Hat,Armor
18881,Yggdrasil_Hat,World Tree Hats,Armor
18882,Kannam_On_Head,Kannam On Head,Armor
18883,Black_Witch_Hat,Mystery Witch Hat,Armor
18884,Tatenasi_Helmet,Tatenasi Helm,Armor
18885,Jejecap,Jejecap,Armor
18887,Aqua_Bunny_Band,Aqua Bunny Band,Armor
18888,Maroon_Bunny_Band,Maroon Bunny Band,Armor
18889,Golden_Bunny_Band,Golden Bunny Band,Armor
18890,Gray_Bunny_Band,Gray Bunny Band,Armor
18891,Husky_Hat,Husky Hat,Armor
18892,Ufo_Poring_Hat,Ufo Poring Hat,Armor
18893,Dragon_Claw_Helm,Dragon Claw Helm,Armor
18894,Rainbow_Star,Rainbow Star,Armor
18895,Celestial_Dark_Flame,Celestial Dark Flame,Armor
18896,Pterios_Fins,Pterios Fins,Armor
18897,Azure_Diadem,Azure Diadem,Armor
18898,Yggdrasil_Herald_Crown,Yggdrasil Herald Crown,Armor
18900,Weisswurst,Weisswurst,Armor
18901,Seppl_Hat,Seppl Hat,Armor
18902,Shovel_Hat,Shovel Hat,Armor
18903,Frozen_Land_Rose,Frozen Land Rose,Armor
18904,Man_Medal,Man's Pride,Armor
18905,Butterfly_Barrettes,Butterfly Wing Hair Clip,Armor
18906,Holy_Rosario,Ichthys's Rosary,Armor
18908,Isabella_Red_Ear,Isabella Red Ear,Armor
18909,Isabella_Brown_Ear,Isabella Brown Ear,Armor
18910,Isabella_Blue_Ear,Isabella Blue Ear,Armor
18912,Bell_Pigeon,Bell Pigeon,Armor
18913,Gossip_Raven,Gossip Raven,Armor
18914,Kid_Deviling,Baby Deviling,Armor
18915,Blood_Buffterfly,Blood Butterfly Ears,Armor
18916,Bear_Balloon,Bear Balloon,Armor
18917,LoveLove_Balloon,LoveLove Balloon,Armor
18918,Long_Octopus_Balloon,Long Octopus Balloon,Armor
18919,Jack_Castle_Bat,Jack Castle Bat,Armor
18920,Bork,Bork,Armor
18921,C_Aladdin_Lamp,Costume: Tarnished Lamp,Armor
18922,ILCHONGOM,Angeling Woolly Hat,Armor
18923,RokBlackCat,Stylist Black Cat Ear,Armor
18924,Fez_Of_Gentle,Gentleman Fez,Armor
18925,GodOfWinds_Fan,God of Winds Fan,Armor
18926,Green_Foxtail,Green Foxtail,Armor
18929,Elephant_Model_Hat,Elephant Model Hat,Armor
18930,Gorilla_Model_Hat,Gorilla Model Hat,Armor
18931,Lion_Model_Hat,Lion Model Hat,Armor
18932,Rhino_Model_Hat,Rhino Model Hat,Armor
18933,Mechanical_Plant_Hat,Mechanical Plant Hat,Armor
18934,Fox_Ears_Bell_Ribbon,Fox Ears Bell Ribbon,Armor
18935,There_Is_Something,There is Something,Armor
18936,Golden_Fish,Golden Fish In Mouth,Armor
18937,Memories_Of_Lovers,Memory of Lovers,Armor
18938,Astro_Circle,Astro Circle,Armor
18939,Black_Cat_Ears_Beret,Black Cat Ears Beret,Armor
18940,10_Gallon_Hat_Of_Flame,10 Gallon Hat Of Flame,Armor
18941,Hunting_Cap_Of_Gust,Hunting Cap of Gust,Armor
18942,Knit_Cap_Of_Water,Knit Cap of Water,Armor
18943,Silk_Hat_Of_Earth,Silk Hat of Earth,Armor
18947,Pipe_Of_Jiraiya,Jiraiya's Pipe,Armor
18948,Mask_Of_Orochimaru,Orochimaru's Mask,Armor
18949,Scroll_Of_Tsunade,Tsunade's Scroll,Armor
18950,Gerhard_Von_Devi,Gerhard Von Deviruchi,Armor
18954,Rabbit_Head_Dress,White Rabbit Bonnet,Armor
18955,Pirates_Foolish,Pirate's Folly,Armor
18956,Chocolate_Bomb,Chocolate Bomb,Armor
18959,Old_Pink_Poo_Hat,Old Pink Poo Hat,Armor
18960,Love_Daddy_2013,Love Daddy 2013,Armor
18962,Panda_Balloon,Panda Balloon,Armor
18965,Shaving_Foam,Shaving Foam,Armor
18968,Jinn_Marin_Balloon,Demon Blue Poring Bubble,Armor
18969,Boss_Beret,Beret Boss Hat,Armor
18970,Moon_Cat_Magic,Magical Moon Cat,Armor
18971,Old_Rune_Circlet,Old Rune Circlet,Armor
18972,Old_Mitra,Old Mitra,Armor
18973,Old_Driver_Band_R,Old Driver Band,Armor
18974,Old_Driver_Band_Y,Old Driver Band(Yellow),Armor
18975,Old_Shadow_Handicraft,Old Shadow Handicraft,Armor
18976,Old_Minstrel_Song_Hat,Old Minstrel Song's Hat,Armor
18977,Old_Midas_Whisper,Old Midas Whisper,Armor
18978,Old_Magic_Stone_Hat,Old Magic Stone Hat,Armor
18979,Old_Blazing_Soul,Old Blazing Soul,Armor
18980,Old_Wind_Whisper,Old Wind Whisper,Armor
18981,Old_Dying_Swan,Old Dying Swan,Armor
18982,Old_Circlet_Of_Bone,Old Circlet Of Bones,Armor
18983,Old_Protect_Of_Crown,Old Casket of Protection,Armor
18984,Old_Camo_RabbitHood,Old Camouflage Rabbit Hood,Armor
18985,Falconer_Flute,Falconer Flute,Armor
18987,RWC13_Jormungandr_Hat,RWC13 Jormungandr Hat,Armor
18992,New_Year_Hairpin,New Year Hairpin,Armor
18993,Flower_Hat,Flower Hat,Armor
18997,Riot_Chip,Runaway Chip,Armor
19004,Happy_Balloon,Happy Balloon,Armor
19006,Victory_Ear_Accessary,Ear of Victory,Armor
19010,Baby_Dragon_Hat,Baby Dragon Hat,Armor
19011,Little_Devil_S_Horn,Little Devil's Horn,Armor
19014,Gravekeeper_Blinker,Gravekeeper's Blinker,Armor
19015,C_Gemma_Hairband,Costume Kama's Hairband,Armor
19018,White_Choco_Bear,White Chocolate Bear Hat,Armor
19019,Elemental_Crown,Elemental Crown,Armor
19020,Survive_Circlet,Survivor's Circlet,Armor
19021,Gigant_Helm,Gigant Helm,Armor
19022,Floating_Stone_Of_Int,Floating Stone Of Intelligence,Armor
19023,Q_Scaraba_Crown,Queen Scaraba Helmet,Armor
19024,Protect_Feathers,Protect Feathers,Armor
19025,Puppy_Ears_Hat_Jp,Puppy Ears Hat,Armor
19026,Egir_Helm_K,Aegir Helm,Armor
19027,10_Type_Glasses,10 Type Glasses,Armor
19028,Minions_Of_Devil,Devil's Servant,Armor
19030,Pretty_Rabbit_Hood,Pretty Rabbit Hood,Armor
19031,Fallen_Angel_Blessing,Fallen Angel's Blessing,Armor
19033,Accessories_Of_Goddess,Ancient Rift Ornament,Armor
19034,37_Sculpt,307 Styles Scute,Armor
19035,Otter_Hat,Otto Hat,Armor
19036,Brabery_Hat,Adventurer's Hat,Armor
19037,93_BloodyWing,93 Styles Bloody Wings,Armor
19038,12th_Crown,12 Anniversary Crown of Saint,Armor
19039,12th_ElvenEars,12 Anniversary Elf Ears,Armor
19041,666_DevilEar,666 Styles Demon's Ears,Armor
19042,Maneater_Flower_Hairpin,Maneater Flower Hairpin,Armor
19043,Goibne's_Helmet_S,Goibne's Helm,Armor
19044,Morrigane's_Helm_S,Morrigane's Helm,Armor
19045,14_RainbowWing,104 Styles Rainbow Feathers,Armor
19046,DeadlyPoison_Manteau,Poisonous Manteau,Armor
19047,Angeling_KnitCap,Angeling Knit Cap,Armor
19048,Elemental_Clothe,Elemental Tights,Armor
19050,Loki_Nidhogg_Hat,Loki & Nidhoggur's Hat,Armor
19051,Moon_Cat_Warrior,Warrior Moon Cat,Armor
19052,Sigrun's_Wing_C,Rental Sigrun's Wing,Armor
19053,Moon_Cat_Fighter,Fighter Moon Cat,Armor
19079,CelestialWoman_Flower,Celestial Woman's Flower,Armor
19080,NettyHeart_BalloonGum,Nettie Heart Bubble Gum,Armor
19081,Faceworm_Egg_Shell,Faceworm Egg Shell,Armor
19082,Bio_Protector,Bio Protector,Armor
19083,Mask_of_Hero,Mask of Hero,Armor
19084,Parfait_V_Hat,Parfaille Vigilante Hat,Armor
19085,Sigrun's_Wing_,Sigrun's Wings,Armor
19086,Robo_Eye_,Robo Eye,Armor
19087,Angel_Spirit_,Angel Spirit,Armor
19088,Binoculars_,Binoculars,Armor
19089,Blinker_,Blinker,Armor
19090,Alarm_Mask_,Alarm Mask,Armor
19091,Opera_Ghost_Mask_,Opera Phantom Mask,Armor
19092,Machoman_Glasses_,Machoman's Glasses,Armor
19093,Spinning_Eyes_,Geek Glasses,Armor
19094,Mr_Smile_,Mr. Smile,Armor
19095,Happy_Balloon_K,Happy Balloon,Armor
19096,Special_Kapra_Hat,Special Kafra Hat,Armor
19097,Ribbon_Piamat_K,Piamette Ribbon,Armor
19098,Piamette_Hood,Piamette Hood,Armor
19101,Glastheim_Onlooker,Glast Heim Spectator,Armor
19102,Pale_Moon_Hat,Pale Moon Hat,Armor
19103,Kings_Crown,Old King’s Crown,Armor
19104,YDragon_SkyWing,Dragon Emperor's Wing,Armor
19105,Explosion_Gum,Explosion Gum,Armor
19106,Magicstone_Of_Grace,Blessing of Gemstone,Armor
19107,Mad_Hatter,Mad Hatter,Armor
19108,Wild_Poring_Rider,Wild Poring Rider,Armor
19109,Valhalla_Idol,Valhalla Idol,Armor
19110,Valhalla_Idol_,Valhalla Idol,Armor
19111,Laser_Of_Eagle,Laser of Eagle,Armor
19112,Tengu_Scroll,Tengu Scroll,Armor
19113,Gemini_Eyes,Gemini-S58 Eyes,Armor
19114,Sting_Silk_Ribbon,Sting Silk Ribbon,Armor
19115,Republic_Hat,Republic Hat,Armor
19116,Red_Baby_Dragon,Red Baby Dragon,Armor
19117,Poring_Sunglasses_K,Poring Sunglasses,Armor
19118,Poring_Sunglasses_K_,Poring Sunglasses,Armor
19119,Toughen_Time_Keeper_Hat,Enhanced Time Keeper Hat,Armor
19125,Cylinder_Hairband,Cylinder Hairband,Armor
19126,Shadow_Booster_,Shadow Booster,Armor
19127,Zherlthsh_Mask_,Zealotus Mask,Armor
19128,Ifrit's_Ear_,Ears Of Ifrit,Armor
19129,Chick_Hat_,Chick Hat,Armor
19130,Magic_Eyes_,Magic Eyes,Armor
19131,Radio_Antenna_,Radio Antenna,Armor
19132,Masquerade_,Masquerade,Armor
19133,Odin_Mask_,Odin's Mask,Armor
19134,Whikebain_Ears_K,Wickebine's Black Cat Ears,Armor
19135,Spirit_Of_Chung_E,Spirit of Green Maiden,Armor
19136,Spirit_Of_Chung_E_,Spirit of Green Maiden,Armor
19137,Strawberry_In_Mouth_,Strawberry Mouth Guard,Armor
19138,SeraphimCoronet,Seraphim Coronet,Armor
19139,SurviveOrb,Survivor's Orb,Armor
19140,Squirrel_Ear_Hat,Squirrel Ears Hood Hat,Armor
19141,Tha_Maero_Mask_J,Maero Mask,Armor
19142,Droop_Gunslinger_J,Drooping Rebellion,Armor
19143,Poring_Balloon,Poring Balloon,Armor
19144,Felock_Cap_,Ferlock's Hat,Armor
19145,Whistle,Whistle,Armor
19146,Marin_Balloon,Marin Balloon,Armor
19147,Drops_Balloon,Drops Balloon,Armor
19148,SantaPoring_Balloon,Santa Poring Balloon,Armor
19149,Poporing_Balloon,Poporing Balloon,Armor
19150,Metaling_Balloon,Metalring Balloon,Armor
19151,Deviling_Balloon,Devilring Balloon,Armor
19152,Angeling_Balloon,Angelring Balloon,Armor
19153,Ghostring_Balloon,Ghostring Balloon,Armor
19154,Archangeling_Balloon,Arch Angelring Balloon,Armor
19155,Demons_Eye,Demon's Eyes,Armor
19156,Lunar_Rainbow,Lunar Rainbow,Armor
19157,Droop_Gunslinger,Drooping Rebellion,Armor
19158,C_Gemini_Eyes,Costume GeminiS58 Eyes Blue,Armor
19159,Barrel_Helm,Barrel Helm,Armor
19162,Scuba_Mask_K,Scuba Mask,Armor
19163,CatharinaPawnBrad60,Catherina Von Blood,Armor
19164,Para_Team_Hat100,Awakened Eden Group Hat I,Armor
19165,Para_Team_Hat160,Awakened Eden Group Hat II,Armor
19166,RoCelebrationHat,RO Celebration Hat,Armor
19168,Kafra_Employee_Band,Kafra Staff Headband,Armor
19169,K_King_Tiger_Doll_Hat,[Katsua]Tiger King Doll Hat,Armor
19170,Guardian_Processor,Guardian Processor,Armor
19171,Magician_Knithat,Magician Knit Hat,Armor
19172,PoPe_Osuwari_Head,Pope Osuwari Head,Armor
19173,Luwmin_Ice,Floating Ice,Armor
19174,Flying_Drone,Flying Drone,Armor
19175,Jack_Head,Pumpkin Head,Armor
19176,Fallen_Angel_Blessing_,Fallen Angel Blessing,Armor
19177,Elemental_Crown_K,Elemental Crown,Armor
19178,Elemental_Crown_K_,Elemental Crown,Armor
19179,Rabbit_Magic_Hat_,Magic Rabit Hat,Armor
19180,Anubis_Helm_,Anubis Helm,Armor
19181,New_Wave_Sunglasses_,New Wave Sunglasses,Armor
19185,Blackhand_Of_Fate,Dark Hand,Armor
19189,Racing_C_Mecha,Racing Cap (Mechanic),Armor
19190,Racing_C_Gene,Racing Cap (Geneticist),Armor
19191,Racing_C_Cross,Racing Cap (Guillotine Cross),Armor
19192,Racing_C_Chaser,Racing Cap (Shadow Chaser),Armor
19193,Racing_C_Warlock,Racing Cap (Warlock),Armor
19194,Racing_C_Sorcer,Racing Cap (Sorcerer),Armor
19195,Racing_C_Rune,Racing Cap (Rune Knight),Armor
19196,Racing_C_Royal,Racing Cap (Royal Guard),Armor
19197,Racing_C_Bishop,Racing Cap (Archbishop),Armor
19198,Racing_C_Sura,Racing Cap (Sura),Armor
19199,Racing_C_Ranger,Racing Cap (Ranger),Armor
19200,Racing_C_Mins,Racing Cap (Minstrel),Armor
19201,Racing_C_Wander,Racing Cap (Wanderer),Armor
19202,Racing_C_Gunner,Racing Cap (Gunslinger),Armor
19203,Racing_C_Ninja,Racing Cap (Ninja),Armor
19204,Racing_C_Super,Racing Cap (Super Novice),Armor
19205,Racing_C_Doram,Racing Cap (Summoner),Armor
19209,Nurse_Cap_IL,Illusion Nurse Cap,Armor
19210,Apple_Of_Archer_IL,Illusion Apple of Archer,Armor
19211,Magical_Feather_K,Magical Feather,Armor
19212,Malangdo_Pirate,Malangdo Pirate Hat,Armor
19217,TW_Cock_Hat,Cock Hat,Armor
19218,Time_Keeper_Glasses,Time Keeper Glasses,Armor
19219,JP_EV12,Drooping Chuni Penguin,Armor
19221,Golden_Angel_Band_TH,Golden Angel Hairband,Armor
19223,Cap_IL,Illusion Cap,Armor
19238,PoringTownOnion,Poring Village Leek,Armor
19239,PoringTownCarrot,Poring Village Carrot,Armor
19240,Toy_Syringe_K,Toy Syringe,Armor
19241,Magical_Booster_K,Magical Booster,Armor
19242,Cat_Lace_Hairband_K,Costume Neko Headress,Armor
19243,Blue_Rear_Ribbon,Indigo Rear Ribbon,Armor
19244,Necklace_Rosary_K,Rosario Necklace,Armor
19245,Crimson_Booster,Crimson Booster,Armor
19246,Royalguard_Necklace,Royal Guard Necklace,Armor
19247,Fancy_Flower_IL,Illusion Fancy Flower,Armor
19249,Spell_Circuit,Spell Circuit,Armor
19252,KarduiEar_BR,Kardui Ears,Armor
19256,Mobile_BeginnerMark,Beginner Mark,Armor
19261,2017RTCSymbole,2017 RTC Symbols,Armor
19262,Jirant_Circlet,Ancient Dragon Crown,Armor
19263,General_Helmet_,General's Helm,Armor
19264,GoldFish_Hat,Gold Fish Head Hat,Armor
19265,Smoky_TransformHat,Smokie Transformation Leaf,Armor
19266,Survive_Circlet_K,Survivor's Circlet,Armor
19267,SurviveOrb_K,Survivor's Orb,Armor
19268,FaceWorm_Breath,Gigant Snake Breath,Armor
19269,Angel_Of_Happiness_J,Happy Flapping Angel Wings,Armor
19272,Garden_Of_Eden,Garden of Eden,Armor
19273,Gemini_RedEyes,Gemini S-58 Eyes (Red),Armor
19274,OpenAir_Headset,Open Air Headset,Armor
19275,Rental_Scuba_Mask,Rental Scuba Mask,Armor
19276,Return_TW_1th_Hat,1st Anniversary Commemorative Hat,Armor
19277,Soda_In_Mouth,Soda in Mouth,Armor
19281,Agenda_RobeJ,Agenda Robe,Armor
19282,Consultation_RobeJ,Consultation Robe,Armor
19283,K_Heart_Wing_Hairband,[Katsua]Heart Wings Hairband,Armor
19284,K_New_Wave_Sunglasses,[Katsua]New Wave Sunglasses,Armor
19285,Helmet_Of_Siegfried_J,Siegfried's Helmet,Armor
19286,IA_Choker,IA Choker,Armor
19287,C_Cat_Poring_Balloon,Costume Cat Poring Balloon,Armor
19288,C_Gigant_Helm,Costume Gigant Helm,Armor
19289,C_Moon_Eyepatch,Costume Moon Eyepatch,Armor
19290,C_Elder_Devil_Horn,Costume Elder Devil Horn,Armor
19291,C_Shiba_Inu,Costume Shiba Inu,Armor
19292,C_Wildcat_Knit_Cap,Costume Smokie Knit Cap,Armor
19293,C_SmartUnderRim_Glasses,Costume Under Rimmed Glasses,Armor
19294,C_CatEars_Cyber_HeadP_R,Costume Cyber Cat Ear Headphones (Red),Armor
19295,Red_Baby_Dragon_TW,Red Baby Dragon,Armor
19296,Classical_Fhat,Fancy Feather Hat,Armor
19298,Tatenasi_Helmet_TW,Sealed Tatenasi Helm,Armor
19299,Tree_Of_Sprout_JP,Tree Sprout,Armor
19300,Dog_Officer,Dog Officer,Armor
19306,Heart_Card_In_Mouth,Heart Card in Mouth,Armor
19307,Willothewisp,Will-O-Wisp,Armor
19308,Amistr_Beret,Amistr Beret,Armor
19310,Rebeginer_Cap,Beginner's Cap,Armor
19311,Greater_Dracul_Horn,Greater Dracule Horn,Armor
19312,Neev_Barrette,Neev Barrette,Armor
19313,Neev_Barrette_,Neev Barrette,Armor
19314,Royal_Mantle,Royal Mantle,Armor
19316,Squirrel_Ear_Hat_BR,Aeschylus's Hood,Armor
19318,Royalguard_Necklace_BR,Royal Guard Rosary,Armor
19319,Beelzebub_Hat,Beelzebub's Hat,Armor
19320,Dwarf_Beard_J,Dwarf's Mustache,Armor
19321,Bell_Pigeon_J,Mysterious Pigeon,Armor
19326,Book_of_Soyga,Book of Soyga,Armor
19327,Feather_Of_Seraphim,Seraphim Feather,Armor
19328,Spider_Temp_TW,Spider's Winks,Armor
19329,Hand_Of_Devil,Devil's Hand,Armor
19337,Hat_of_Goggle,Goggle Hat,Armor
19338,Clover_Silkhat,Clover Silk Hat,Armor
19339,Egg_Crispinette,Egg Crispinette,Armor
19340,Saint_Egg_Shell,Holy Egg Shell,Armor
19341,Devil_Egg_Shell,Wicket Egg Shell,Armor
19342,Bull_Hat,Bull Hat,Armor
19343,Circlet_Of_Phoenix,Circlet of Phoenix,Armor
19344,Headband_Of_Power_IL,Illusion Hot-blooded Headband,Armor
19347,Clinging_Doram_1,Cuddly Siamese Cat,Armor
19349,Pizza_Hat_J,Pepperoni Pizza,Armor
19350,Carrot_In_Mouth_J,Carrot In Mouth,Armor
19353,C_BearBalloon_TW,Bear Catches Balloon,Armor
19364,Engineer_Cap_K,Engineer Cap,Armor
19366,Goibne_Helmet_IL,Illusion Goibne Helm,Armor
19367,Burst_Flame,Burst Flame,Armor
19371,C_BaphoJ_Parachute_TW,Little Buffet Parachute,Armor
19373,Sparkler_Stick_TH,Sparkler Stick,Armor
19379,Striking_hat,Striking Hat,Armor
19380,Floating_Ball,Floating Ball,Armor
19381,Protect_cloth,Cloth of Protection,Armor
19382,Pop_Popcorn_Hat,Pop Popcorn Hat,Armor
19387,Exa_Goat_Cap,Experimental Goat Cap,Armor
19388,Crow_Tengu_Mask_Z,Celestial Crow Mask,Armor
19389,E_Oxygen_Mask,Advanced Oxygen Mask,Armor
19390,Mira_Tower_Hat,Research Team Hat,Armor
19391,Eyes_Of_Illusion,Eyes Of Illusion,Armor
19393,Magic_Star_TW,Magic Star,Armor
19396,Racing_C_Star,Racing Cap (Star Gladiator),Armor
19397,Racing_C_Soul,Racing Cap (Soul Linker),Armor
19398,Falcon_Feather,Falcon Feather,Armor
19399,Grand_Peco_Band_Z,Grand Peco Hairband,Armor
19400,Sleepr_Hat_Z,Sleeper Hat,Armor
19401,Gothic_Heart_Wing_TW,Fallen Wing Hairpin,Armor
19402,Many_StarsJ,Many Stars,Armor
19403,Memory_Of_Noodle,Costume Memories of Summer Noodles,Armor
19404,Biting_Off_Rideword,Biting Rideword,Armor
19405,Autumnal_Flavor,Autumn Taste,Armor
19406,Harvest_Festa_Hat,Harvest Festa Hat,Armor
19407,Work_Cap,Work Cap,Armor
19408,Charm_Of_Misticfrozen,Charm of Mystic Frozen,Armor
19409,Black_Feather,Black Feather Hat,Armor
19410,Kings_Mini_Melon,Royale Grade Mini Melon,Armor
19411,Floating_Gioia,Floating Gioia,Armor
19412,Flame_Bird,Flame Bird,Armor
19415,White_Bird_Rose,White Bird Rose Decoration,Armor
19424,C_Master_Cat,Costume Master's Head,Armor
19425,Master_Cat,Master's Head,Armor
19426,King_Of_Spirit_Circlet,King Of Spirit Circlet,Armor
19427,RabbitFamilyBalloon,Lunatic Family Balloon,Armor
19428,Morpheus_Hood_IL,Illusion Morpheus's Hood,Armor
19429,Zarathustra,Zarathustra,Armor
19433,ResonateTaego_TW,Ancient Resonance,Armor
19435,PoringBeret_TW,Poring Beret,Armor
19436,VesperHeadGear,Vesper Headgear,Armor
19437,LittleGarden,Little Garden,Armor
19438,ZilantNecklace,Flame Thunder Witch's Necklace,Armor
19439,Subject_Aura,Vicious Mind Aura,Armor
19443,Star_Eyepatch_JP,Star Eyepatch,Armor
19444,Star_Eyepatch_JP_,Star Eyepatch,Armor
19445,Injured_Eyepatch_JP,Injured Eyepatch,Armor
19446,Injured_Eyepatch_JP_,Injured Eyepatch,Armor
19447,Leo_Crown_J,Leo Crown,Armor
19449,Cancer_Crown_J,Cancer Crown,Armor
19451,Heavenly_Order,Heavenly Order,Armor
19452,Heavenly_Order_,Heavenly Order,Armor
19453,Jejecap_JP,Jeje Cap,Armor
19459,C_Luna_On_Shoulder,Costume Lunatic on Shoulder,Armor
19460,Black_Veil_J,Black Veil,Armor
19462,Cat_In_Mouth_J,Siam Cat in mouth,Armor
19463,Melon_Cap,Melon Bread Hat,Armor
19464,C_Melon_Cap,Costume Melon Bread Hat,Armor
19465,Cherry_Blossom_Hat_YL,Yellow Cherry Blossom Hat,Armor
19466,C_Small_ocean,Costume Small Ocean,Armor
19468,Libra_Diadem_J,Libra Diadem,Armor
19469,Crown_Of_Saint_Jp,Sacred Crown,Armor
19471,Scorpio_Crown_J,Scorpio Crown,Armor
19472,C_S_Circlet_Of_Time,Costume Temporal Circlet,Armor
19473,Taurus_Diadem_J,Taurus Diadem,Armor
19474,S_Circlet_Of_Time_RK,Temporal Circlet (Rune Knight),Armor
19475,S_Circlet_Of_Time_LG,Temporal Circlet (Royal Guard),Armor
19476,S_Circlet_Of_Time_NC,Temporal Circlet (Mechanic),Armor
19477,S_Circlet_Of_Time_GN,Temporal Circlet (Genetic),Armor
19478,S_Circlet_Of_Time_GC,Temporal Circlet (Guillotine Cross),Armor
19479,S_Circlet_Of_Time_SC,Temporal Circlet (Shadow Chaser),Armor
19480,S_Circlet_Of_Time_AB,Temporal Circlet (Archbishop),Armor
19481,S_Circlet_Of_Time_SR,Temporal Circlet (Sura),Armor
19482,S_Circlet_Of_Time_WL,Temporal Circlet (Warlock),Armor
19483,S_Circlet_Of_Time_SO,Temporal Circlet (Sorcerer),Armor
19484,S_Circlet_Of_Time_RA,Temporal Circlet (Ranger),Armor
19485,S_Circlet_Of_Time_WM,Temporal Circlet (Wanderer & Minstrel),Armor
19486,S_Circlet_Of_Time_SJ,Temporal Circlet (Star Emperor),Armor
19487,S_Circlet_Of_Time_SP,Temporal Circlet (Soul Reaper),Armor
19488,S_Circlet_Of_Time_RL,Temporal Circlet (Rebellion),Armor
19489,S_Circlet_Of_Time_OB,Temporal Circlet (Oboro),Armor
19490,S_Circlet_Of_Time_KG,Temporal Circlet (Kagerou),Armor
19491,S_Circlet_Of_Time_NV,Temporal Circlet (Super Novice),Armor
19492,S_Circlet_Of_Time_SU,Temporal Circlet (Summoner),Armor
19495,Diabolus_Wing,Diabolus Wing,Armor
19496,Aquarius_Crown_J,Aquarius Crown,Armor
19497,Phantom_Of_Masquerade,Phantom of Masquerade,Armor
19498,CitrusRibbon,Citrus Ribbon,Armor
19499,FortunetellinSealed,Fortunetelling Sealed,Armor
19500,T_Mr_Smile,T Mr Smile,Armor
19501,T_Spinx_Helm,T Spinx Helm,Armor
19502,T_Goggle,T Goggle,Armor
19503,T_Munak_Hat,T Munak Hat,Armor
19504,T_Sunglasses,T Sunglasses,Armor
19505,T_Cigarette,T Cigarette,Armor
19506,T_Valkyrie_Feather_Band,T Valkyrie Feather Band,Armor
19507,Clear_Sun,Clear Sun,Armor
19508,T_Gemmed_Sallet,T Gemmed Sallet,Armor
19509,Butterfly_Wing_Ear,Butterfly Wing Ears,Armor
19510,Nut_On_Head,Screw Stuck in Head,Armor
19511,Heart_Eye_Patch1,Heart Eye Patch 1,Armor
19512,Heart_Eye_Patch2,Heart Eye Patch 2,Armor
19513,Chicken_Beak,Chicken Bill,Armor
19514,Charlie_Beard,Charlies Beard,Armor
19515,Yellow_Hat,Yellow Hat,Armor
19516,Singing_Bird,Singing Bird,Armor
19517,Cocks_Comb,Chicken Crest,Armor
19518,Rainbow,Rainbow,Armor
19519,Lightning_Cloud,Thunderstorm Cloud,Armor
19520,Rain_Cloud,Rain Cloud,Armor
19521,Charlie_Hat,Charlies Hat,Armor
19522,Mini_Crown1,Mini Crown,Armor
19523,Donation_Ribbon,Green Ribbon,Armor
19524,C_Green_Feeler,Costume Green Feeler,Armor
19525,C_Jack_A_Dandy,Costume Jack A Dandy,Armor
19526,C_Helm,Costume Helm,Armor
19527,C_Sharp_Gear,Costume Spiky Band,Armor
19528,C_Iron_Cane,Costume Iron Cain,Armor
19529,C_Angelic_Chain,Costume Angel Wing,Armor
19530,C_Wild_Rose,Costume Wild Rose,Armor
19531,C_Cube_Mask,Costume Cube Mask,Armor
19532,C_Red_Bunny_Band,Red Bunny Band,Armor
19533,C_Spore_Hat,Costume Spore Hat,Armor
19534,C_Tha_Despero_Mask,Costume Thanatos Despero Mask,Armor
19535,C_Sinsuncho_Hat,Costume Sinsuncho Hat,Armor
19536,C_Rose_Corsage,Costume Rose Corsage,Armor
19537,C_Gryphon_Hat,Costume Gryphon Hat,Armor
19538,Full_Moon,Full Moon,Armor
19539,C_Reginleif_Hairband,Costume Hairband Of Reginleif,Armor
19540,C_Rabbit_Earplug,Costume Rabbit Earplugs,Armor
19541,C_Romantic_White_Flower,Costume Romantic White Flower,Armor
19542,C_Devil_Whisper,Costume Devil Whisper,Armor
19543,Oliver_Wolf_Hood,Oliver Wolf Hood,Armor
19544,C_Tare_Neko_Cru,Costume Tare Neko Cru,Armor
19545,C_Boys_Cap,Costume Boy's Cap,Armor
19546,C_Valkyrie_Helm,Costume Valkyrie Helm,Armor
19547,C_Deviruchi_Cap,Costume Deviruchi Cap,Armor
19548,C_Frog_Cap,Costume Frog Cap,Armor
19549,C_Magestic_Goat,Costume Magestic Goat,Armor
19550,C_Blush,Costume Blush,Armor
19551,C_Elven_Ears,Costume Elven Ears,Armor
19552,C_Centimental_Flower,Costume Centimental Flower,Armor
19553,C_Assassin_Mask_,Costume Assassin Mask,Armor
19554,C_Hahoe_Mask,Costume Hahoe Mask,Armor
19555,C_Crescent_Helm,Costume Crescent Moon Helm,Armor
19556,C_Kabuki_Mask,Costume Kabuki Mask,Armor
19557,C_Ayothaya_Hat,Costume Ayothaya Hat,Armor
19558,C_Raven_Cap,Costume Crow Hat,Armor
19559,C_B_Dragon_Hat,Costume Baby Dragon Hat,Armor
19560,C_Quati_Hat,Costume Coati Hat,Armor
19561,C_Tucan_Hat,Costume Tucan Hat,Armor
19562,C_Jaguar_Hat,Costume Jaguar Hat,Armor
19563,C_Dragon_Arhat_Mask,Costume Dragon Arhat Mask,Armor
19564,C_Tiger_Arhat_Mask,Costume Tiger Arhat Mask,Armor
19565,C_Chung_Hairband,Costume Chung Hairpin,Armor
19566,C_Samurai_Mask,Costume Samurai Mask,Armor
19567,C_Hattah_Black,Costume Hatta Black,Armor
19568,C_Horn_Of_Ancient,Costume Ancient Horns,Armor
19569,C_Sprout_Hat,Costume Sprout Hat,Armor
19570,C_Mercury_Helm,Costume Mercury Riser,Armor
19571,C_White_Musang_Hat,Costume White Musang Hat,Armor
19572,C_Black_Musang_Hat,Costume Black Musang Hat,Armor
19573,C_Heart_Wing_Hairband,Costume Heart Wing Hairband,Armor
19574,C_Lord_of_Death,Costume Lord of Death,Armor
19575,C_Rising_Black_Dragon,Costume Ascension Black Dragon,Armor
19576,C_Tare_Pope,Costume Tare Pope,Armor
19577,10th_Anni_Poring_Hat,10th Anni Poring Hat,Armor
19578,C_Goggle,Costume Googles,Armor
19579,C_Red_Wing_Hat,Costume Red Wind Hat,Armor
19580,C_Sphinx_Helm,Costume Sphinx Helm,Armor
19581,C_Brabery_Hat,Costume Adventurer's Hat,Armor
19582,C_Cowboy_Hat,Costume Cowboy Hat,Armor
19583,C_Gangster_Patch,Costume Zorro Mask,Armor
19584,C_Pirate_Dagger,Costume Dagger In Mouth,Armor
19585,C_Feather_Beret,Costume Feather Beret,Armor
19586,C_Pink_Bunny_Band_J,Costume Pink Bunny Hair Band,Armor
19587,C_King_Poring_Hat,Costume King Poring Hat,Armor
19588,C_Cat_Hat_J,Costume Cat Hat,Armor
19589,C_Fallen_Angel_Lost_J,Costume Fallen Angel Lost,Armor
19590,C_Twin_Ribbon_J,Costume Maiden's Twin Ribbon,Armor
19591,C_Red_Ribbon_J,Costume Red Ribbon,Armor
19592,C_Hibiscus_J,Costume Hibiscus,Armor
19593,C_Laurel_Wreath_J,Costume Laurel Wreath,Armor
19594,C_Geographer_J,Costume Decorative Geographer,Armor
19595,C_Dress_Hat_J,Costume April's Fool Day,Armor
19596,C_Flying_Angel_J,Costume Flapping Angel Wing,Armor
19597,C_Magic_Eyes_J,Costume Magic Eyes,Armor
19598,C_Wondering_Wolf_Helm,Costume Wandering Wolf Hat,Armor
19599,C_Imp_Hat,Costume Imp Hat,Armor
19600,Drooping_Kiehl,Costume Drooping Kiehl,Armor
19601,Drooping_Aliot,Costume Drooping Aliot,Armor
19602,C_Invisible_Cap,Costume Invisible Cap,Armor
19603,C_Invisible_Sunglasses,Costume Invisible Sunglasses,Armor
19604,C_Invisible_Mask,Costume Invisible Flu Mask,Armor
19605,C_Gang_Scarf,Costume Gang Scarf,Armor
19606,C_Ninja_Scroll,Costume Ninja Scroll,Armor
19607,C_Love_Chick_Hat,Costume Love Chick Hat,Armor
19608,C_Chick_Hat,Costume Baby Chick,Armor
19609,C_Red_Glasses,Costume Red Glasses,Armor
19610,C_Whisper_Mask,Costume Whisper Mask,Armor
19611,C_Pecopeco_Wing_Ears,Costume Peco Ears,Armor
19612,C_Headset_OST,Costume Note Headphone,Armor
19613,C_Valkyrie_Feather_Band,Costume Valkyrie Feather Hat,Armor
19614,C_Super_Novice_Hat,Costume Super Novice Hat,Armor
19615,C_Loki_Mask,Costume Loki Mask,Armor
19616,C_Ear_Of_Black_Cat,Costume Wickebine's Black Cat Ears,Armor
19617,C_Ear_Of_Puppy,Costume Puppy Headband,Armor
19618,C_Mask_Of_Fox,Costume Kitsune Mask,Armor
19619,C_Corsair,Costume Corsair,Armor
19620,C_Detective_Hat,Costume Detective Hat,Armor
19621,C_Ear_Of_Devils_Wing,Costume Evil Wing Ear,Armor
19622,C_First_Moon_Hair_Pin,Costume Crescent Hairpin,Armor
19623,C_Bizofnil_Wing_Deco,Costume Bijofnil Wings,Armor
19624,C_Round_Eyes,Costume Blank Eyes,Armor
19625,C_Bunny_Band,Costume Bunny Band,Armor
19626,C_Chullos,Costume Earmuff Hat,Armor
19627,C_Satellite_Hairband,Costume Satellite Hairband,Armor
19628,C_Headset,Costume Headset,Armor
19629,C_Tiara,Costume Tiara,Armor
19630,C_Crown,Costume Crown,Armor
19631,C_Boss_Hat,Costume Poring Fedora Hat,Armor
19632,C_Hat,Costume Hat,Armor
19633,C_Flower_Hairband,Costume Flower Band,Armor
19634,C_Flu_Mask,Costume Flu Mask,Armor
19635,C_Mini_Propeller,Costume Mini Propeller,Armor
19636,C_Pierrot_Nose,Costume Clown Nose,Armor
19637,C_Nurse_Cap,Costume Nurse Cap,Armor
19638,C_Mr_Smile,Costume Mr. Smile,Armor
19639,C_Sahkkat,Costume Sakkat,Armor
19640,C_Charming_Ribbon,Costume Charming Ribbon,Armor
19641,C_Helm_Of_Darkness,Costume Helm of Darkness,Armor
19642,C_Moonlight_Flower_Hat,Costume Moonlight Flower Hat,Armor
19643,C_Whikebain_Ears,Costume Wickebine Ears,Armor
19644,C_Takius_Blindfold,Costume Takius Blindfold,Armor
19645,C_Chinese_Crown,Costume Phoenix Crown,Armor
19646,C_Ramen_Hat,Costume Ramen Hat,Armor
19647,C_Red_Deviruchi_Cap,Costume Red Deviruchi Hat,Armor
19648,C_Fallen_Leaves,Costume Autumn Leaves,Armor
19649,C_White_Baby_Cat_Ears,Costume White Baby Cat Ears,Armor
19650,C_Rainbow_Feather_Deco,Costume Rainbow Feather Deco,Armor
19651,C_RWC_Shouting_Mouth,Costume RWC Shouting Mouth,Armor
19652,C_Rabbit_Magic_Hat,Costume Rabbit Magic Hat,Armor
19653,C_Marcher_Hat,Costume Marcher Hat,Armor
19654,C_J_Captain_Hat,Costume Ship Captain Hat,Armor
19655,C_Tiraya_Bonnet,Costume Tiraya Bonnet,Armor
19656,C_Minstrel_Hat,Wandering Minstrel Hat,Armor
19657,C_Captain_Hat,Costume Captain Hat,Armor
19658,C_Vacation_Hat,Costume Vacation Hat,Armor
19659,C_Gray_Fur_Hat,Costume Brown Beanie,Armor
19660,C_Coppola,Costume Coppola,Armor
19661,C_Sweet_Bonnet,Costume Sweet Bonnet,Armor
19662,C_Magician_Hat,Costume Magician Hat,Armor
19663,Wishing_Sky_Lantern,Costume Wish Lamp,Armor
19664,C_Campus_Festival,Costume Campus Festival,Armor
19665,C_Poring_Cake_Cap,Costume Poring Cake Hat,Armor
19666,C_Cookie_Hat,Costume Cookie Hat,Armor
19667,C_Helm_Of_Dragoon,Costume Dragon Helm,Armor
19668,C_Wind_Milestone,Costume Wind Milestone,Armor
19669,C_Reginleif_Wings_J,Costume Reginleif Hairband,Armor
19670,C_Southern_Cross,Costume Southern Cross,Armor
19671,C_Pig_Moneybox,Costume Piggie Bank,Armor
19672,C_Poring_Letter,Costume Poring Letter,Armor
19673,C_Love_Guard,Costume Love Guard,Armor
19674,C_Evil_Mask,Costume Evil Mask,Armor
19675,C_Jumping_Poring,Costume Jumping Poring,Armor
19676,C_Rainbow_Poring_Hat,Costume Rainbow Poring Hat,Armor
19677,C_Soulless_Wing,Costume Soulless Wing,Armor
19678,C_Bell_Ribbon,Costume Bell Ribbon,Armor
19679,C_Round_Eyes_J,Costume Blank Eyes,Armor
19680,C_Tongue_Mask,Costume Tongue Mask,Armor
19681,C_Silver_Tiara,Costume Silver Tiara,Armor
19682,C_Santa_Poring_Hat,Costume SantaPoring Cap,Armor
19683,C_Sweet_Candy,Costume Sweet Candy,Armor
19684,C_Happy_Wig,Costume Happy Wig,Armor
19685,C_ShineSantaPoring,Costume Shining Santa Poring,Armor
19686,C_SantaHairband,Costume Santa Hairband,Armor
19687,C_Lush_Rose,Costume Lush Rose,Armor
19688,C_RJC_Katusa,Costume Katusa,Armor
19689,C_Ati_Atihan_Hat,Costume Ati Atihan,Armor
19690,C_Dark_Snake_Lord_Hat_J,Costume Dark Snake Lord Hat,Armor
19691,C_Blue_Ribbon,Costume Blue Ribbon,Armor
19692,C_Antique_Pipe_J,Costume Peace Pipe,Armor
19693,C_Triple_Poring_Hat,Costume Triple Poring Hat,Armor
19694,C_Vane_Hairpin,Costume Vane Hairpin,Armor
19695,C_Kettle_Hat,Costume Kettle Hat,Armor
19696,C_Friend_Mochiring_Hat,Costume Friend Mochiring Hat,Armor
19697,C_Rudolph_Santa_Hat,Costume Rudolph Santa Hat,Armor
19698,C_Bf_Recruiter_Hat,Costume Boyfriend Recruitment Hat,Armor
19699,C_Gf_Recruiter_Hat,Costume Girlfriend Recruitment Hat,Armor
19700,RWC12_ChampCrown_J,Costume RWC2012 Crown of Victory,Armor
19701,C_Red_Bonnet,Costume Red Bonnet,Armor
19702,C_Santa_Hat_1,Costume Twin Pompom By JB,Armor
19703,C_Afro_Wig_Black,Costume Black Afro Wig,Armor
19704,C_Afro_Wig_Red,Costume Red Afro Wig,Armor
19705,C_Afro_Wig_Yellow,Costume Yellow Afro Wig,Armor
19706,C_Red_Dress_Hat,Costume Red Dress Hat,Armor
19707,C_Polar_Bear_Cap,Costume Polar Bear Cap,Armor
19708,Elizabeth,Costume White Snake Hat,Armor
19709,C_Yellow_Ribbon,Costume Yellow Ribbon,Armor
19710,C_Wings_Of_Victory,Costume Wings Of Victory,Armor
19711,C_Kafra_Band,Costume Wings Kafra Hair Band,Armor
19712,C_Little_Angel_Doll,Costume Little Angel Doll,Armor
19713,C_Lucky_Clover,Costume Lucky Clover,Armor
19714,C_Lady_Tanee_Doll,Costume Lady Tanee Doll,Armor
19715,C_Scarf,Costume Scarf,Armor
19716,C_Alice_Doll,Costume Alice Doll,Armor
19717,C_Ribbon_Pink,Costume Pink Ribbon,Armor
19718,C_Gothic_Head_Dress,Costume Gothic Headdress,Armor
19719,C_Coronet,Costume Coronet,Armor
19720,C_Oldman's_Romance,Costume Romantic Gent,Armor
19721,C_Darkness_Helm,Costume Darkness Helm,Armor
19722,C_Black_Glasses,Costume Black Glasses,Armor
19723,C_Sacred_Torch_Coronet,Costume Sacred Torch Coronet,Armor
19724,C_Deprotai_Doll_Hat,Costume Deprote Doll Hat,Armor
19725,C_Bread_Bag2,Costume Bread Bag,Armor
19726,C_Scarlet_Rose,Costume Scarlet Rose,Armor
19727,C_Deviling_Hat,Costume Devilring Hat,Armor
19728,C_Tare_Zonda,Costume Tare Zonda,Armor
19729,C_Neko_Mimi_Kafra,Costume Neko Mimi Kafra,Armor
19730,C_Snake_Hat,Costume Snake Hat,Armor
19731,C_Satanic_Chain,Costume Evolved Evil Wing,Armor
19732,C_Goblin_Mask_04,Costume Goblin Leader Mask,Armor
19733,C_Panda_Cap,Costume Panda Cap,Armor
19734,C_Binoculars,Costume Binoculars,Armor
19735,C_Fin_Helm,Costume Fin Helm,Armor
19736,C_Gas_Mask,Costume Gas Mask,Armor
19737,C_Corsair_K,Costume Refined Corsair,Armor
19738,C_Detective_Hat_K,Costume Renown Detective's Cap,Armor
19739,C_Sleeping_Kitty_Cat,Costume Sleeping Kitty Hat,Armor
19740,C_Guildsman_Recruiter,Costume Guild Member Recruitment Hat,Armor
19741,C_Majestic_Evil_Horn,Costume Majestic Devil Horns,Armor
19742,Little_Golden_Wing,Costume Small Golden Wings,Armor
19743,C_Anubis_Helm_J,Costume Anubis Helm,Armor
19744,C_Black_Tail_Ribbon,Costume Black Tail Ribbon,Armor
19745,C_Holy_Marching_Hat_J,Costume Holy Marching Hat,Armor
19746,C_Cap_Of_Blindness,Costume Executioner Hood,Armor
19747,C_Tha_Despero_Mask_J,Costume Tha Despero Mask,Armor
19748,C_Diadem,Costume Diadem,Armor
19749,C_Gold_Spirit_Chain,Costume Gold Spirit Chain,Armor
19750,C_Saint_Frill_Ribbon,Costume Saint Frill Ribbon,Armor
19751,C_Light_Darkness_Crown,Costume Light Darkness Crown,Armor
19752,C_Shelter_Wing_Ears,Costume Shelter Wing Ears,Armor
19753,C_Celestial_Hat,Costume Celestial Hat,Armor
19754,C_Good_Wedding_Veil,Costume Good Wedding Veil,Armor
19755,C_YinYang_Earring,Costume YinYang Earring,Armor
19756,C_Holy_Mom_Love,Costume Holy Mom Love,Armor
19757,C_Water_Lily_Crown,Costume Water Lily Crown,Armor
19758,C_King_Frog_Hat,Costume Frog King Hat,Armor
19759,C_Umbrella_Hat,Costume Umbrella Hat,Armor
19760,C_Rainbow_Veil,Costume Rainbow Veil,Armor
19761,C_White_Lily,Costume White Lily,Armor
19762,C_Happy_Peace_Proof,Costume Happy Peace Proof,Armor
19763,C_Leaf_Cat_Hat,Costume Leaf Cat Hat,Armor
19764,C_Card_In_The_Mouth,Costume Monster Card,Armor
19765,C_Ear_Of_Angel's_Wing,Costume Wing Angels Ears,Armor
19766,C_Yggdrasil_Hat,Costume Yggdrasil Hat,Armor
19767,C_Home_Cherry_Blossom,Costume Home Cherry Blossom,Armor
19768,C_Sakura_Coronet,Costume Sakura Coronet,Armor
19769,C_Mischievous_Fairy,Costume Elf Ears,Armor
19770,C_Japan_Winecup,Costume Sake,Armor
19771,C_Butterfly_Hairpin,Costume Buterfly Hairpin,Armor
19772,C_Honeybee_Hat,Costume Honeybee Hat,Armor
19773,C_Angeling_Hairpin,Costume Angeling Pin,Armor
19774,C_Emperor_Wreath_J,Costume Laurel,Armor
19775,C_Marvelous_Wig,Costume Dokebi Hat,Armor
19776,C_Tomboy_Fairy,Costume Tomboy Fairy,Armor
19777,C_Twinkle_Little_Star,Costume Shiny Small Star,Armor
19778,C_King_Berry,Costume King Berry,Armor
19779,C_Persika,Costume Persika,Armor
19780,C_Rabbit_Ear_Knit_Hat,Costume Knit Rabbit Ears,Armor
19781,C_Ear_Of_Angel's_Wing_,Costume Angel Wing Ears,Armor
19782,C_Drooping_Kitty,Costume Refined Drooping Cat,Armor
19783,C_Granpa_Beard,Costume Grampa Beard,Armor
19784,C_Morrigane's_Helm,Costume Morrigane's Helm,Armor
19785,C_Well_Baked_Toast,Costume Crunch Toast,Armor
19786,C_Mistress_Crown,Costume Crown of Mistress,Armor
19787,C_Devoted_Eyes,Costume Devoted Eyes,Armor
19788,C_Heart_Eyepatch,Costume Heart Eyebandage,Armor
19789,C_Sweet_Gents,Costume Sweet Gent,Armor
19790,C_Wedding_Veil,Costume Wedding Veil,Armor
19791,C_Alarm_Mask,Costume Alarm Mask,Armor
19792,C_Goblin_Mask_01,Costume Poker Face,Armor
19793,C_Goblin_Mask_02,Costume Surprised Mask,Armor
19794,C_Goblin_Mask_03,Costume Annoyed Mask,Armor
19795,C_Lord_Circlet,Costume Grand Circlet,Armor
19796,C_Bone_Helm,Costume Bone Helm,Armor
19797,C_Apple_Of_Archer,Costume Apple of Archer,Armor
19798,C_Angry_Mouth,Costume Angry Snarl,Armor
19799,C_Golden_Gear,Costume Golden Gear,Armor
19800,C_Carnation_Hairband,Costume Carnation Headband,Armor
19801,C_Fox_Hat_J,Costume Foxhat,Armor
19802,C_Drooping_Nine_Tail,Costume Lazy Ninetail,Armor
19803,C_Pinwheel_Cap,Costume Windtoy Hat,Armor
19804,C_Red_Vane_Hairpin,Costume Red Vane Hairpin,Armor
19805,C_Taboo_Curse_Scroll,Costume Curse Scroll,Armor
19806,C_Full_Bloom_Hairpin,Costume Bloom Hairpin,Armor
19807,C_Majestic_Helmet,Costume Majestihelm,Armor
19808,C_Blazing_Sun,Costume Blazing Sun,Armor
19809,C_Cowboy_Hat_J,Costume Purple Cowboy Hat,Armor
19810,C_Ifrit's_Ear,Costume Ifrit Ear,Armor
19811,C_Beer_Cap,Costume Beer Hat,Armor
19812,C_Large_Hibiscus,Costume Large Hibiscus,Armor
19813,C_Icecream_Hat,Costume Icecream Hat,Armor
19814,C_Shiny_Wig,Costume Bright Wig,Armor
19815,C_Lolita_Ten_Gallon_Hat,Costume Lolita Ten Gallon Hat,Armor
19816,C_Pecopeco_Cap,Costume Pecopeco Cap,Armor
19817,C_Ifrits_Breath,Costume Ifrits Breath,Armor
19818,C_Droop_Morocc_Minion,Costume Drooping Morooc Minion,Armor
19819,C_Necromencer_Hood,Costume Gang Doogun,Armor
19820,C_Bone_Hat,Costume Bone Hat,Armor
19821,C_Hyegun_Hat,Costume Yao Jun,Armor
19822,C_Yellow_Bandana,Costume Yellow Doogun,Armor
19823,C_White_Cat_Hood,Costume White Cat Hood,Armor
19824,C_Evil_Druid_Hat,Costume Evil Druid Hat,Armor
19825,C_Vicious_Stop_Bandage,Costume Vicious Stop Bandage,Armor
19826,C_Ice_Wing_Ear,Costume Ice Wing Ear,Armor
19827,C_Amistr_Cap,Costume Amistr,Armor
19828,C_Fedora,Costume Bucket Hat,Armor
19829,C_Straw_Hat,Costume Straw Hat,Armor
19830,C_Sunglasses,Costume Sunglasses,Armor
19831,C_Filir_Hat,Costume Filir Hat,Armor
19832,C_Poring_Hat,Costume Poring Hat,Armor
19833,C_Fillet,Costume Fillet,Armor
19834,C_Baseball_Cap,Costume Baseball Cap,Armor
19835,C_Lif_Doll_Hat,Costume Lif Doll Hat,Armor
19836,C_L_Magestic_Goat,Costume Majestic Goat,Armor
19837,C_Asara_Fairy_Hat,Costume Asara Fairy Hat,Armor
19838,C_Fox_Hat,Costume Fox Hat,Armor
19839,C_Vanilmirth_Hat,Costume Vanilmirth Hat,Armor
19840,C_Helm_Of_Sun,Costume Hat of the Sun God,Armor
19841,C_Dragonhelm_Copper,Costume Dragon Helm Copper,Armor
19842,C_Puppy_Hat,Costume Puppy Hat,Armor
19843,C_Cat_Hairband,Costume Kitty Band,Armor
19844,C_Turban,Costume Turban,Armor
19845,C_Hair_Protector,Costume Bao Bao,Armor
19846,C_Opera_Ghost_Mask,Costume Opera Masque,Armor
19847,C_Big_Sis_Ribbon,Costume Big Ribbon,Armor
19848,C_Angeling_Hat,Costume Angeling Hat,Armor
19849,C_Munak_Turban,Costume Munak Hat,Armor
19850,C_Bongun_Hat,Costume Bongun Hat,Armor
19851,C_Brown_Bear_Cap,Costume Teddybear Hat,Armor
19852,C_Galapago_Cap,Costume Galapago Cap,Armor
19853,C_Filir_Wing_Ears,Costume Filir Wings,Armor
19854,C_Ear_Of_Black_Cat_,Costume Black Cat Ears,Armor
19855,C_Happy_Summer_Wig,Costume Happy Summer Wig,Armor
19856,C_Iceflake_Hat,Costume Snow Cone Hat,Armor
19857,C_King_Prawn_Hat,Costume Crayfish Hat,Armor
19858,C_Leaf_Headgear,Costume Smokie Leaf,Armor
19859,C_Flying_Angel,Costume Flying Angel,Armor
19860,C_Cryptura_Hair_Cap,Costume School Criatura Hat,Armor
19861,C_Heart_Hair_Pin,Costume Heart Hairpin,Armor
19862,C_Horn_Of_Succubus,Costume Succubus Horn,Armor
19863,C_Inccubus_Horn,Costume Incubus Horn,Armor
19864,C_Afro_Wig,Costume Dokebi's Wig,Armor
19865,C_Joker_Jester,Costume Joker Jester,Armor
19866,C_Blue_Pajamas_Hat,Costume Blue Pajamas,Armor
19867,C_Pink_Pajamas_Hat,Costume Pink Pajama Hat,Armor
19868,C_Showy_High_Cap,Costume Showy High Cap,Armor
19869,C_Ancient_Civil_Man,Costume Ancient Civil Man Hat,Armor
19870,C_Black_Rabbit_Hat,Costume Black Rabbit Hat,Armor
19871,C_Music_Decoration,Costume Decoration of Music,Armor
19872,C_Phantom_Of_Opera,Costume Phantom Of Opera,Armor
19873,C_Carnival_Hat,Costume Carnival Hat,Armor
19874,C_Carnival_Circlet,Costume Carnival Circlet,Armor
19875,C_Love_Rabbit_Hood,Costume Love Rabbit Hood,Armor
19876,C_Rabbit_Ear_Hat,Costume Bunny Top Hat,Armor
19877,C_Eyes_Of_Darkness,Costume: Eyes Of Darkness,Armor
19878,C_Drooping_Bunny,Costume Evolved Drooping Bunny,Armor
19879,C_Black_Bunny_Band,Costume Black Bunny Band,Armor
19880,C_Gold_Tiara,Costume Gold Tiara,Armor
19881,C_Pretty_Rabbit_Hood,Costume Pretty Rabbit Hood,Armor
19882,C_Flowerpot_Mask,Costume Flowerpot Mask,Armor
19883,C_Piamette_Hood,Costume Piamette Hood,Armor
19884,C_Vanargandr_Helm,Costume Vanargand Helm,Armor
19885,C_Blinker,Costume Blinker,Armor
19886,C_Luxury_Sunglasses,Costume Purple Glasses,Armor
19887,C_One_Eyed_Glass,Costume Cyclops Glasses,Armor
19888,C_Glasses,Costume Glasses,Armor
19889,C_Pair_Of_Red_Ribbon,Costume Small Ribbons,Armor
19890,C_Wizardry_Hat,Costume Wizardry Hat,Armor
19891,C_Fried_Egg_Hat,Costume Fried Egg Hat,Armor
19892,C_Night_Sparrow_Hat,Costume Night Sparrow Hat,Armor
19893,C_Black_Mage_Hat,Costume Ordinary Black Magician Hat,Armor
19894,C_Shrine_Maiden_Hat,Costume Shrine Maiden Hat,Armor
19895,C_Sorc_Night_Cap,Costume Magician's Night Cap,Armor
19896,C_Ph_Ro_10th_Cap,Costume pRO 10th Cap,Armor
19897,RPC13_1ST_Wreath,Costume RPC 1ST Wreath,Armor
19898,RPC13_2ND_Wreath,Costume RPC 2ND Wreath,Armor
19899,RPC13_3RD_Wreath,Costume RPC 3RD Wreath,Armor
19900,Special_Eyepatch,Cool Pirate Eyepatch,Armor
19901,C_Viking_Helm,Costume Orc Helm,Armor
19902,C_Cigar,Costume Cigarette,Armor
19903,C_Witchs_Hat,Costume Witch's Hat,Armor
19904,C_Skull_Cap,Costume Skull cap,Armor
19905,C_Secret_Society_Hood,Costume Secret Bandana,Armor
19906,C_24_Bolt,Costume 24 Bolt,Armor
19907,C_Fancy_Phantom_Mask,Costume Beautiful Phantom Mask,Armor
19908,C_Joker_Jester_,Costume National flag hat,Armor
19909,C_White_Deviruchi_Cap,Costume White Baby demom hat,Armor
19910,C_Halloween_Hat,Costume Halloween Hat,Armor
19911,C_Triangular_Roof_Hat,Costume Triangle roof hat,Armor
19912,C_Cat_Eye,Costume: Cat eye,Armor
19913,C_Poo_Poo_Hat,Costume Poo Poo Hat,Armor
19914,Felock_Cap,Felrock's Hat,Armor
19915,C_Little_Devil_S_Horn,Costume Little Devil's Horn,Armor
19916,C_Black_Cat_Hat,Costume Black Cat Hat,Armor
19917,C_Gloomy_Pumpkin_Hat,Costume Pumpkin Hat,Armor
19918,C_Lude_Mask,Costume Lude Mask,Armor
19919,C_Cube_Mask_,Costume Quve Mask,Armor
19920,C_Adv_Whisper_Mask,Costume Evolved Whisper Mask,Armor
19921,C_Drooping_Wild_Rose,Costume Wild Rose,Armor
19922,C_Noah_Hat,Costume Noah's Hat,Armor
19923,C_Dark_Age,Costume Dark Age,Armor
19924,C_Odin_Mask,Costume Odin Mask,Armor
19925,C_One_Eyed_Glasses,Costume Monocle,Armor
19926,C_Ribbon_Black,Costume Ribbon Black,Armor
19927,C_Gray_Drooping_Kitty,Costume Drooping Gray Kitty,Armor
19928,C_Gothic_Heart_Wing,Costume Gothic Heart Wing,Armor
19929,C_Classical_Ribbon,Costume Classical Ribbon,Armor
19930,C_Angel_Mini_Silk_Hat,Costume Angel Mini Silk Hat,Armor
19931,C_Lazy_Raccoon,Costume Lazy Smokie,Armor
19932,C_Cap_Of_Concentration,Costume Model Training Hat,Armor
19933,C_711_Headphone,Costume 711 Headphone,Armor
19934,C_10Gallon_Hat_Of_Flame,Costume Alive Ten Gallon Hat Of Flame,Armor
19935,C_Hunting_Cap_Of_Gust,Costume Hunting Cap Of Gust,Armor
19936,C_Knit_Cap_Of_Water,Costume Knit Cap Of Water,Armor
19937,C_Silk_Hat_Of_Earth,Costume Silk Hat of Earth,Armor
19938,LI_C_Love_Rabbit_Hood,Costume Love Rabbit Hood,Armor
19939,C_Antler,Costume Antlers,Armor
19940,C_Event_Pierrot_Nose,Costume Clown Nose,Armor
19941,C_Ear_Mufs,Costume Ear Muffs,Armor
19942,C_Orchid_Hairband,Costume Orchid Hairband,Armor
19943,C_Hat_Of_Judge,Costume Judge Hat,Armor
19944,C_RTC_Third_Best,Costume Goddess of Victory(Purple),Armor
19945,C_RTC_Third,Costume Winner Helmet(Copper),Armor
19946,C_Rocket_Helm_RWC,Costume Shuttle to Apex(Blue),Armor
19947,C_Rainbow_Scarf,Costume Rainbow Scarf,Armor
19948,C_Globe_Hat,Costume Globe,Armor
19949,C_RWC_2013_Hat,Costume RWC2013 Japan Hat,Armor
19950,C_RWC_Champ_Crown,Costume Princess Tiara,Armor
19951,C_Solo_Play_Box2,Costume Cardboard Box,Armor
19952,C_Bubble_Gum_In_Mouth,Costume Bubble Gum in Mouth,Armor
19953,C_Parade_Cap,Costume Parade Cap,Armor
19954,C_3D_Glasses,Costume 3D Glasses,Armor
19955,C_Mini_Tree_J,Costume Mini Tree J,Armor
19956,C_Soldier_Hat,Costume Soldier Hat,Armor
19957,C_Scooter_Hat_J,Costume Scooter Hat,Armor
19958,C_Choir_Hat,Costume Choir Hat,Armor
19959,C_Drooping_Argiope,Costume Drooping Argiope,Armor
19960,C_Chain_Puppet,Costume Chain Puppet,Armor
19961,C_Rune_Circlet,Costume Rune Circlet,Armor
19962,C_Mitra,Costume Mitra,Armor
19963,C_Driver_Band_R,Costume Driver Band(Red),Armor
19964,C_Driver_Band_Y,Costume Driver Band(Yellow),Armor
19965,C_Shadow_Handicraft,Costume Shadow Handicraft,Armor
19966,C_Minstrel_Song_Hat,Costume Minstrel Song's Hat,Armor
19967,C_Midas_Whisper,Costume Midas Whisper,Armor
19968,C_Magic_Stone_Hat,Costume Magic Stone Hat,Armor
19969,C_Blazing_Soul,Costume Blazing Soul,Armor
19970,C_Wind_Whisper,Costume Wind Whisper,Armor
19971,C_Dying_Swan,Costume Dying Swan,Armor
19972,C_Protect_Of_Crown,Costume Protect Of Crown,Armor
19973,C_Circlet_Of_Bone,Costume Circlet Of Bones,Armor
19974,C_Camouflage_RabbitHood,Costume Camouflage Rabbit Hood,Armor
19975,C_Boss_Beret,Costume Beret BOSS hat,Armor
19976,C_Cat_Santa_Hat,Cat Santa Hat,Armor
19977,C_Golden_Exclamation,Costume Golden Exclamation Mark,Armor
19978,C_Silver_Exclamation,Costume Silver Exclamation Mark,Armor
19979,C_Golden_Question,Costume Golden Question Mark,Armor
19980,C_Silver_Question,Costume Silver Question Mark,Armor
19981,C_Santa_Beard,Costume Santa's Beard,Armor
19982,C_Santa's_Hat,Costume Santa Hat,Armor
19983,C_Flower_Hairpin,Costume Flower Hairpin,Armor
19984,C_Winter_Hat,Costume Fashion Winter Hat,Armor
19985,C_Aura_Quartz_Crown,Costume Aura Quartz,Armor
19986,C_Lunatic_Hat,Costume Lunatic Hat,Armor
19987,C_Blue_Fur_Hat,Costume Blue Fur Hat,Armor
19988,C_Elder_Crown,Costume Elder Crown,Armor
19989,C_Mouton_Life,Costume Mouton Life,Armor
19990,C_Snow_Rabbit_Knit_Hat,Costume Rabbit Knit Hat,Armor
19991,C_Galanthus_Guard,Costume Galanthus Guard,Armor
19992,C_Chilly_Breath,Costume Chilly Breath,Armor
19993,C_Onigiri_In_Mouth,Costume Onigiri,Armor
19994,C_saLUsalo_Cap,Costume saLUsalo Hat,Armor
19995,Flower_Blossom,Costume Flower Blossom,Armor
19996,Horse_King,Horse King,Armor
19997,C_Bomb_Hat,Costume Bomb Hat,Armor
19998,C_Dragon_Turtle_Hat,Costume Dragon Turtle Hat,Armor
19999,C_Mouse_Hat1,Costume Mouse Hat 1,Armor
20000,C_Mouse_Hat2,Costume Mouse Hat 2,Armor
20001,C_Mouse_Hat3,Costume Mouse Hat 3,Armor
20002,C_Mouse_Hat4,Costume Mouse Hat 4,Armor
20003,C_Mouse_Hat5,Costume Mouse Hat 5,Armor
20004,C_Big_Golden_Bell,Costume Big Golden Bell,Armor
20005,C_Pegasus_Wing_Ears,Costume Sigrun Wing,Armor
20006,C_Dark_Knight_Mask,Costume Dark Knight Mask,Armor
20007,C_Bullock_Helm_J,Costume Horned Hat,Armor
20008,C_General_Helmet,Costume Dragon General Helm,Armor
20009,C_Dragon_Skull,Costume Dragon Skull Hat,Armor
20010,C_Rainbow_Wing_Ears,Costume Rainbow Wing Ears,Armor
20011,C_Lightning_Speed,Costume Lightning Speed,Armor
20012,C_Double_Horn_Helm,Costume Double Horn Helm,Armor
20013,C_Hat_Of_Cook,Costume Chef Hat,Armor
20014,Lincoln_Hat,Costume Lincoln Hat,Armor
20015,Lincoln_Beard,Costume Lincoln Beard,Armor
20016,Lobster_Hat,Costume Cool Dinner Hat,Armor
20017,C_Marionette_Doll,Costume Marionette Doll,Armor
20018,Horo_Ears,Costume Holo Ear,Armor
20019,Beret_Of_Artist,Costume Beret Of Artist,Armor
20020,C_Zaha_Doll_Hat_J,Costume Zaha Doll Hat,Armor
20021,C_Heart_Ribbon_Band,Costume Heart Ribbon Hairband,Armor
20022,C_Love_Piece,Costume Love Fragment,Armor
20023,C_Red_Beret,Costume Red Beret,Armor
20024,C_Ribbon_Orange,Costume Orange Ribbon,Armor
20025,C_Cow_Hat1,Costume Cow Hat 1,Armor
20026,C_Cow_Hat2,Costume Cow Hat 2,Armor
20027,C_Cow_Hat3,Costume Cow Hat 3,Armor
20028,C_Cow_Hat4,Costume Cow Hat 4,Armor
20029,C_Donut_In_Mouth_J,Costume Donut in Mouth,Armor
20030,C_Choco_Donut_In_Mouth,Costume Choco Donut in Mouth,Armor
20031,C_Bunny_Head_Dress,Costume Bunny Headress,Armor
20032,C_Firinto_Scarf,Costume Firinto Scarf,Armor
20033,C_Buddhist_Priest_Crown,Costume Monk Crown,Armor
20034,C_Jack_Castle_Bat,Costume Jack Castle Bat,Armor
20035,C_Miracle_Blue_Rose,Costume Miracle Blue Rose,Armor
20036,C_Sword_Master_Crown,Costume Sword Master Crown,Armor
20037,C_Owlduke_Silk_Hat,Costume Owlduke Silk Hat,Armor
20038,Alphonse_Helmet,Costume Haunted Armor Helm,Armor
20039,C_Butterfly_Wing_Ear_J,Costume Butterfly Wing Ears,Armor
20040,C_Rose_Crown,Costume Chung Hairpin,Armor
20041,C_Earth_Goddess_Flower,Costume Rose Headband,Armor
20042,C_Hermose_Cap,Costume Hermos Cap,Armor
20043,C_Red_Cherry_Blossom,Costume Cherryblossom in Mouth,Armor
20044,C_Carmen_Miranda_Hat,Costume Carmen Miranda's Hat,Armor
20045,C_Samambaia,Costume Samambaia,Armor
20046,C_Decoration_bluerose,Costume Blue Ribbon Band,Armor
20047,C_Pray_Cherry_Blossom,Costume Prayer Cherry Blossom,Armor
20048,C_Wind_Of_The_Prairie,Costume Wind Prairie,Armor
20049,C_Plaster,Costume Giant Band Aid,Armor
20050,C_Ph.D_Hat,Costume Ph.D Hat,Armor
20051,C_Stop_Post,Costume Stop Post,Armor
20052,C_Notice_Board,Costume AFK Hat,Armor
20053,C_White_Tiger_Hat,Costume White King Tiger Doll Hat,Armor
20054,C_Baby_Pacifier,Costume Baby Pacifier,Armor
20055,C_Ghost_Bandana,Costume Ghost Bandana,Armor
20056,C_Bride_Corolla,Costume Bride's Corolla,Armor
20057,C_Feather_Bonnet,Costume Feather Bonnet,Armor
20058,C_Headband_Of_Power,Costume Hot Blood Headband,Armor
20059,C_Welding_Mask,Costume Welding Mask,Armor
20060,C_Safety_Helmet,Costume Construction Helmet,Armor
20061,C_Ganster_Mask,Costume Demo Mask,Armor
20062,C_Angel_Stairs,Costume Angel Stair,Armor
20063,Yellow_Brain_Hat,Costume Yellow Brain Hat,Armor
20064,Blue_Brain_Hat,Costume Blue Brain Hat,Armor
20065,C_Hairband_Of_Grandpeco,Costume Grand Peco Hairband,Armor
20066,C_Pecopeco_Hairband,Costume Pecopeco Hairband,Armor
20067,C_Whrabbit_Hband,Costume White Rabbit Headband,Armor
20068,C_Blrabbit_Hband,Costume Black Rabbit Headband,Armor
20069,C_Gryphon_Hairband,Costume Gryphon Hairband,Armor
20070,C_Alpaca_Hood,Costume Alpaca Hood,Armor
20071,C_Worg_In_Mouth,Costume Worg In Mouth,Armor
20072,C_Deviruchi_Cap_,Costume Deviruchi Cap,Armor
20073,C_Hair_Band,Costume Hair Band,Armor
20074,C_Biretta,Costume Biretta,Armor
20075,C_Little_Fhat,Costume Little Feather Hat,Armor
20076,C_Idun_Wing_Ears,Costume Idun Feather Ears,Armor
20077,C_Wing_Form_Spectacle,Costume Wing Frame Sunglasses,Armor
20078,C_White_Feather,Costume White Feather,Armor
20079,C_Love_Daddy_2013,Costume Forgotten Angel Wing,Armor
20080,C_Shaman's_Hair_Orna,Costume Shaman Hair Ornament,Armor
20081,MetalDragon_Helm,Costume Metal Dragon Helm,Armor
20082,MetalDragon_Hat,Costume Metal Dragon Hat,Armor
20083,Mythlit_Hat,Costume Mythlit Hat,Armor
20084,C_Clover_Coronet,Costume Ceremonial Hat,Armor
20085,C_Clover_Silkhat,Costume St Patrick's Hat,Armor
20086,C_DragonCintamani_Hat1,Costume Dragon Cintamani Hat,Armor
20087,C_DragonCintamani_Hat2,Costume Dragon Cintamani Hat,Armor
20088,C_DragonCintamani_Hat3,Costume Dragon Cintamani Hat,Armor
20089,C_DragonCintamani_Hat4,Costume Dragon Cintamani Hat,Armor
20090,C_Egg_Shell,Costume Egg Shell,Armor
20091,C_Smoking_Pipe,Costume Pipe,Armor
20092,C_Sales_Signboard,Costume Sales Banner,Armor
20093,C_Star_Sparkling,Costume Wizard Hat,Armor
20094,C_Fillet_Green,Costume Green Ribbon,Armor
20095,C_Fillet_Red,Costume Red Ribbon,Armor
20096,C_Fillet_Blue,Costume Blue Ribbon,Armor
20097,C_Fillet_White,Costume White Ribbon Headband,Armor
20098,C_Vampire_Hairband,Costume Vampire Hairband,Armor
20099,C_Ljosalfar,Flying Ljosalfar,Armor
20100,C_Volume_Fhat,Costume Volume Fhat,Armor
20101,C_Bragi_Wing_Ears,Costume Bragi Wing Ears,Armor
20102,C_Horse_King,Costume Horse King J,Armor
20103,C_Drooping_Panda,Costume Drooping Panda,Armor
20104,C_Picky_Egg_Shell,Costume Picky Egg Shell,Armor
20105,C_Fish_Head_Hat,Costume Fish Head,Armor
20106,C_Classic_Hat,Costume Classic Hat,Armor
20107,C_Fish_In_Mouth,Costume Fish In Mouth,Armor
20108,C_Blind_Glasses,Costume Blind Glasses,Armor
20109,C_Jolly_Roger,Costume Jolly Roger Hat,Armor
20110,C_Coiledup_Snake_Hat1,Costume Coiledup Snake,Armor
20111,C_Coiledup_Snake_Hat2,Costume Coiledup Snake Hat,Armor
20112,C_Aqua_Ten_Gallon_Hat,Costume Aqua Ten Gallon Hat,Armor
20113,C_Star_Reading_Hat,Costume Star Reading Hat,Armor
20114,C_Funeral_Costume,Costume Funeral Hat,Armor
20115,C_Under_Rim_Glasses,Under Rim Glasses,Armor
20116,C_Mermaid_Headphone,Mermaid Headphone,Armor
20117,C_Raspberry_Mousse_Hat,Raspberry Mousse Hat,Armor
20118,C_Hat_Of_Cake,Costume Cake Hat,Armor
20119,C_Fur_Hat,Costume Beanie,Armor
20120,C_Antenna,Costume Aerial,Armor
20121,C_Lotus_Flower_Hat,Costume Flower Lily,Armor
20122,Happy_Summer_Ribbon,Costume Happy Summer Ribbon,Armor
20123,C_Eagle_Eyes,Costume Eagle Eyes,Armor
20124,C_Masquerade,Costume Masquerade,Armor
20125,C_Mini_Glasses,Costume Mini Glasses,Armor
20126,C_Thanatos_Mal_Mask,Costume Odium Thanatos Mask,Armor
20127,C_Helm_Of_Abyss,Costume Abysmal Knight Helm,Armor
20128,C_Remover_Hat,Costume Remover Hat,Armor
20129,C_Poporing_Cap,Costume Poporing Cap,Armor
20130,C_Whisper_Tall_Hat,Costume Whisper Tall Hat,Armor
20131,C_C_Tower_Manager_Incom,Costume Clock Tower Manager,Armor
20132,C_Subject_Aura,Costume Test Subject Aura,Armor
20133,C_Poring_Mascot_Costume,Costume Poring Mascot,Armor
20134,C_Helm_Of_Abyss_White,Costume White Helm Of Abyss,Armor
20135,C12th_Crown,Costume 12 Anniversary Crown of Saint,Armor
20136,C12th_ElvenEars,Costume 12 Anniversary Elf Ears,Armor
20137,C_Bomb_Wick,Costume Bomb Wick,Armor
20138,C_Sea_Otter_Cap,Costume Sea Otter Hat,Armor
20139,C_Horse_Hairpin1,Costume Horse Hairpin,Armor
20140,C_Horse_Hairpin2,Costume Horse Hairpin,Armor
20141,C_Observer,Costume Observer,Armor
20142,C_Machoman_Glasses,Costume Machoman Glasses,Armor
20143,C_Candy_Cane_In_Mouth,Costume Candy Cane In Mouth,Armor
20144,C_Ancient_Elven_Ear,Costume Ancient Elven Ear,Armor
20145,C_Robo_Eye,Costume Robo Eye,Armor
20146,C_Angel_Spirit,Costume Angel of Ghost,Armor
20147,C_Bell_Pigeon,Costume Bell of Piegon,Armor
20148,C_Noble_Hat,Costume Musketeer Hat,Armor
20149,C_Hexagon_Spectacles,Costume Hexagon Glasses,Armor
20150,C_GodOfWinds_Fan,Costume Wind Fan,Armor
20151,C_Poison_Spore_Hat,Costume Poison Spore Hat,Armor
20152,C_Straw_Rice_Bag,Costume Straw Rice Bag,Armor
20153,C_Monochrome_Cap,Costume Monochrome Cap,Armor
20154,C_Maple_Which_Falls,Costume Maple Which Falls,Armor
20155,C_Ladys_Feather_Hat,Costume Lady's Feather Hat,Armor
20156,C_Fan_In_Mouth,Costume Fan in Mouth,Armor
20157,C_Fish_On_Head,Costume Evolved Blue Fish,Armor
20158,C_Circlet,Costume Circlet,Armor
20159,C_Blue_Hair_Band,Costume Blue Hairband,Armor
20160,C_Fried_Egg,Costume Magnolia Hat,Armor
20161,C_Prontera_Army_Cap,Costume Army Cap,Armor
20162,C_Lamb_Hat1,Costume Fleece Hat,Armor
20163,C_Lamb_Hat2,Costume Fleece Hat,Armor
20164,C_Duneyrr_Helm,Costume Duneyrr Hat,Armor
20165,C_Tendrilion_Hat,Costume Tendrilion Hat,Armor
20166,C_Hockey_Mask,Costume Hockey Mask,Armor
20167,C_Devi_Headphone,Costume Deviruchi Headphone,Armor
20168,C_Skull_Jhood,Costume Skull Hood,Armor
20169,C_Long_Tongue,Costume Long Tongue,Armor
20170,C_Gray_Deviruchi_Cap,Costume Brown Deviruchi Cap,Armor
20171,C_Sepia_Cap,Costume Sepia Cap,Armor
20172,C_Pumpkin_Head,Costume Pumpkin Hat,Armor
20173,C_Lude_Hood,Costume Lude Hood,Armor
20174,C_Halloween_Hat_Orange,Costume Orange Halloween Hat,Armor
20175,C_Diabolic_Headphone,Costume Diabolic Headphone,Armor
20176,Happy_Pierrot_Mask,Costume Happy Pierrot Mask,Armor
20177,C_Drooping_Dorasuke,Costume Drooping Dorasuke,Armor
20178,C_Puppy_Love,Costume Puppy Love,Armor
20179,C_Monkey_On_Fur_Hat,Costume Monkey Coat Hat,Armor
20180,C_Westren_Grace,Costume Western Grace,Armor
20181,C_Mistic_Rose,Costume Mystic Rose,Armor
20182,C_Mottled_Egg_Shell,Costume Rainbow Eggshell,Armor
20183,C_There_Is_Something,Costume There's..Something..,Armor
20184,C_Party_Hat,Costume Party Hat,Armor
20185,C_Fashion_Sunglass,Costume Fashionable Glasses,Armor
20186,C_Magni_Cap,Costume Magni's Cap,Armor
20187,C_Fricca_Circlet,Costume Fricca's Circlet,Armor
20188,C_Morpheus_Hood,Costume Morpheus's Hood,Armor
20189,C_Goibne_Helmet,Costume Goibne's Helm,Armor
20190,C_Chicken_Hat,Costume Chick Hat J,Armor
20191,C_Black_Cat_Ears_Beret,Costume Black Cat Ears Beret,Armor
20192,C_Green_Foxtail,Costume Green Foxtail,Armor
20193,C_Foxtail,Costume Foxtail,Armor
20194,C_Lion_Mask,Costume Lion Mask,Armor
20195,C_Scratching_Cat,Costume Scratching Cat,Armor
20196,C_Leopard_Ear_Hat,Costume Leopard Ear Hat,Armor
20197,C_Amistr_Beret,Costume Amistr Beret,Armor
20198,C_Misty_Ears,Costume Misty Ears,Armor
20199,C_Evil_Marcher_Hat,Costume Evil Marcher Hat,Armor
20200,C_Rabbit_Head_Dress,Costume Rabbit Head Dress,Armor
20201,C_Banshee_Master_Kiss,Costume Banshee Master Kiss,Armor
20202,C_Deviruchi_Balloon,Costume Deviruchi Balloon,Armor
20203,C_Bandana,Costume Bandana,Armor
20204,C_Hunting_Cap,Costume Hunter Hat,Armor
20205,C_Fancy_Flower,Costume Fancy Flower,Armor
20206,C_Cock_Hat1,Costume Chicken Hat,Armor
20207,C_Stripe_Band,Costume Striped Hairband,Armor
20208,C_Necktie,Costume Neck Tie,Armor
20209,C_Mermaid_Longing,Costume Mermaid Bubbles,Armor
20210,C_Cock_Hat2,Costume Chicken Hat,Armor
20211,C_Cock_Hat3,Costume Chicken Hat,Armor
20212,C_Loki_Nidhogg_Hat,Costume Loki & Nidhoggur's Hat,Armor
20213,C_Sirt_Evil_Eye,Costume Robot Eyes,Armor
20214,C_Evil_Marcher_Hat_J,Costume Evil Marcher Hat J,Armor
20215,C_Black_Devil_Mask,Costume Black Devil Mask,Armor
20216,C_Rideword_Hat,Costume Rideword Hat,Armor
20217,C_Arabian_Veil,Costume Arabian Veil,Armor
20218,C_Spell_Circuit,Costume Spell Circuit,Armor
20219,C_Angel_Marcher_Hat,Costume Angel Marcher Hat,Armor
20220,C_Dark_Night_Veil,Costume Dark Night Veil,Armor
20221,C_Eyes_Of_Ifrit,Costume Eyes Of Ifrit,Armor
20222,C_Santa_Hat_2,Costume Blue Sheep Santa Hat,Armor
20223,C_Centimental_Leaf,Costume Romantic Leaf,Armor
20224,C_Red_Tailed_Ribbon,Costume Red Tailed Ribbon,Armor
20225,C_Pumpkin_Hat,Costume Pumpkin-Head,Armor
20226,C_Hair_Brush,Costume Red Comb,Armor
20227,C_Puppy_Hat2,Costume Husky Hat,Armor
20228,C_Pig_Moneybox2,Costume Pig MoneyBox,Armor
20229,C_New_Year_Hairpin,Costume New Year Hairpin,Armor
20230,C_Mask_Of_Bankrupt,Costume Bankruptcy Mask,Armor
20231,C_Snowman_Hat,Costume Snowman Hat,Armor
20232,C_Celines_Ribbon,Costume Celine Ribbon,Armor
20233,C_Gold_Angel_Sculpture,Costume Golden Angel,Armor
20234,C_Baphomet_Hat,Costume Baphomet Hat,Armor
20235,C_Frozen_Land_Rose,Costume Frozen Rose,Armor
20236,C_Hellomother_Hat,Costume Arc Angeling Hat,Armor
20237,C_Pink_Fur_Hat,Costume Pink Beanie,Armor
20238,C_Blue_Drooping_Kitty,Costume Drooping Blue Cat,Armor
20239,C_Large_Ribbon_Muffler,Costume Large Ribbon Muffler (Orange),Armor
20240,C_Gift_Of_Snow,Costume Gift of Snow,Armor
20241,C_Eclipse_Hat,Costume Eclipse Hat,Armor
20242,C_Snownow_Hat,Costume Snownow Hat,Armor
20243,C_Choco_Mint_Bonnet,Costume Choco Mint Bonnet,Armor
20244,C_Zherlthsh_Mask,Costume Zealotus Mask,Armor
20245,C_Cat_Foot_Hairpin,Costume Cat Paw Hairpin,Armor
20246,C_Time_Accessory,Costume Decoration Time,Armor
20247,C_Blackhand_Of_Fate,Costume Fate Of Black Hand,Armor
20248,C_Black_Strong_Hair,Costume Black Strong Hair,Armor
20249,C_Red_Strong_Hair,Costume Red Strong Hair,Armor
20250,C_White_Strong_Hair,Costume White Strong Hair,Armor
20251,C_Rose_Cascade,Costume Rose Cascade,Armor
20252,C_Accessory_of_Ascetic,Costume Mage Decoration,Armor
20253,C_Droopy_Alice_Doll,Costume Drooping Alicel,Armor
20254,C_Ribbon_Yellow,Costume Yellow Ribbonn,Armor
20255,C_Love_Cheek,Costume Love Cheeks,Armor
20256,C_Honey_Pancakes,Costume Honey Pancake,Armor
20257,C_Black_Rabbit_Bonnet,Costume Black Rabbit Bonnet,Armor
20258,C_Blue_Head_Dress,Costume Blue Headdress,Armor
20259,C_Pink_Clover,Costume Pink Clover,Armor
20260,C_Star_Dust,Costume Stardust,Armor
20261,C_Cross_Band,Costume Cross Band,Armor
20262,C_Fox_Ears_Bell_Ribbon,Costume Fox Ears Drop Ribbon,Armor
20263,C_Hat_Of_Drowsy_Cat,Costume Sleeping Cat Hat J,Armor
20264,C_Blood_Sucker,Costume Blood Sucker,Armor
20265,C_Bird_Nest_Hat,Costume Bird Nest Hat,Armor
20266,C_Secret_Zipper,Costume Secret Zipper,Armor
20267,C_Penguin_Cap,Costume Penguin Cap,Armor
20268,C_Sleep_Eclipse_Family,Costume Sleep Eclipse Family,Armor
20269,C_White_Fox_Ear_Ribbon,Costume White Fox Ear Ribbon,Armor
20270,C_Gryphon_Wing_Ears,Costume Gryphon Wing Ears,Armor
20271,C_Sunflower,Costume Sunflower,Armor
20272,C_Snowy_Horn,Costume Unicorn Horn,Armor
20273,C_Soft_Sheep_Hat,Costume Soft Sheep Hat,Armor
20274,C_White_Choco_Bear,Costume Polar Bear Cap J,Armor
20275,C_Light_Bulb_Band,Costume Light Bulb Band,Armor
20276,C_Mushroom_Band,Costume Mushroom Band,Armor
20277,C_Balloon_Hat,Costume Balloon Hat,Armor
20278,C_Man_Medal,Costume Man's Pride,Armor
20279,C_Cheering_Whistle_J,Costume Cheering Whistle,Armor
20280,C_Pencil_In_Mouth,Costume Well-Chewed Pencil,Armor
20281,C_Preschool_Hat,Costume Kindergarten Hat,Armor
20282,C_White_Boys_Hat,Costume White Student Cap,Armor
20283,C_Over_Protector,Costume Over Protector,Armor
20284,C_Cherry_Blossom_Hat,Costume Sakura Hat,Armor
20285,C_Blossom_Fluttering,Costume Dancing Fallen Sakura,Armor
20286,C_Under_Rim_Glasses_Red,Costume Under Rim Glasses Red,Armor
20287,C_Man_Medal_Gold,Costume Man's Medal(Gold),Armor
20288,C_BIJOUHAT,Costume Bijou Hat,Armor
20289,C_Wing_Ear_Black,Costume Black Wings Protector,Armor
20290,C_Evil_Druid_Hat_Black,Costume Black Evil Druid Hat,Armor
20291,C_Thoth_Mask,Costume Helm of Thoth,Armor
20292,C_Sara_Ramen_Hat,Costume Black Ramen Hat,Armor
20293,C_Sleepr_Hat,Costume Sleeper Hat,Armor
20294,C_Savage_Baby_Hat_Jp,Costume Savage Babe Hat,Armor
20295,C_Poring_Sunglasses_J,Costume Poring Sunglasses,Armor
20296,C_Yoyo_Hat,Costume Yoyo Hat,Armor
20297,C_Cactus_Hat,Costume Cactus Hat,Armor
20298,C_Happy_Lunatic_Ear,Costume Happy Lunatic Hanging Ear,Armor
20299,C_Face_Crusher,Costume Face Crusher,Armor
20300,C_Hill_Wind_Mask,Costume Hill Wind Mask,Armor
20301,C_Golden_Savage_Hat,Costume Golden Savage Hat,Armor
20302,C_Beelzebub_Crown,Costume Beelzebub Crown,Armor
20303,C_Mandragora_Cap,Costume Mandragora Cap,Armor
20304,C_Smokie_Hat,Costume Raccoon Hat,Armor
20305,C_NettyHeart_BalloonGum,Costume Nettie Heart Bubble Gum,Armor
20306,C_Artist_Hat,Costume Artist's Hat,Armor
20307,C_BeginnerMark,Costume Beginner Cap,Armor
20308,C_Koneko_Hat,Costume Koneko Hat,Armor
20309,C_Dip_Schmitz,Costume Dip Schmidt Helm,Armor
20310,C_Cute_Parrot,Costume Cute Parrot,Armor
20311,C_Magical_Booster,Costume Magical Booster,Armor
20312,C_Baron_Evil_Eye,Costume Baron's Evil Eye,Armor
20313,C_CD_In_Mouth,Costume CD in Mouth,Armor
20314,C_New_Wave_Sunglass,Costume New Wave Sunglasses,Armor
20315,C_Analyze_Eye,Costume Analyze Eye,Armor
20316,C_Seraph_Wing_Helm,Costume Seraph Wing Helm,Armor
20317,C_CatEars_Cyber_HeadP,Costume Nekomimi Cyber Headphone,Armor
20318,C_Charleston_Antenna,Costume Charleston Antenna,Armor
20319,C_Crimson_Booster,Costume Crimson Booster,Armor
20320,C_Red_Bandana,Costume Red Bandana,Armor
20321,C_37_Sculpt,Costume Pterios Fins,Armor
20322,C_Otter_Hat,Costume Seal Hat,Armor
20323,C_Music_Decoration_J,Costume Sparkling Sound,Armor
20324,C_Pigeon_Hat,Costume Pigeon Hat,Armor
20325,C_Little_Aquarium,Costume Little Aquarium,Armor
20326,C_Sailor_Collar,Costume Sailor Collar,Armor
20327,C_Marine_Cap,Costume Marine Cap,Armor
20328,C_Golden_Fish,Costume Mackerel Pike,Armor
20329,C_Tare_HSchool_Doll_Hat,Costume Very Cute Doll Hat,Armor
20330,C_Sombrero,Costume Sombrero,Armor
20331,C_Desert_Prince,Costume Desert Prince,Armor
20332,C_Ribbon_Of_Lady,Costume Pure White Ribbon,Armor
20333,C_Family_Hat,Costume Family Hat,Armor
20334,C_Joystick_Hat,Costume Joystick Hat,Armor
20335,C_Teardrop,Costume Teardrops,Armor
20336,C_Sugared_Fruit_S,Classic Underneath Cyclone 2 Week Rental Box,Armor
20337,C_Mahican,Costume Mohican Mask,Armor
20338,C_Rainbow_L_Octopus,Costume Dancing Colorful Octopus,Armor
20339,C_Flower_Summer_Hat,Costume Flower Summer Hat,Armor
20340,C_Straight_Pony_BL,Costume Ponytail (Black),Armor
20341,C_Cowlick_BL,Costume Cowlick (Black),Armor
20342,C_Loose_Wave_Twin_BL,Costume Twin Ponytail (Black),Armor
20343,C_Melon_Helmet,Costume Melon Flavour,Armor
20344,C_Happy_Balloon_J,Costume: Happy Balloon,Armor
20345,C_Guard_Of_Neptune_,Costume Seagod Protector,Armor
20346,C_Drooping_Permeter,Costume Drooping Permeter,Armor
20347,C_Poring_Pirate,Costume Poring Pirate Hat,Armor
20348,C_Picnic_Hat,Costume Sunday Hat,Armor
20349,C_FlyingGalapago,Costume Flying Galapago,Armor
20350,C_Cowlick_YL,Costume Bouncing Hair Yellow,Armor
20351,C_Cowlick_GN,Costume Bouncing Hair Green,Armor
20352,C_Cowlick_PP,Costume Bouncing Hair Purple,Armor
20353,C_Cowlick_RD,Costume Bouncing Hair Red,Armor
20354,C_Cowlick_OM,Costume Bouncing Hair Crimson,Armor
20355,C_Cowlick_BU,Costume Bouncing Hair Blue,Armor
20356,C_Cowlick_WH,Costume Bouncing Hair White,Armor
20357,C_Straight_Pony_YL,Costume Straight Pony Yellow,Armor
20358,C_Straight_Pony_GN,Costume Straight Pony Green,Armor
20359,C_Straight_Pony_PP,Costume Straight Pony Purple,Armor
20360,C_Straight_Pony_RD,Costume Straight Pony Red,Armor
20361,C_Straight_Pony_OM,Costume Straight Pony Crimson,Armor
20362,C_Straight_Pony_BU,Costume Straight Pony Blue,Armor
20363,C_Straight_Pony_WH,Costume Straight Pony White,Armor
20364,C_Loose_Wave_Twin_YL,Costume Loose Wave Twin Yellow,Armor
20365,C_Loose_Wave_Twin_GN,Costume Loose Wave Twin Green,Armor
20366,C_Loose_Wave_Twin_PP,Costume Loose Wave Twin Purple,Armor
20367,C_Loose_Wave_Twin_RD,Costume Loose Wave Twin Red,Armor
20368,C_Loose_Wave_Twin_OM,Costume Loose Wave Twin Crimson,Armor
20369,C_Loose_Wave_Twin_BU,Costume Loose Wave Twin Blue,Armor
20370,C_Loose_Wave_Twin_WH,Costume Loose Wave Twin White,Armor
20371,C_Special_Kapra_Hat,Costume Special Kafra Hat,Armor
20372,C_Hat_Of_Girl,Costume Ribbon Hat,Armor
20373,C_Watermelon_Hat,Costume Watermelon Hat,Armor
20374,C_Mechanical_Plant_Hat,Costume Mechanical Plant Hat,Armor
20375,C_Ignis_Cap,Costume Ignis Cap,Armor
20376,C_Memories_Of_Lovers,Costume Memory of Lovers,Armor
20377,C_Flying_Helmet,Costume Flight Cap,Armor
20378,C_Sky_Helm,Costume Sky Met,Armor
20379,C_PocketWatch_Hair_Orna,Costume Pocketwatch Hair Ornament,Armor
20380,C_Mech_Feather_Hairband,Costume Mechanical Feather Hairband,Armor
20381,C_Steampunk_Hat,Costume Steampunk Hat,Armor
20382,C_Silversniper_Doll,Costume Silver Sniper Doll,Armor
20383,C_Magicdecoy_Doll,Costume Magic Decoy Doll,Armor
20384,C_PurpleCrystal_Tiara,Costume Douce Tiara,Armor
20385,C_Orc_Hero_Helm,Costume Orc Hero Helmet,Armor
20386,C_Victory_Wing_Helm,Costume Victory Wing Helm,Armor
20387,C_Crossed_Hair_Band,Costume X-Shaped Hairpin,Armor
20388,C_Ayam,Costume Ayam,Armor
20389,C_Censor_Bar,Costume Mosaic,Armor
20390,C_Goblini_Mask,Costume Goblin Mask,Armor
20391,C_Silent_Executer,Costume Silent Executor,Armor
20392,C_Sniper_Goggle,Costume Sniper Google,Armor
20393,C_Schmidt_Helm,Costume Schmitz Helm,Armor
20394,C_Pumpkin_Cock_Hat,Costume Pumpkin Toque,Armor
20395,C_Black_Witch_Hat,Costume Black Witch Hat,Armor
20396,C_Woodie_Hat,Costume Green Hat,Armor
20397,C_Jakk,Costume Jakk,Armor
20398,C_Niflheim_Bunny_Hat,Costume Niffleheim Bunny Hat,Armor
20399,C_Crow_Tengu_Mask,Costume Crow Tengu Mask,Armor
20400,C_Holy_Rosario,Costume Ichthys Rosario,Armor
20401,C_Angel_Spirit_Guides,Costume Angel Guidance,Armor
20402,C_Holy_Klobuk,Costume Holy Klobuk,Armor
20403,C_Dolor_Hat,Costume Dolor Thanatos,Armor
20404,C_Blessing_Of_Angels,Costume Blessing of Angel,Armor
20405,C_Eremes_Scarf,Costume Eremes Scarf,Armor
20406,C_Commandments_Of_Chain,Costume Chain of Commandments,Armor
20407,C_Subject_Aura_Red,Costume Test Subject Aura (Red),Armor
20408,C_Bldy_Light_Dark_Crown,Costume Requiem Crown of Light and Dark,Armor
20409,C_There_Is_Something_JP,Costume There is Something,Armor
20410,C_Bone_Head,Costume Bone Head,Armor
20411,C_Claris_Doll_Hat,Costume Glaris Doll Hat,Armor
20412,C_Tayelin_Doll_Hat,Costume Tayelin Doll Hat,Armor
20413,C_Isabella_Brown_Ear,Costume Piamette Hairband,Armor
20414,C_Crown_Of_Deceit,Costume Crown Of Deceit,Armor
20415,C_RTC_Winner_Only,Costume Goddess of Victory(Blue),Armor
20416,C_1Grade_Balloon,Costume Grade 1 Balloon,Armor
20417,C_2Grade_Balloon,Costume Grade 2 Balloon,Armor
20418,C_3Grade_Balloon,Costume Grade 3 Balloon,Armor
20419,C_4Grade_Balloon,Costume Grade 4 Balloon,Armor
20420,C_5Grade_Balloon,Costume Grade 5 Balloon,Armor
20421,C_6Grade_Balloon,Costume Grade 6 Balloon,Armor
20422,C_7Grade_Balloon,Costume Grade 7 Balloon,Armor
20423,C_8Grade_Balloon,Costume Grade 8 Balloon,Armor
20424,C_9Grade_Balloon,Costume Grade 9 Balloon,Armor
20425,C_10Grade_Balloon,Costume Grade 10 Balloon,Armor
20426,C_11Grade_Balloon,Costume Grade 11 Balloon,Armor
20427,C_12Grade_Balloon,Costume Grade 12 Balloon,Armor
20428,C_13Grade_Balloon,Costume Grade 13 Balloon,Armor
20429,C_Piamette_BowTie,Costume Piamette Bowtie,Armor
20430,C_Morocc_Kid_Servant,Costume Loyal Servant of Devil Morocc,Armor
20431,C_Maggi_Head_Dress,Costume Magician Headdress,Armor
20432,C_Khalitzburg_KN_Helm,Costume Khalitzburg Knight Helm,Armor
20433,C_Louise_Red_Hat,Costume Louise Red Hat,Armor
20434,C_Droop_Gunslinger,Costume Drooping Gunslinger,Armor
20435,C_Camellia_Hair_Pin,Costume Camellia Hair Pin,Armor
20436,C_Angeling_KnitCap,Costume Angelring Furhat,Armor
20437,C_Sakura_Hairband,Costume Sakura Hairband,Armor
20438,C_Abacus_In_Mouth,Costume Abacus In Mouth,Armor
20439,C_Glow_Of_New_Year,Costume New Year Shine,Armor
20440,C_Tone_Of_Gold,Costume Tone of Gold,Armor
20441,C_L_RibbonMuff_Red,Costume Large Ribbon Muffler (Red),Armor
20442,C_RW_Mochiring_Hat,Costume Red and White Mochiring Hat,Armor
20443,C_Unicorn_Helm,Costume Unicorn Helm,Armor
20444,C_Aniv_Star_Hat,Costume Anniversary Star Hat,Armor
20445,C_Candle,Costume Candle,Armor
20446,C_Rabbit_Ear_Eggshell,Costume Bunny Eggshell,Armor
20447,C_Small_Poring_Band,Costume Small Porings Headband,Armor
20448,C_Cons_Of_Water,Costume Water Spellcaster,Armor
20449,C_White_Black_Temp,Costume White and Black Temptation,Armor
20450,C_Gram_Peony,Costume Gram Peony,Armor
20451,C_Sky_Of_Memory,Costume Sky of Memory,Armor
20452,C_berry_Prince_Crown,Costume Crown of Strawberry Prince,Armor
20453,C_Hat_Of_Bundle,Costume Wrapping Cloth,Armor
20454,C_Headgear_Of_Queen,Costume Crown of Ancient Queen,Armor
20455,C_Republic_Hat,Costume Republic Hat,Armor
20456,C_Combat_Vestige,Costume Combat Vestige,Armor
20457,C_Feather_Fluttering,Costume Fluttering Feathers,Armor
20458,C_Wild_Poring_Rider,Costume Wild Poring Rider,Armor
20459,C_Valhalla_Idol,Costume Valhalla Idol,Armor
20460,C_Thornbush_Hairband,Costume Thornbush Hairband,Armor
20461,C_93_BloodyWing,Costume 93 Style Bloody Wings,Armor
20462,C_Cat_Ears_Cape,Costume Cat Ears Cape,Armor
20463,C_Two_Tone_Beret,Costume Two Tone Beret,Armor
20464,C_Monochrome_RibbonHat,Costume Monochrome Ribbon Hat,Armor
20465,C_Glasses_Without_Lens,Costume Glasses Without Lens,Armor
20466,C_Crimson_Ribbon,Costume Crimson Ribbon,Armor
20467,C_Elemental_Crown,Costume Elemental Crown,Armor
20468,C_Youinone_Mask,You in ONE,Armor
20469,C_Bogy_Horn,Costume Bogy Horn,Armor
20470,C_SweetChocolate_Hat,Costume Sweet Chocolate Hat,Armor
20471,C_Tulip_Hairpin,Costume Tulip Hairpin,Armor
20472,C_Helm_Of_Angel,Costume Helm of Angel,Armor
20473,C_Mine_Helm,Costume Mine Helm,Armor
20474,C_Banana_Hat,Costume Banana Flavour,Armor
20475,C_Bridal_Ribbon,Costume Ribbon of Bride,Armor
20476,C_Costume01_L,Rental Costume Tipsy,Armor
20477,C_Costume02_L,Rental Costume Wrapping Ribbon,Armor
20478,C_Costume03_L,Rental Costume Royal Rabbit Crown,Armor
20479,C_Costume04_L,Rental Costume Fairy Feathers,Armor
20480,C_Costume05_L,Rental Costume Dog Officer,Armor
20481,C_Mask_of_Ifrit,Costume Mask of Ifrit,Armor
20482,C_Heaven_Cage,Costume Heaven Cage,Armor
20483,C_Butterfly_Barrettes,Costume Butterfly Barrettes,Armor
20484,C_Sunflower_Hairpin,Costume Sunflower Hairpin,Armor
20485,C_Maneater_Flower_Hp,Costume Maneater Flower HP,Armor
20486,C_Twin_Margaret,Costume Twin Margaret,Armor
20487,C_Floral_Waltz,Costume Floral Waltz,Armor
20488,C_Pope_Ribbon,Costume Pope Ribbon,Armor
20489,C_Pope_Crown,Costume Pope Crown,Armor
20490,C_Full_Bloom_Hp_Blue,Costume Full Blossom Sakura Hairpin Blue,Armor
20491,C_Laser_Of_Eagle,Costume Laser of Eagle,Armor
20492,C_Whistle,Costume Unidentified Flying Poring,Armor
20493,C_Wing_Headphone,Costume Wing Headphone,Armor
20494,C_Ufo_Poring_Hat,Costume Unidentified Flying Poring,Armor
20495,C_Quati_Hat_J,Costume Quati Hat,Armor
20496,C_Black_Shiba_Inu_Hat,Costume Black Shiba Inu Hat,Armor
20497,C_Umbala_Spirit,Costume Umbala Spirit,Armor
20498,C_Elephant_Hat,Costume Elephant Hat,Armor
20499,C_Cat_Ear_Hat,Costume Cat Ears Hat,Armor
20500,T_Archangel_Wing,Archangel Wing,Armor
20501,C_Mechanic_Wing,Costume Mechanic Wing,Armor
20502,C_Devil_Wing,Costume Little Devil Wings,Armor
20503,C_Bag_Of_Antonio,Costume Candy Pouch Bag,Armor
20504,C_Cupid_Wing_Pink,Costume Cupid's Pink Wings,Armor
20505,C_Cupid_Wing_Skyblue,Costume Cupid Wing Skyblue,Armor
20506,C_Invisible_Manteau,Invisible Manteau,Armor
20507,C_Poring_Bag,Costume Poring Bag,Armor
20508,C_Poster_Girl_Hat,Costume Poster Girl Hat,Armor
20509,C_Wings_of_Uriel,Costume Wings of Uriel,Armor
20510,C_SwordWing,Costume Sword Wing,Armor
20511,C_Blue_Fairy_Wing,Blue Wings of Fairy,Armor
20512,C_Bravery_Bag,Costume Adventurer's Backpack,Armor
20513,C_EXE_Backpack,Costume EXE Backpack,Armor
20514,C_Thanatos_Sword,Costume Thanatos Sword,Armor
20515,C_Magic_Circle,Costume Magic Circle,Armor
20516,C_Wings_of_Michael,Costume Wings of Michael,Armor
20517,C_GiantCatBag_TW,Costume Giant Cat Bag,Armor
20518,C_Gerhard_Von_Devi_Bag,Costume Gerhard Von Devi Bag,Armor
20519,C_Full_BloomCherry_Tree,Costume Full Bloom Cherry Tree,Armor
20520,C_Costume07_L,Rental Costume Full Bloom Cherry Tree,Armor
20521,C_BlackCatBag_TW,Costume Black Cat Bag,Armor
20522,C_Blessings_Of_Soul,Costume Blessings Of Soul,Armor
20523,C_2018_RTC_Cape_TW,Costume: 2018 RTC Memorial Cloak,Armor
20524,C_Shining_Angel_Wing,Costume Shining Angel Wings,Armor
20525,C_Bloody_Wing,Costume Crimson Wings,Armor
20526,C_BlueAngeling_Wing,Costume Brilliant Blue Angel Wings,Armor
20527,C_PinkButterfly_Wing,Costume Pink Butterfly Wing,Armor
20528,C_GoldButterfly_Wing,Costume Golden Butterfly Wings,Armor
20529,C_2018_RTC_Cape_ROS,Costume 2018 RTC Memorial Cloak,Armor
20530,C_Wings_of_Gabriel,Costume Wings of Gabriel,Armor
20531,C_Invisible_Manteau_TW,Costume Invisible Manteau,Armor
20532,C_Exploding_Wave_Sca_V,Costume Flaming Burst Wave(Garment),Armor
20533,C_PinkButterfly_Wing_T,Costume Pink Butterfly Wing,Armor
20534,C_GiantCatBag_JP,Costume Big White Cat,Armor
20535,C_Digital_Space,Costume Digital Space,Armor
20536,C_Violet_Halo,Costume Violet Halo,Armor
20537,C_Maple_Which_Falls_Rd,Costume Falling Red Foliage,Armor
20538,C_Magic_Circle_Rainbow,Costume Magic Circle Rainbow,Armor
20539,C_CherryFesRibbon_TW,Costume Sakura Festival Ribbon,Armor
20540,C_SnackParty_TW,Costume Cookie Party,Armor
20541,C_AngelRibbonWing_TW,Costume Angel's Ribboned Wings,Armor
20542,C_BlackBearBackpack_TW,Costume Black Bear Backpack,Armor
20543,C_Halloween_Poring_Bag,Costume Halloween Poring Bag,Armor
20544,C_Gold_Shower_J,Costume Golden Shower,Armor
20545,C_Chrismas_Tree,Costume Christmas Guardian Tree,Armor
20546,C_Backside_Ribbon_Bell,Costume Giant Ribbon Bell,Armor
20547,C_Ghost_Effect,Costume Ghost Effect,Armor
20548,C_Popping_Poring_Aura,Costume Popping Poring Aura,Armor
20549,C_99LV_Royal_Guard_Blue,Costume Aura of the Sea Glow,Armor
20550,C_99LV_Warlock_Violet,Costume Violet Energy,Armor
20551,C_99LV_Sorcerer_LBlue,Costume Light Blue Energy,Armor
20552,C_99LV_Ranger_Green,Costume Green Energy,Armor
20553,C_99LV_Minstrel_Pink,Costume Pink Energy,Armor
20554,C_99LV_Archbishop_White,Costume Aura of Sanctity,Armor
20555,C_99LV_Guill_Silver,Costume Silver Energy,Armor
20556,C_99LV_ShadowC_Black,Costume Aura of Night,Armor
20557,C_99LV_Mechanic_Gold,Costume Gold Energy,Armor
20558,C_99LV_Genetic_YGreen,Costume Yellow Green Energy,Armor
20559,C_160LV_Rune_Red,Costume Red Aura,Armor
20560,C_160LV_Royal_G_Blue,Costume Aura of the Depths,Armor
20561,C_160LV_Warlock_Violet,Costume Violet Aura,Armor
20562,C_160LV_Sorcerer_LBlue,Costume Light Blue Aura,Armor
20563,C_160LV_Ranger_Green,Costume Green Aura,Armor
20564,C_160LV_Minstrel_Pink,Costume Pink Aura,Armor
20565,C_160LV_Archb_White,Costume Aura Thunder,Armor
20566,C_160LV_Guill_Silver,Costume Silver Aura,Armor
20567,C_160LV_ShadowC_Black,Costume Aura of Darkness,Armor
20568,C_160LV_Mechanic_Gold,Costume Gold Aura,Armor
20569,C_160LV_Genetic_YGreen,Costume Yellow Green Aura,Armor
20570,C_HeartChocoBag,Costume Love Candy Pack,Armor
20571,C_Valkyrie_Wing,Costume Valkyrie Wings,Armor
20572,C_WingOfHeart,Costume WingOfHeart,Armor
20573,C_VioletHalo,Costume Violet High Row,Armor
20574,C_School_Bag_RD,Costume Backpack (Red),Armor
20575,C_School_Bag_BL,Costume Backpack (Black),Armor
20576,C_Cat_Fork,Costume Cat Fork,Armor
20577,C_Balloon_Wing,Costume Balloon Wing,Armor
20578,C_Wings_Of_Raguel,Costume Raguel's Wings,Armor
20579,C_Wings_Of_Raphael,Costume Raphael's Wings,Armor
20580,C_Heart_Wing_Backpack,Costume Heart Wing Backpack,Armor
20581,C_Soldier_Backpack,Costume Soldier Backpack,Armor
20582,C_T_Bear_Bag,Costume Bear Backpack,Armor
20583,C_Magic_Star_TW,Costume Illusion Crystal,Armor
20584,C_Big_Foxtail,Costume Fox Tail,Armor
20585,C_Ru_Bear_Bag,Costume Angry Bear Bag,Armor
20586,C_Loli_Ruri_Moon,Costume: Loli Ruri's Crescent,Armor
20587,C_Light_Darkness_Wing,Wings of Light and Darkness,Armor
20588,C_Nifl_Bloom,Costume Broom of Witch,Armor
20589,C_Gimmick_One_Feather,Costume One Wing,Armor
20590,C_Evil_Druid_Cross,Costume Evil Druid Cross,Armor
20591,C_Bow_On_the_Back,Costume Bow on Back,Armor
20592,C_Santa_Backpack,Costume Santa's Pocket,Armor
20593,C_Ice_Wing,Costume: Ice Wings,Armor
20594,C_Big_Ribbon_Cloak,Costume Big Ribbon Manteau,Armor
20595,C_School_Bag_RD_E,Costume Novice Red Backpack,Armor
20596,C_BlackBear_Back_TW,Costume: Black Bear Backpack,Armor
20597,C_Evil_Scythe,Costume: Evil Scythe,Armor
20598,C_GiantCatBag_JP_BL,Costume Big Black Cat,Armor
20599,C_Sakura_Wing,Costume: Sakura Wings,Armor
20600,Fantastic_Aura,Fantastic Aura,Armor
20601,C_99LV_Rune_Red,Costume Red Energy,Armor
20602,C_Seraphim_Wing_TW,Costume: Ace of Angel Wing (Sweet),Armor
20603,C_P_Ulysses_Feather,Costume Ulysses Wings,Armor
20604,C_Blessed_Veil,Costume: Blessed Veil,Armor
20605,C_Leaf_Umbrella,Costume Leaf Umbrella,Armor
20606,C_Golden_Angel_Wing,Costume Golden Angel Wing,Armor
20607,C_Baldr_Wing_TW,Costume Baldr Wing,Armor
20608,C_99LV_Star_E_MBlue,Costume Midnight Blue Energy,Armor
20609,C_160LV_Star_E_MBlue,Costume Midnight Blue Aura,Armor
20610,C_99LV_Soul_R_Gray,Costume Gray Energy,Armor
20611,C_160LV_Soul_R_Gray,Costume Gray Aura,Armor
20612,C_Ten_G_Shield_TW,Costume Ten Guardian Shield,Armor
20613,C_Wing_Of_Spider,Costume Spider Wings,Armor
20614,C_Kyel_hyre_Ulti_TW,Costume Ultimate Kiel Hyre's,Armor
20615,C_School_Bag_BU,Costume Beginner Blue Backpack,Armor
20616,C_School_Bag_PU,Costume Beginner Purple Backpack,Armor
20617,C_Wing_Of_Eutaxy,Costume Wing of Eutaxy,Armor
20618,C_Big_B_Rabbit,Costume Big Black Rabbit,Armor
20619,C_Phaya_Ploeng_Suriyan,Costume Phaya Ploeng Suriyan,Armor
20620,C_Songkran_Watergun,Costume Songkran Water Gun,Armor
20621,C_Dark_Lord_Manteau,Costume Dark Lord Manteau,Armor
20622,C_2023RTC_S_Robe1,Costume Winner of ROS 2023,Armor
20623,C_2023RTC_S_Robe2,Costume Runner Up of ROS 2023,Armor
20624,C_2023RTC_S_Robe3,Costume Second Runner-Up of ROS 2023,Armor
20625,C_ROS2023_Cape_1,Costume Star Champion's Manteau,Armor
20626,C_ROS2023_Cape_2,2023 ROS Winning Prize Manteau,Armor
20627,C_Pitaya_R_Bag,Costume Red Pitaya Backpack,Armor
20628,C_Pitaya_B_Bag,Costume Blue Pitaya Backpack,Armor
20629,C_Pitaya_Y_Bag,Costume Yellow Pitaya Backpack,Armor
20700,Egir_Manteau,Egir Manteau,Armor
20701,Sol_Manteau,Sol Manteau,Armor
20702,TE_Woe_Muffler,TE Woe Muffler,Armor
20703,TE_Woe_Manteau,TE Woe Manteau,Armor
20704,TE_Woe_Magic_Manteau,TE Woe Magic Manteau,Armor
20705,Lumiere_Manteau,Lumiere Manteau,Armor
20706,Amistr_Bag,Amistr Bag,Armor
20707,Kirin_Wing,Kirin Wing,Armor
20708,Poison_Manteau,Poison Manteau,Armor
20709,Mana_Manteau,Mana Manteau,Armor
20710,Impr_Angel's_Warmth,Advanced Angelic Cardigan,Armor
20711,Manteau_Of_Diego,Diego Shawl,Armor
20712,Valkyrie_Cape,Valkyrie Cape,Armor
20713,Manteau_Of_Torrent,Torrent Manteau,Armor
20714,Assassin_Muffler,Assassin's Muffler,Armor
20715,Earthquake_Manteau,Earthquake Manteau,Armor
20716,Esprit_Manteau,Esprit Manteau,Armor
20717,FaceWorm_Skin,Gigant Snake Skin,Armor
20718,FaceWorm_Skin_,Gigant Snake Skin,Armor
20719,BF_Hood,Battle Cape,Armor
20720,Manteau_Of_Storm,Storm Manteau,Armor
20721,Cloak_Of_Gray,Cloak of Gray,Armor
20722,Soul_Of_Tree,Tree Spirit Shawl,Armor
20723,Manteau_Of_Hunter,Hunter's Manteau,Armor
20724,Love_Dad_Wings_2012,Love Dad Wings 2012,Armor
20725,Ribbon_Piamat,Ribbon Piamat,Armor
20726,Fire_Dragon_Coat,Fire Dragon's Coat,Armor
20727,Brilliant_Golden_Wings,Brilliant Golden Wings,Armor
20728,Water_Dragon_Coat,Water Dragon Coat,Armor
20729,Wind_Dragon_Coat,Wind Dragon Coat,Armor
20730,Loyalists_Hood,Loyalists Hood,Armor
20731,Ground_Dragon_Coat,Earth Dragon's Coat,Armor
20732,Supplement_Part_Con,Supplement Part Con,Armor
20733,Upgrade_Part_Engine,Upgrade Part - Engine,Armor
20734,Manteau_Of_Leafwind,Manteau of Leafwind,Armor
20735,Manteau_Of_Flame_Heart,Manteau of Flame Heart,Armor
20737,C_Kirin_Wing,Costume Kirin Wing,Armor
20743,Airship_Cape,Airship's Cloak,Armor
20744,Felock_Cape,Felrock's Cloak,Armor
20745,Manteau_Of_Mistic_Froz,Manteau of Mystic Frozen,Armor
20746,C_Rudra_Wing,Costume Rudra Wings,Armor
20747,Manteau_Great_Nature,Manteau of Great Nature,Armor
20748,Manteau_Of_Fallen,Fallen Warrior Manteau,Armor
20749,Manteau_Of_Fallen_,Fallen Warrior Manteau,Armor
20750,Rouban_Manteau,Levain Manteau,Armor
20753,Lian_Robe,Lian Robe,Armor
20756,Egir_Manteau_K,Aegir Cloak,Armor
20761,C_Wing_Of_Happiness,Costume Happiness Wings,Armor
20762,C_GreatDevilWing,Costume Great Devil Wings,Armor
20763,C_Amistr_Bag,Costume Amistr Bag,Armor
20764,C_Fallen_Angel_Wing,Costume Fallen Angel Wing,Armor
20765,C_Archangel_Wing,Costume Archangel Wing,Armor
20766,Beam_Of_Light_Manteau,Radiance Manteau,Armor
20767,Bravery_Bag_J,Adventurer's Backpack,Armor
20768,Archangel_Wing_J,Archangel Wing,Armor
20769,Small_Hut_Manteau,Twilight Manteau,Armor
20770,Limnil_Cape,Andfreimnir's Manteau,Armor
20771,Choas_Manteau,Chaotic Manteau,Armor
20772,Grudge_Manteau,Grudge Manteau,Armor
20773,Excelion_Wing,Excelion Wing,Armor
20774,Cutoff_Manteau,King of Void's Garment,Armor
20776,Supplement_Part_Con_J,Powered Tank,Armor
20777,Upgrade_Part_Engine_J,Guardian Engine,Armor
20778,RedLotus_Stole,Red Lotus Stole,Armor
20779,ManteauOfCracks,Rift Manteau,Armor
20780,Union_MHP_Manteau,Unity STR Manteau,Armor
20781,Union_FLEE_Manteau,Unity AGI Manteau,Armor
20782,Union_SP_Muffler,Unity INT Muffler,Armor
20783,Hero_Cape,Hero Manteau,Armor
20784,Amistr_Bag_J,Amistr Bag,Armor
20787,Union_CRI_Muffler,Unity Exquisite Muffler,Armor
20788,Doram_Only_Cape,Private Doram Manteau,Armor
20789,Doram_High_Cape,Luxury Doram Manteau,Armor
20790,Doram_Ele_Cape,Elegant Doram Manteau,Armor
20796,Soheon_Winged_Robe,Seohyun's Robe,Armor
20797,Etran_Shirt,Etran Shirt,Armor
20798,GrimReaper_Protection,Costume Grim Reaper Protection,Armor
20799,Elemental_Towel,Elemental Towel,Armor
20800,Enforcer_cape,Enforcer Cape,Armor
20801,Toughen_Time_Keepr_MT,Enhanced Time Keeper Manteau,Armor
20802,AmistrBag_Teleport,Teleport Amistr Bag,Armor
20803,AmistrBag_Heal,Heal Amistr Bag,Armor
20804,AmistrBag_Greed,Greed Amistr Bag,Armor
20805,AmistrBag_Incagi,Increase Agility Amistr Bag,Armor
20806,AmistrBag_Magnum,Magnum Break Amistr Bag,Armor
20807,AmistrBag_Endure,Endure Amistr Bag,Armor
20808,AmistrBag_Sight,Sight Amistr Bag,Armor
20809,AmistrBag_Concentrate,Improve Concentration Amistr Bag,Armor
20811,AmistrBag_Hiding,Hiding Amistr Bag,Armor
20812,Kirin_Wing_J,Kirin Wing,Armor
20813,Clack_Of_Servival_,Survivor's Manteau,Armor
20814,Wakwak_Manteau,Wakwak Manteau,Armor
20815,SeraphimRobe,Seraphim Robe,Armor
20816,Yoichi_Muffler,Yoichi's Shawl,Armor
20817,Diffusion_Bravery_Bag,[Katsua]Adventurer's Backpack,Armor
20818,Cursed_Devils_Manteau,Curse-Spell Manteau,Armor
20819,Oxygen_Bomb_K,Oxygen Tank,Armor
20820,Cloak_Of_Elemental,Elemental Cape,Armor
20821,Golden_Scarf,Golden Scarf,Armor
20822,Mine_Worker_Backpack,Mine Worker's Backpack,Armor
20823,Para_Team_Manteau100,Awakened Eden Group Manteau I,Armor
20824,Para_Team_Manteau130,Awakened Eden Group Manteau II,Armor
20825,Para_Team_Manteau160,Awakened Eden Group Manteau III,Armor
20826,Angel_feather,Angel Feather,Armor
20827,Diva_Manteau,Diva Manteau,Armor
20828,Mirage_Manteau,Mirage Manteau,Armor
20830,Seraphim_Wing_J2,Wings of Seraph,Armor
20831,Elder_Spirit,Adventurer's Spirit,Armor
20833,Fallen_Angel_Wing_TH,Fallen Angel Wing,Armor
20834,Manteau_Of_Vagabond,Drifter's Cape,Armor
20835,K_Fallen_Angel_Wing,[Katsuya] Fallen Angel Wings,Armor
20836,Skin_Of_Lindwurm,Skin of Lindwyrm,Armor
20837,Skin_Of_Gwiber,Skin of Gwiber,Armor
20838,Muffler_IL,Illusion Muffler,Armor
20840,Cape_Of_Ancient_Lord_IL,Illusion Ancient Cape,Armor
20841,Golden_Angel_Wing_TH,Golden Angel Wing,Armor
20842,Bag_Of_Antonio_Melee,Candy Pouch Bag (Physical),Armor
20843,Bag_Of_Antonio_Range,Candy Pouch Bag (Range),Armor
20844,Bag_Of_Antonio_Magic,Candy Pouch Bag (Magic),Armor
20845,Skin_Of_Marraco,Skin of Malach,Armor
20846,Temporal_Manteau,Temporal Manteau,Armor
20847,Clack_Of_Servival_IL,Illusion Survivor Manteau,Armor
20852,Jirant_Cloak,Witch's Cloak,Armor
20853,Rudo_Black_Wings,Rudo's Black Wing,Armor
20854,Medical_Cape,Medical Cape,Armor
20855,Rental_Oxygen_Bomb,Costume Oxygen Tank,Armor
20856,YSF01_Manteau,YSF01 Manteau,Armor
20857,VeilCoyote,Sniping Veil,Armor
20858,YSF01_Manteau_J,Y.S.F.0.1 Manteau,Armor
20859,Phreeoni_Wing,Phreeoni Wings,Armor
20860,BattleSurcoat,Battle Surcoat,Armor
20861,SwordWing_J,Sword Wing,Armor
20862,EXE_Backpack,EXE Backpack,Armor
20863,MenblattWing,Menblatt Wing Manteau,Armor
20864,Siege_Manteau_1Tier,Lesser Guild Member's Manteau,Armor
20865,Siege_Muffler_1Tier,Lesser Guild Member's Muffler,Armor
20866,Golden_Angel_Wing_TW,Golden Angel Wing,Armor
20867,60Lv_Hood,Subjugation Team's Shoulder Belt,Armor
20868,70Lv_Manteau,Expedition's Manteau,Armor
20869,70Lv_Muffler,Expedition's Muffler,Armor
20870,80Lv_Manteau,Contingent Manteau,Armor
20871,80Lv_Cloak,Contingent Cloak,Armor
20872,80Lv_Muffler,Contingent Muffler,Armor
20873,80Lv_Cape,Contingent Cape,Armor
20874,90Lv_Manteau,Conqueror's Manteau,Armor
20875,90Lv_Cloak,Conqueror's Cloak,Armor
20876,90Lv_Muffler,Conqueror's Muffler,Armor
20877,90Lv_Cape,Conqueror's Cape,Armor
20900,Golden_Scarf_J,Bouncer's Scarf,Armor
20902,True_Hunting_Manteau,True Hunting Manteau,Armor
20903,R_Hunting_Manteau,Short-term Hunting Manteau,Armor
20904,Etran_Shirt_BR,Etran Shirt,Armor
20905,Astrea_Cape,Asteria's Cloak,Armor
20906,Rebeginer_Manteau,Beginner's Cloak,Armor
20907,Fairy_Cloth,Fairy Cloth,Armor
20908,Jirant_Cloak_BR,Witch's Cloak,Armor
20909,BattleSurcoat_BR,Battle Haori,Armor
20910,Etran_Shirt_TW,Etran Shirt,Armor
20915,Doram_Only_Cape_J,Doram Cape,Armor
20916,Doram_High_Cape_J,High-End Doram Cape,Armor
20917,Doram_Ele_Cape_J,Special Doram Cape,Armor
20918,Angel_Poring_Wing,Angel Poring Wing,Armor
20922,Leviathan_muffler,Leviathan Muffler,Armor
20923,Goibne_Shoulder_IL,Illusion Goibne Spaulders,Armor
20924,Brave_muffler,Brave Muffler,Armor
20925,Commander_manteau_J,Commander Manteau,Armor
20926,2018_RTC_Cape4_TW,2018-RTC Memorial Cloak,Armor
20927,2018_RTC_Cape1_TW,2018 RTC Cape1,Armor
20928,2018_RTC_Cape2_TW,2018 RTC Cape2,Armor
20929,2018_RTC_Cape3_TW,2018 RTC Cape3,Armor
20931,Rainbow_Scarf_Jp,Prism Rangers Scarf,Armor
20932,Old_Moc_Shawl,Old Morocc Shawl,Armor
20933,Illusion_Engine_A,Illusion Engine wing A-type,Armor
20934,Illusion_Engine_B,Illusion Engine wing B-type,Armor
20935,Lava_Leather_Manteau,Lava Leather Manteau,Armor
20936,Lava_Leather_Muffler,Lava Leather Muffler,Armor
20937,Lava_Leather_Hode,Lava Leather Hood,Armor
20938,Rudra_Wing,Seraphim's Wings,Armor
20939,Time_Overload_Hood,Temporal Transcendence Manteau,Armor
20940,Violet_Halo,Violet Halo,Armor
20941,Phoenix_Muffler,Phoenix Muffler,Armor
20942,Manteau_Of_Guardsman,Manteau Of Guardsman,Armor
20943,Geffen_Magic_Muffler,Geffen Magic Muffler,Armor
20944,Anti_Magic_Manteau,Anti Magic Manteau,Armor
20945,Regia_Hunting_Manteau,Regia Hunting Manteau,Armor
20946,Drag_Manteau,Dragon Scale Hood,Armor
20947,Cassock_Manteau,Clergy's Manteau,Armor
20948,Morpheus_Shawl_IL,Illusion Morpheus's Shawl,Armor
20949,Skin_Of_Ladon_J,Skin of Ladon,Armor
20951,Leo_Mantle_J,Leo Manteau,Armor
20952,Anony_As_Muffler,Mysterious Muffler,Armor
20953,H_AD_Hood,High Adventurer Hood,Armor
20954,Cancer_Manteau_J,Cancer Manteau,Armor
20955,Chrismas_Tree,Christmas Guardian Tree,Armor
20962,Skin_Of_Typhon,Skin of Typhon,Armor
20963,Temporal_M_Str,Temporal Str Manteau,Armor
20964,Temporal_M_Agi,Temporal Agi Manteau,Armor
20965,Temporal_M_Vit,Temporal Vit Manteau,Armor
20966,Temporal_M_Int,Temporal Int Manteau,Armor
20967,Temporal_M_Dex,Temporal Dex Manteau,Armor
20968,Temporal_M_Luk,Temporal Luk Manteau,Armor
20969,Rainbow_Muffler_Jp,Rainbow Muffler,Armor
20970,Libra_Manteau_J,Libra Manteau,Armor
20971,Taurus_Manteau_J,Taurus Manteau,Armor
20972,Aquarius_Manteau_J,Aquarius Manteau,Armor
20973,Spiritual_Cloth,Spiritual Cloth,Armor
20976,Scorpio_Manteau_J,Scorpio Manteau,Armor
20983,Pollux_Mantle_J,Pollux Mantle,Armor
20984,Procyon_Mantle_J,Procyon Mantle,Armor
20985,C_Gourd_bottle_J,Costume Gourd Bottle,Armor
20986,Scientist_Mantle,Scientists Mantle,Armor
20987,C_Heart_Wing_Bag_J,Costume Piglering Bag,Armor
20988,C_Mechanical_Butterfly,Costume: Mechanical Butterfly,Armor
20989,C_Mainspring_Screw,Costume Mainspring Screw,Armor
20990,C_Rotating_Gears,Costume Rotating Gears,Armor
20991,Fairy_Of_Eden,Fairy of Eden,Armor
20992,C_Fairy_Of_Eden,Costume Fairy of Eden,Armor
20993,Avoidance_Cape,Avoidance Cape,Armor
20994,Ancient_Megalith_Mantle,Ancient Megalith Cloak,Armor
21000,Upg_Twohand_Sword,Uprage Two-handed Sword,Weapon
21001,Velum_Claymore,Vellum Claymore,Weapon
21002,Velum_Katzbalger,Vellum Katzbalger,Weapon
21003,Muramasa_,Muramasa,Weapon
21004,Alca_Bringer_,Alca Bringer,Weapon
21005,Metal_Two_Hand_Sword,Metal Two Hand Sword,Weapon
21006,TE_Woe_Two_Hand_Sword,TE Woe Two Hand Sword,Weapon
21007,Heavy_Sword,Heavy Greatsword,Weapon
21008,Kogarasu_Maru,Kogarasumaru,Weapon
21009,Thanos_Great_Sword,Thanos Great Sword,Weapon
21010,Tw_Sword_Of_Evil_Slayer,Evil Slayer Slaher Sword,Weapon
21011,Giant_Blade,Gigantic Blade,Weapon
21012,Some_Wizard_MagicSword,Magic Sword,Weapon
21013,Hetairoi_Sword,Hetairoi's Sword,Weapon
21014,D_Sword_Of_Infinite,Infinity Two-Handed Sword,Weapon
21015,Scarlet_Twohand_Sword,Crimson Two-Handed Sword,Weapon
21016,Sinister_Twohand_Sword,Vicious Mind Two-Handed Sword,Weapon
21018,Two_Hand_Spear_170,Lindy Hop,Weapon
21019,Onimaru,Onimaru,Weapon
21023,Toughen_Metal_TH_Sword,Enhanced Metal Two-Handed Sword,Weapon
21024,Veteran_Sword_,Veteran Sword,Weapon
21026,Diva_Claymore,Diva Claymore,Weapon
21027,Mirage_Claymore,Mirage Claymore,Weapon
21028,Sinister_Thand_Sword_J,Two-Handed Sword of Evil,Weapon
21030,Probation_TH_Sword,Trial Rune Knight's Two-Handed Sword,Weapon
21031,Neev_Claymore,Neev Claymore,Weapon
21037,Rebeginer_RK_T_Sword,Beginner Rune Knight's Two-Handed Sword,Weapon
21038,Oriental_Sword,Oriental Sword,Weapon
21039,T_Sword_Of_Kingdom,Royal Knight's Broadsword,Weapon
21041,Local01_T_Sword,Earth Dragon Great Sword,Weapon
21042,Onimaru_BR,Onimaru Sword,Weapon
21043,Local02_T_Sword,Yinyang Great Sword,Weapon
21044,Woe_Twohand_Sword1_Z,Lesser Guild Member's Craymore,Weapon
21046,Variant_Claymore,Abyss Claymore,Weapon
21047,Beam_Claymore_OS,Beam Claymor-OS,Weapon
21049,Evt_Oriental_Sword,Sealed Eastern Sword,Weapon
21050,Taegoolyeon_IL,Illusion Tae Goo Lyeon,Weapon
21051,Volar,Volar,Weapon
21052,Vernan,Vernan,Weapon
21053,FullForce,Full Force,Weapon
21054,Ein_BHSWORD,Claw Sword,Weapon
21055,G_Knight_Sword,Guardian Knight Claymore,Weapon
21056,Volar_J,Volare,Weapon
21057,Vernan_J,Vernan,Weapon
21058,Up_Dragonic_Slayer,Patent Dragonic Slayer,Weapon
21063,Solid_Claymore,Solid Claymore,Weapon
21064,Hs_Kn_Two_Hand_Sword,Herosria Two-handed Sword,Weapon
21065,Comp_Oriental_Sword,[Not For Sale] Oriental Sword,Weapon
21066,Comp_Dragonic_Slayer,[Not For Sale] Dragonic Slayer,Weapon
21200,C_Tear_Drop,Costume Teardrop,Armor
21201,Eat_Coin,Ethereum Helm,Armor
21202,C_Eat_Coin,Costume Eatcoin Helm,Armor
21205,Nut_Cracker,Nut Cracker,Armor
21206,C_Nut_Cracker,Costume Nut Cracker,Armor
21207,C_bullhead,Costume Bull Head,Armor
21300,C_Guardian_Lion_Mask,Costume Lion Mask,Armor
21400,C_Bluedragon,Costume Blue Dragon Statue,Armor
22000,Temporal_Str_Boots,Temporal Str Boots,Armor
22001,Temporal_Int_Boots,Temporal Int Boots,Armor
22002,Temporal_Agi_Boots,Temporal Agi Boots,Armor
22003,Temporal_Vit_Boots,Temporal Vit Boots,Armor
22004,Temporal_Dex_Boots,Temporal Dex Boots,Armor
22005,Temporal_Luk_Boots,Temporal Luk Boots,Armor
22006,Temporal_Str_Boots_,Temporal Str Boots,Armor
22007,Temporal_Vit_Boots_,Temporal Vit Boots,Armor
22008,Temporal_Dex_Boots_,Temporal Dex Boots,Armor
22009,Temporal_Int_Boots_,Temporal Int Boots,Armor
22010,Temporal_Agi_Boots_,Temporal Agi Boots,Armor
22011,Temporal_Luk_Boots_,Temporal Luk Boots,Armor
22012,Mana_Boots,Mana Boots,Armor
22013,test_5,Rand Test,Armor
22014,Enhanced_Variant_Shoes,Enhanced Variant Shoes,Armor
22015,Impr_Angel's_Arrival,Advanced Angel's Reincarnation,Armor
22016,Assassin_Shoes,Assassin's Shoes,Armor
22017,Fisherman_Shoes,Fisherman's Shoes,Armor
22018,Shoes_Of_Wise_Man,Sage's Shoes,Armor
22019,Immuned_Boots,Immune Boots,Armor
22020,GC_Battle_Boots,Guillotine Cross Battle Boots,Armor
22021,RA_Battle_Boots,Ranger Battle Boots,Armor
22022,LG_Battle_Boots,Royal Guard Battle Boots,Armor
22023,RK_Battle_Boots,Rune Knight Battle Boots,Armor
22024,NC_Battle_Boots,Mechanic Battle Boots,Armor
22025,SC_Battle_Boots,Shadow Chaser Battle Boots,Armor
22026,SR_Battle_Boots,Sura Battle Boots,Armor
22027,AB_Battle_Boots,Archbishop Battle Boots,Armor
22028,WL_Battle_Boots,Warlock Battle Boots,Armor
22029,WA_Battle_Boots,Performer Battle Boots,Armor
22030,GN_Battle_Boots,Geneticist Battle Boots,Armor
22031,Aurelian_Shoes,Insect Collector's Shoes,Armor
22032,Shoes_Of_Exorcism,Exorcist's Shoes,Armor
22033,Boots_Of_Gray,Boots of Gray,Armor
22034,Scarlet_Gaites,Crimson Leggings,Armor
22035,Vet_Nepen_Heel,Heoric Nepenthes Shoes,Armor
22036,Vet_SliverFox_Boots,Heroic Silver Fox Leather Boots,Armor
22037,Vet_Ungo_Boots,Heroic Ungoliant Upgrade Boots,Armor
22038,Shoes_Of_Hope,Desired Shoes,Armor
22042,Talaria_Shoes,Talaria Shoes,Armor
22043,Supplement_Part_Agi,Supplement Part Agi,Armor
22044,Upgrade_Part_Booster,Upgrade Part - Booster,Armor
22045,Beach_Sandals,Summer Sandals,Armor
22046,Airship_Boots,Airship's Boots,Armor
22047,Felock_Boots,Felrock's Boots,Armor
22048,Sombre_Shoes,Sombre Shoes,Armor
22049,Sol_Shoes,Sol Shoes,Armor
22050,Gardener_Shoes,Gardener Shoes,Armor
22051,Ramor_Shoes,Lamor Shoes,Armor
22052,Gravekeepr_Shoes,Gravekeeper Shoes,Armor
22055,Sharel_Shoes,Sharel Shoes,Armor
22056,Fallen_Angel_Shoes,Fallen Angel Shoes,Armor
22057,Flow_Shoes,Flow Shoes,Armor
22058,DragonTrainer_Shoes,Dragon Trainer Shoes,Armor
22059,Egir_Shoes_K,Aegir Shoes,Armor
22060,Boots_Of_Hunter,Hunter Shoes,Armor
22061,Lumiere_Shoes,Lumiere Shoes,Armor
22062,Mechanic_Shoes,Engineer's Shoes,Armor
22063,Rouban_Shoes,Levain Shoes,Armor
22064,Thorny_Shoes,Thorny Shoes,Armor
22065,Poison_Shoes,Poison Shoes,Armor
22066,Esprit_Shoes,Esprit Shoes,Armor
22067,Witch_Shoes,Shoe of Witch,Armor
22068,Santa's_Shoes,Louise's Red Boots,Armor
22069,Lian_Shoes,Lian Shoes,Armor
22070,Applause_Sandal,Old Applause Sandals,Armor
22071,Applause_Sandal_,Applause Sandal,Armor
22072,Hikingboots,Climbing Shoes,Armor
22073,Supplement_Part_Agi_J,Powered Boots,Armor
22074,Upgrade_Part_Booster_J,Guardian Booster,Armor
22075,Shoes_Of_Cracks,Rift Shoes,Armor
22076,Hardwood_Slipper,Wooden Slipper,Armor
22077,Red_Eco_Boots,Red Eco-Friendly Shoes,Armor
22078,Union_STR_Boots,Unity STR Boots,Armor
22079,Union_AGI_Boots,Unity AGI Boots,Armor
22080,Union_DEX_Shoes,Unity DEX Boots,Armor
22081,Union_INT_Shoes,Unity INT Boots,Armor
22082,Polyhedron_Shoes,Polyhedron Shoes,Armor
22083,Doram_Only_Shoes,Private Doram Shoes,Armor
22084,Doram_High_Shoes,Luxury Doram Shoes,Armor
22085,Doram_Ele_Shoes,Elegant Doram Shoes,Armor
22089,Scarlet_Gaites_,Crimson Gaiter,Armor
22091,Fisherman_Shoes_,Fisherman's Shoes,Armor
22092,Aurelian_Shoes_,Insect Collector's Shoes,Armor
22093,Shoes_Of_Exorcism_,Exorcist's Shoes,Armor
22094,Gardener_Shoes_,Gardener Shoes,Armor
22095,Gravekeepr_Shoes_,Gravekeeper Shoes,Armor
22096,Fallen_Angel_Shoes_,Fallen Angel Shoes,Armor
22097,DragonTrainer_Shoes_,Dragon Trainer Shoes,Armor
22098,Boots_Of_Hunter_,Hunter's Shoes,Armor
22099,Mechanic_Shoes_,Mechanic Shoes,Armor
22100,Medical_Boots_,Medical Boots,Armor
22101,AngelPoring_Boots,Angel Poring Boots,Armor
22102,Toughen_Time_Keepr_Bts,Enhanced Time Keeper Boots,Armor
22103,Excelion_Leg,Excelion Leg,Armor
22104,Pororoca_Shoes,Pororoca Shoes,Armor
22105,Cuffs_,Shackles,Armor
22106,Giant_Boots,Giant Boots,Armor
22107,Modify_Str_Boots,Modified Str Boots,Armor
22108,Modify_Int_Boots,Modified Int Boots,Armor
22109,Modify_Agi_Boots,Modified Agi Boots,Armor
22110,Modify_Vit_Boots,Modified Vit Boots,Armor
22111,Modify_Dex_Boots,Modified Dex Boots,Armor
22112,Modify_Luk_Boots,Modified Luk Boots,Armor
22113,Modify_Str_Boots_,Modified Str Boots,Armor
22114,Modify_Int_Boots_,Modified Intelligence Boots,Armor
22115,Modify_Agi_Boots_,Modified Agility Boots,Armor
22116,Modify_Vit_Boots_,Modified Vitality Boots,Armor
22117,Modify_Dex_Boots_,Modified Dex Boots,Armor
22118,Modify_Luk_Boots_,Modified Luk Boots,Armor
22119,Cursed_Devils_Boots,Curse-Spell Boots,Armor
22120,Shoes_Of_Punishment,Shoes of Punishment,Armor
22122,Para_Team_Boots100,Awakened Eden Group Boots I,Armor
22123,Para_Team_Boots115,Awakened Eden Group Boots II,Armor
22124,Para_Team_Boots130,Awakened Eden Group Boots III,Armor
22125,Para_Team_Boots145,Awakened Eden Group Boots IV,Armor
22126,Para_Team_Boots160,Awakened Eden Group Boots V,Armor
22127,Diva_Shoes,Diva Shoes,Armor
22128,Mirage_Shoes,Mirage Shoes,Armor
22129,ShoesOfHero,Hero's Shoes,Armor
22131,Cowboy_Boots,Spurred Boots,Armor
22132,Nergal_Shoes,Fire Thunder Great Boots,Armor
22133,Shoes_IL,Illusion Shoes,Armor
22134,Enforcer_Shoes,Enforcer Shoes,Armor
22138,Demonist_Shoes,Devil Worshipper Shoes,Armor
22139,2017RTCShoes,2017 RTC Boots,Armor
22140,Elvira_Boots,Elvira Boots,Armor
22141,YSF01_Greave,YSF01 Greave,Armor
22142,ShoesOfGuardsman,Shoes Of Guardsman,Armor
22143,YSF01_Greave_J,Y.S.F.0.1 Greaves,Armor
22144,IA_Boots,IA Boots,Armor
22145,TenguShoes,Tengu's Shoes,Armor
22146,Siege_Shoes_1Tier,Lesser Guild Member's Shoes,Armor
22147,Siege_Boots_1Tier,Lesser Guild Member's Boots,Armor
22148,Siege_Greave_1Tier,Lesser Guild Member's Greaves,Armor
22149,Thorny_Shoes_BR,Spiked Boots,Armor
22150,60Lv_Sandal,Subjugation Team's Boots,Armor
22151,70Lv_Boots,Expedition's Boots,Armor
22152,70Lv_Shoes,Expedition's Shoes,Armor
22153,80Lv_Greave,Contingent Greaves,Armor
22154,80Lv_Boots,Contingent Boots,Armor
22155,80Lv_Shoes,Contingent Shoes,Armor
22156,80Lv_Sandal,Contingent Sandal,Armor
22157,90Lv_Greave,Conqueror's Greaves,Armor
22158,90Lv_Boots,Conqueror's Boots,Armor
22159,90Lv_Shoes,Conqueror's Shoes,Armor
22160,90Lv_Sandal,Conqueror's Magic Shoes,Armor
22167,Astraea_Shoes,Asteria's Boots,Armor
22168,True_Hunting_Boots,True Hunting Boots,Armor
22169,R_Hunting_Boots,Short-term Hunting Boots,Armor
22170,Shoes_Of_Servival,Survivor's Shoes,Armor
22171,Ancient_Hero_Boots,Ancient Hero Boots,Armor
22172,Gray_Wing_Boots,Gray Wing Boots,Armor
22173,Rebeginer_Boots,Beginner's Boots,Armor
22174,Scaraba_High_Heels,Scaraba High Heels,Armor
22178,Anony_Sm_Shoes,Nameless Swordsman's Boots,Armor
22182,Shoes_Of_Punishment_BR,Shoes of Punishment,Armor
22185,Doram_Only_Shoes_J,Doram Shoes,Armor
22186,Doram_High_Shoes_J,High-End Doram Shoes,Armor
22187,Doram_Ele_Shoes_J,Special Doram Shoes,Armor
22189,Shoes_Of_Pilgrim,Pilgrim Shoes,Armor
22190,Boots_IL,Illusion Boots,Armor
22191,Nergal_Shoes_TW,Fire Thunder Great Boots,Armor
22192,Goibne_Boots_IL,Illusion Goibne's Greaves,Armor
22193,Brave_shoes,Brave Shoes,Armor
22194,Loli_Ruri_Shoes,Loli Ruri Shoes,Armor
22195,Booster_shoes,Booster Shoes,Armor
22196,Illusion_Leg_A,Illusion Leg A-type,Armor
22197,Illusion_Leg_B,Illusion Leg B-type,Armor
22198,Traveler_Shoes,Traveler Shoes,Armor
22199,Lava_Leather_Boots,Lava Leather Boots,Armor
22200,Lava_Leather_Shoes,Lava Leather Shoes,Armor
22201,Lava_Leather_Sandle,Lava Leather Sandals,Armor
22202,Temporal_Boots_TW,Exotic Temporal Boots,Armor
22203,Space_shoes_JP,Special Environment Boots,Armor
22204,Time_Overload_Boots,Temporal Transcendence Boots,Armor
22206,Regia_Hunting_Boots,Regia Hunting Boots,Armor
22207,Imperial_Boots,Imperial Boots,Armor
22208,Dragon_Boots,Dragon Scale Boots,Armor
22209,Cassock_Boots,Clergy's Boots,Armor
22210,Fluffy_FishShoes_J,Fluffy Fish Shoes,Armor
22211,BuddhistShoes,Chivalry Shoes,Armor
22212,Hollow_Shoes,Hollow Shoes,Armor
22213,Leo_Shoes_J,Leo Shoes,Armor
22214,Authority_Sandals,Authority Sandals,Armor
22215,H_AD_Sandle,High Adventurer Sandals,Armor
22216,Cancer_Shoes_J,Cancer Shoes,Armor
22221,Demonist_Shoes_,Devil Worshipper Shoes,Armor
22222,Agenda_Shoes_TW,Boots of Judgment,Armor
22225,Shoes_Of_Punishment_,Shoes of Punishment,Armor
22227,Libra_Shoes_J,Libra Shoes,Armor
22228,Triad_God_Shoes_J_,Dark Mitsuwa God Shoes,Armor
22230,Taurus_Shoes_J,Taurus Shoes,Armor
22231,Aquarius_Shoes_J,Aquarius Shoes,Armor
22233,Scorpio_Shoes_J,Scorpio Shoes,Armor
22234,FrontiaBoots,Frontier Boots,Armor
22238,Great_Hero_Boots,Great Hero Boots,Armor
22240,Fierce_Physique_Boots,Fierce Physique Boots,Armor
22241,Fierce_Magique_Boots,Fierce Magique Boots,Armor
22242,Procyon_Shoes_J,Procyon Shoes,Armor
22243,Mamaragan,Mamaragan,Armor
22244,Chic_Silent_Shoes,Stylish Silent Shoes,Armor
22245,Space_shoes_JP_,Awakened Special Environment Boots,Armor
22249,Insidious_Shoes_EXE,Insidious's Shoes,Armor
22257,Racing_Shoes_TH,Racing Shoes,Armor
22258,Comp_Temporal_Boots_TW,[Not For Sale] Exotic Temporal Boots,Armor
22259,Tohil_Shoes_TH,Tohil's Shoes,Armor
24000,T_Str1_Armor_S,Shadow Armor (Tier 1),Shadowgear
24001,T_Dex1_Weapon_S,Shadow Gauntlets (Tier 1),Shadowgear
24002,T_Luk1_Shield_S,Shadow Shield (Tier 1),Shadowgear
24003,T_Agi1_Shoes_S,Shadow Shoes (Tier 1),Shadowgear
24004,T_Vit1_Acc_R_S,Shadow Ring (Tier 1),Shadowgear
24005,T_Int1_Acc_L_S,Shadow Pendant (Tier 1),Shadowgear
24006,T_Str2_Armor_S,Shadow Armor (Tier 2),Shadowgear
24007,T_Dex2_Weapon_S,Shadow Gauntlets (Tier 2),Shadowgear
24008,T_Luk2_Shield_S,Shadow Shield (Tier 2),Shadowgear
24009,T_Agi2_Shoes_S,Shadow Shoes (Tier 2),Shadowgear
24010,T_Vit2_Acc_R_S,Shadow Ring (Tier 2),Shadowgear
24011,T_Int2_Acc_L_S,Shadow Pendant (Tier 2),Shadowgear
24012,S_Promotion_Weapon,Shadow Weapon,Shadowgear
24013,S_Promotion_Armor,Shadow Armor,Shadowgear
24014,S_Promotion_Shoes,Shadow Shoes,Shadowgear
24015,S_Promotion_Shield,Shadow Shield,Shadowgear
24016,S_Promotion_Earring,Shadow Earring,Shadowgear
24017,S_Promotion_Pendant,Shadow Pendant,Shadowgear
24018,S_Physical_Earring,Physical Earring (Shadow),Shadowgear
24019,S_Physical_Weapon,Physical Weapon (Shadow),Shadowgear
24020,S_Physical_Pendant,Physical Pendant (Shadow),Shadowgear
24021,S_Magical_Earring,Magical Earring (Shadow),Shadowgear
24022,S_Magical_Weapon,Magical Weapon (Shadow),Shadowgear
24023,S_Magical_Pendant,Magical Pencil (Shadow),Shadowgear
24024,S_Breezy_Armor,Breeze Armor (Shadow),Shadowgear
24025,S_Champion_Shoes,Champion Shoes (Shadow),Shadowgear
24026,S_Athena_Shield,Athena Shield (Shadow),Shadowgear
24027,S_Immune_Armor,Immune Shadow Armor,Shadowgear
24028,S_Hard_Armor,Hard Shadow Armor,Shadowgear
24029,S_Ancient_Armor,Ancient Shadow Armor,Shadowgear
24030,S_Critical_Armor,Critital Shadow Armor,Shadowgear
24031,S_Kingbird_Weapon,Kingbird's Shadow Weapon,Shadowgear
24032,S_Cri_Hit_Weapon,Critical Hit Shadow Weapon,Shadowgear
24033,S_Healing_Weapon,Healing Shadow Weapon,Shadowgear
24034,S_Lucky_Weapon,Lucky Shadow Weapon,Shadowgear
24035,S_Power_Earring,Power Shadow Earring,Shadowgear
24036,S_Int_Pendant,Intelligent Shadow Pendant,Shadowgear
24037,S_Dexterous_Armor,Dexterous Shadow Armor,Shadowgear
24038,S_Vital_Shoes,Vital Shadow Shoes,Shadowgear
24039,S_Athletic_Shield,Athletic Shadow Shield,Shadowgear
24040,S_Lucky_Armor,Lucky Shadow Armor,Shadowgear
24041,S_Power_Pendant,Power Shadow Pendant,Shadowgear
24042,S_Int_Earring,Intelligent Shadow Earring,Shadowgear
24043,S_Dexterous_Weapon,Dexterous Shadow Weapon,Shadowgear
24044,S_Vital_Shield,Vital Shadow Shield,Shadowgear
24045,S_Athletic_Shoes,Athletic Shadow Shoes,Shadowgear
24046,S_Resist_Spell_Pendant,Resist Spell Power Pendant (Shadow),Shadowgear
24047,S_Rapid_Pendant,Rapid Pendant (Shadow),Shadowgear
24048,S_Caster_Pendant,Caster Pendant (Shadow),Shadowgear
24049,S_Hard_Earring,Hard Earring (Shadow),Shadowgear
24050,S_Wise_Earring,Wise Earring (Shadow),Shadowgear
24051,S_Athena_Earring,Athena Earring (Shadow),Shadowgear
24052,S_Cranial_Shield,Cranial Shield (Shadow),Shadowgear
24053,S_Safeguard_Shield,Safeguard Shield (Shadow),Shadowgear
24054,S_Brutal_Shield,Brutal Shield (Shadow),Shadowgear
24055,S_Gargantua_Shield,Gargantua Shield (Shadow),Shadowgear
24056,S_Homers_Shield,Homers Shield (Shadow),Shadowgear
24057,S_Dragoon_Shield,Dragoon Shield (Shadow),Shadowgear
24058,S_Satanic_Shield,Satanic Shield (Shadow),Shadowgear
24059,S_Flameguard_Shield,Flameguard Shield (Shadow),Shadowgear
24060,S_Requiem_Shield,Requiem Shield (Shadow),Shadowgear
24061,S_Cadi_Shield,Cadi Shield (Shadow),Shadowgear
24062,S_Bloody_Shoes,Bloody Shoes (Shadow),Shadowgear
24063,S_Liberation_Shoes,Liberation Shoes (Shadow),Shadowgear
24064,S_Chemical_Shoes,Chemical Shoes (Shadow),Shadowgear
24065,S_Clamorous_Shoes,Clamorous Shoes (Shadow),Shadowgear
24066,S_Insecticide_Shoes,Insecticide Shoes (Shadow),Shadowgear
24067,S_Fisher_Shoes,Fisher Shoes (Shadow),Shadowgear
24068,S_Seraphim_Shoes,Seraphim Shoes (Shadow),Shadowgear
24069,S_Beholder_Shoes,Beholder Shoes (Shadow),Shadowgear
24070,S_Divine_Shoes,Divine Shoes (Shadow),Shadowgear
24071,S_Dragoon_Shoes,Dragoon Shoes (Shadow),Shadowgear
24072,S_Big_Armor,Large Shadow Armor,Shadowgear
24073,S_Medium_Armor,Medium Shadow Armor,Shadowgear
24074,S_Small_Armor,Small Shadow Armor,Shadowgear
24075,S_Big_Weapon,Large Shadow Weapon,Shadowgear
24076,S_Medium_Weapon,Medium Shadow Weapon,Shadowgear
24077,S_Small_Weapon,Small Shadow Weapon,Shadowgear
24078,S_Spiritual_Weapon,Spiritual Shadow Weapon,Shadowgear
24079,S_Spiritual_Earring,Spiritual Shadow Earring,Shadowgear
24080,S_Spiritual_Pendent,Spiritual Shadow Pendant,Shadowgear
24081,S_Malicious_Armor,Malicious Shas Shadow Armor,Shadowgear
24082,S_Malicious_Shoes,Malicious Shas Shadow Shoes,Shadowgear
24083,S_Malicious_Shield,Malicious Shas Shadow Shield,Shadowgear
24084,S_Gemstone_Armor,Gemstone Shadow Armor,Shadowgear
24085,S_Gemstone_Shoes,Gemstone Shadow Shoes,Shadowgear
24086,S_Gemstone_Shield,Gemstone Shadow Shield,Shadowgear
24087,S_Gemstone_Weapon,Gemstone Shadow Weapon,Shadowgear
24088,S_Gemstone_Earring,Gemstone Shadow Earring,Shadowgear
24089,S_Gemstone_Pendent,Gemstone Shadow Pendant,Shadowgear
24090,S_Stability_Shield,Stability Shadow Shield,Shadowgear
24091,S_Plasterer's_Armor,Harrods Plaster Shadow Armor,Shadowgear
24092,S_Plasterer's_Shoes,Harrods Plaster Shadow Shoes,Shadowgear
24093,S_Insomniac_Armor,Insomnia Shadow Armor,Shadowgear
24094,S_Insomniac_Shoes,Insomnia Shadow Shoes,Shadowgear
24095,S_Peerless_Armor,Peerless Shadow Armor,Shadowgear
24096,S_Peerless_Shoes,Peerless Shadow Shoes,Shadowgear
24097,S_Adurate_Armor,Andre Shadow Armor,Shadowgear
24098,S_Adurate_Shoes,Andre Shadow Shoes,Shadowgear
24099,Unfreez_Weapon_S,Unfreezing Shadow Weapon,Shadowgear
24100,Unfreeze_Earing_S,Unfreezing Shadow Earring,Shadowgear
24101,Unfreeze_Pendent_S,Unfreezing Shadow Pendant,Shadowgear
24102,Vitality_Earing_S,Vitality Shadow Earring,Shadowgear
24103,Vitality_Pendant_S,Vitality Shadow Pendant,Shadowgear
24104,S_Neutral_Weapon,Neutral Shadow Weapon,Shadowgear
24105,S_Neutral_Earring,Neutral Shadow Earring,Shadowgear
24106,S_Neutral_Pendent,Neutral Shadow Pendant,Shadowgear
24107,S_Curse_Lift_Earring,Frozen Curse Shadow Earring,Shadowgear
24108,S_Curse_Lift_Pendent,Frozen Curse Shadow Pendant,Shadowgear
24109,S_Caster_earring,Caster Shadow Earrings,Shadowgear
24110,S_Caster_Weapon,Caster Shadow Weapon,Shadowgear
24111,S_Spell_Flow_Shoes,Spellflow Shadow Shoes,Shadowgear
24112,S_Spell_Flow_Armor,Spellflow Shadow Armor,Shadowgear
24113,S_Spell_Flow_Shield,Spellflow Shadow Shield,Shadowgear
24114,S_Greed_Armor,Grid Shadow Armor,Shadowgear
24115,S_Greed_Shoes,Grid Shadow Shoes,Shadowgear
24116,S_Greed_Shield,Grid Shadow Shield,Shadowgear
24117,S_Greed_Weapon,Grid Shadow Weapon,Shadowgear
24118,S_Greed_Earring,Grid Shadow Earring,Shadowgear
24119,S_Greed_Pendant,Grid Shadow Pendant,Shadowgear
24120,S_Heal_Armor,Heal Shadow Armor,Shadowgear
24121,S_Heal_Shoes,Heal Shadow Shoes,Shadowgear
24122,S_Heal_Shield,Heal Shadow Shield,Shadowgear
24123,S_Heal_Weapon,Heal Shadow Weapon,Shadowgear
24124,S_Heal_Earring,Heal Shadow Earring,Shadowgear
24125,S_Heal_Pendant,Heal Shadow Pendant,Shadowgear
24126,S_Hiding_Armor,Hiding Shadow Armor,Shadowgear
24127,S_Hiding_Shoes,Hiding Shadow Shoes,Shadowgear
24128,S_Hiding_Shield,Hiding Shadow Shield,Shadowgear
24129,S_Hiding_Weapon,Hiding Shadow Weapon,Shadowgear
24130,S_Hiding_Earring,Hiding Shadow Earring,Shadowgear
24131,S_Hiding_Pendant,Hiding Shadow Pendant,Shadowgear
24132,S_Cloaking_Armor,Cloaking Shadow Armor,Shadowgear
24133,S_Cloaking_Shoes,Cloaking Shadow Shoes,Shadowgear
24134,S_Cloaking_Shield,Cloaking Shadow Shield,Shadowgear
24135,S_Cloaking_Weapon,Cloaking Shadow Weapon,Shadowgear
24136,S_Cloaking_Earring,Cloaking Shadow Earring,Shadowgear
24137,S_Cloaking_Pendant,Cloaking Shadow Pendant,Shadowgear
24138,S_Teleport_Armor,Teleport Shadow Armor,Shadowgear
24139,S_Teleport_Shoes,Teleport Shadow Shoes,Shadowgear
24140,S_Teleport_Shield,Teleport Shadow Shield,Shadowgear
24141,S_Teleport_Weapon,Teleport Shadow Weapon,Shadowgear
24142,S_Teleport_Earring,Teleport Shadow Earring,Shadowgear
24143,S_Teleport_Pendant,Teleport Shadow Pendant,Shadowgear
24144,S_Steal_Armor,Steal Shadow Armor,Shadowgear
24145,S_Steal_Shoes,Steal Shadow Shoes,Shadowgear
24146,S_Steal_Shield,Steal Shadow Shield,Shadowgear
24147,S_Steal_Weapon,Steal Shadow Weapon,Shadowgear
24148,S_Steal_Earring,Steal Shadow Earring,Shadowgear
24149,S_Steal_Pendant,Steal Shadow Pendant,Shadowgear
24150,S_Infinity_Earring,Infinity Shadow Earring,Shadowgear
24151,S_Infinity_Pendant,Infinity Shadow Pendant,Shadowgear
24152,S_Solid_Weapon,Solid Shadow Weapon,Shadowgear
24153,S_Solid_Earring,Solid Shadow Earring,Shadowgear
24154,S_Immortal_Armor,Solid Shadow Armor,Shadowgear
24155,S_Immortal_Pendant,Solid Shadow Pendant,Shadowgear
24156,S_Executioner_Weapon,Demi-Human Shadow Weapon,Shadowgear
24157,S_Exorcist_Weapon,Exorcist Shadow Weapon,Shadowgear
24158,S_Hunting_Weapon,Hunting Shadow Weapon,Shadowgear
24159,S_Insect_Net_Weapon,Insect Shadow Weapon,Shadowgear
24160,S_Fishing_Weapon,Fishing Shadow Weapon,Shadowgear
24161,S_Dragon_Killer_Weapon,Dragon Killer Shadow Weapon,Shadowgear
24162,S_Corrupt_Weapon,Angelus Shadow Weapon,Shadowgear
24163,S_Vibration_Weapon,Formless Shadow Weapon,Shadowgear
24164,S_Holy_Water_Weapon,Holy Water Shadow Weapon,Shadowgear
24165,S_Scissors_Weapon,Plant Shadow Weapon,Shadowgear
24166,S_Penetration_Earring,Penetration Shadow Earring,Shadowgear
24167,S_Penetration_Pendent,Penetration Shadow Pendant,Shadowgear
24168,S_Tempest_Earring,Tempest Shadow Earring,Shadowgear
24169,S_Tempest_Pendent,Tempest Pendant Shadow,Shadowgear
24170,S_M_Executioner_Weapon,Magic Demi-Human Shadow Weapon,Shadowgear
24171,S_M_Exorcist_Weapon,Magic Exorcist Shadow Weapon,Shadowgear
24172,S_M_Hunting_Weapon,Magic Hunting Shadow Weapon,Shadowgear
24173,S_M_Insect_Net_Weapon,Magic Insect Shadow Weapon,Shadowgear
24174,S_M_Fishing_Weapon,Magic Fishing Shadow Weapon,Shadowgear
24175,S_M_Dragon_K_Weapon,Magic Dragon Killer Shadow Weapon,Shadowgear
24176,S_M_Corrupt_Weapon,Magic Angelus Shadow Weapon,Shadowgear
24177,S_M_Vibration_Weapon,Magic Formless Shadow Weapon,Shadowgear
24178,S_M_Holy_Water_Weapon,Magic Holy Water Shadow Weapon,Shadowgear
24179,S_M_Scissors_Weapon,Magic Caesars Shadow Weapon,Shadowgear
24180,S_Bearers_Armor,Bearer's Shadow Armor,Shadowgear
24181,S_Bearers_Shoes,Bearer's Shadow Shoes,Shadowgear
24182,S_Bearers_Shield,Bearer's Shadow Shield,Shadowgear
24183,S_Bearers_Weapon,Bearer's Shadow Weapon,Shadowgear
24184,S_Bearers_Earring,Bearer's Shadow Earring,Shadowgear
24185,S_Bearers_Pendent,Bearer's Shadow Pendant,Shadowgear
24186,S_Basis_Armor,Basis Shadow Armor,Shadowgear
24187,S_Hallowed_Armor,Hallowed Shadow Armor,Shadowgear
24188,S_Saharic_Armor,Underneith Shadow Armor,Shadowgear
24189,S_Underneath_Armor,Underneath Shadow Armor,Shadowgear
24190,S_Flam_Armor,Flame Shadow Armor,Shadowgear
24191,S_Windy_Armor,Windy Shadow Armor,Shadowgear
24192,S_Envenom_Armor,Envenom Shadow Armor,Shadowgear
24193,S_Damned_Armor,Damned Shadow Armor,Shadowgear
24194,S_Geist_Armor,Exorcism Shadow Armor,Shadowgear
24195,S_Divine_Armor,Divine Shadow Armor,Shadowgear
24196,S_Hasty_Shoes,Hasty Shadow Shoes,Shadowgear
24197,S_Hasty_Armor,Hasty Shadow Armor,Shadowgear
24198,S_Basis_Shield,Basis Shadow Shield,Shadowgear
24199,S_Hallowed_Shield,Hallowed Shadow Shield,Shadowgear
24200,S_Saharic_Shield,Saharic Shadow Shield,Shadowgear
24201,S_Underneath_Shield,Underneath Shadow Shield,Shadowgear
24202,S_Flam_Shield,Flame Shadow Shield,Shadowgear
24203,S_Windy_Shield,Windy Shadow Shield,Shadowgear
24204,S_Envenom_Shield,Envenom Shadow Shield,Shadowgear
24205,S_Damned_Shield,Damned Shadow Shield,Shadowgear
24206,S_Geist_Shield,Exorcism Shadow Shield,Shadowgear
24207,S_Divine_Shield,Divine Shadow Shield,Shadowgear
24208,S_Expert_Shoes,Expert Shadow Shoes,Shadowgear
24209,S_Expert_Shield,Expert Shadow Shield,Shadowgear
24210,S_Beginner_Shoes,Beginner Shadow Shoes,Shadowgear
24211,S_Beginner_Shield,Beginner Shadow Shield,Shadowgear
24212,S_Rookie_Shoes,Rookie Shadow Shoes,Shadowgear
24213,S_Rookie_Shield,Rookie Shadow Shield,Shadowgear
24214,S_Advanced_Shoes,Advanced Shadow Shoes,Shadowgear
24215,S_Advanced_Shield,Advanced Shadow Shield,Shadowgear
24216,S_Attack_Armor,Attack Shadow Armor,Shadowgear
24217,S_Blitz_Earring,Blitz Shadow Earring,Shadowgear
24218,S_Blitz_Pendent,Blitz Shadow Pendant,Shadowgear
24219,S_ColdBolt_Armor,Cold Bolt Shadow Armor,Shadowgear
24220,S_FireBolt_Armor,Fire Bolt Shadow Armor,Shadowgear
24221,S_LightingBolt_Armor,Lightning Bolt Shadow Armor,Shadowgear
24222,S_EarthSpike_Armor,Earth Spike Shadow Armor,Shadowgear
24223,S_Enhance_Force_Weapon,Enhanced Force Shadow Weapon,Shadowgear
24224,S_Force_Weapon,Force Shadow Weapon,Shadowgear
24225,S_Force_Earring,Force Shadow Earring,Shadowgear
24226,S_Force_Pendant,Force Shadow Pendant,Shadowgear
24227,S_Enhance_Spirit_Weapon,Enhanced Soul Shadow Weapon,Shadowgear
24228,S_Spirit_Weapon,Soul Shadow Weapon,Shadowgear
24229,S_Spirit_Earring,Soul Shadow Earring,Shadowgear
24230,S_Spirit_Pendant,Soul Shadow Pendant,Shadowgear
24231,S_Blitz_Shoes,Blitz Shadow Shoes,Shadowgear
24232,S_Blitz_Shield,Blitz Shadow Shield,Shadowgear
24233,S_Exceed_Weapon,Exceeding Shadow Weapon,Shadowgear
24234,S_Titan_Earring,Titan Shadow Earring,Shadowgear
24235,S_Titan_Pendant,Titan Shadow Pendant,Shadowgear
24236,S_Boned_Earring,Boned Shadow Earring,Shadowgear
24237,S_Boned_Pendant,Boned Shadow Pendant,Shadowgear
24238,S_Gigantic_Earring,Gigantic Shadow Earring,Shadowgear
24239,S_Gigantic_Pendant,Gigantic Shadow Pendant,Shadowgear
24240,S_Caster_Shoes,Caster Shadow Shoes,Shadowgear
24241,S_Caster_Shield,Caster Shadow Shield,Shadowgear
24242,S_Caster_Armor,Caster Shadow Armor,Shadowgear
24243,S_Reload_Shoes,Reload Shadow Shoes,Shadowgear
24244,S_Reload_Shield,Reload Shadow Shield,Shadowgear
24245,S_Reload_Armor,Reload Shadow Armor,Shadowgear
24246,S_Swordman_earring,Swordman Shadow Earring,Shadowgear
24247,S_Merchant_earring,Merchant Shadow Earring,Shadowgear
24248,S_Acolyte_earring,Acolyte Shadow Earring,Shadowgear
24249,S_Magician_earring,Magician Shadow Earring,Shadowgear
24250,S_Swordman_Pendant,Swordman Shadow Pendant,Shadowgear
24251,S_Merchant_Pendant,Merchant Shadow Pendant,Shadowgear
24252,S_Acolyte_Pendant,Acolyte Shadow Pendant,Shadowgear
24253,S_Thief_Pendant,Thief Shadow Pendant,Shadowgear
24254,S_Magician_Pendant,Magician Shadow Pendant,Shadowgear
24255,S_Archer_Pendant,Archer Shadow Pendant,Shadowgear
24256,S_Knight_Shoes,Knight Shadow Shoes,Shadowgear
24257,S_Crusader_Shoes,Crusader Shadow Shoes,Shadowgear
24258,S_Blacksmith_Shoes,Blacksmith Shadow Shoes,Shadowgear
24259,S_Alchemist_Shoes,Alchemist Shadow Shoes,Shadowgear
24260,S_Priest_Shoes,Priest Shadow Shoes,Shadowgear
24261,S_Monk_Shoes,Monk Shadow Shoes,Shadowgear
24262,S_Assassin_Shoes,Assassin Shadow Shoes,Shadowgear
24263,S_Rogue_Shoes,Rogue Shadow Shoes,Shadowgear
24264,S_Wizard_Shoes,Wizard Shadow Shoes,Shadowgear
24265,S_Sage_Shoes,Sage Shadow Shoes,Shadowgear
24266,S_Hunter_Shoes,Hunter Shadow Shoes,Shadowgear
24267,S_Bard_Shoes,Bard Shadow Shoes,Shadowgear
24268,S_Dancer_Shoes,Dancer Shadow Shoes,Shadowgear
24269,S_Knight_Armor,Knight Shadow Armor,Shadowgear
24270,S_Crusader_Armor,Crusader Shadow Armor,Shadowgear
24271,S_Blacksmith_Armor,Blacksmith Shadow Armor,Shadowgear
24272,S_Alchemist_Armor,Alchemist Shadow Armor,Shadowgear
24273,S_Priest_Armor,Priest Shadow Armor,Shadowgear
24274,S_Monk_Armor,Monk Shadow Armor,Shadowgear
24275,S_Assassin_Armor,Assassin Shadow Armor,Shadowgear
24276,S_Rogue_Armor,Rogue Shadow Armor,Shadowgear
24277,S_Wizard_Armor,Wizard Shadow Armor,Shadowgear
24278,S_Sage_Armor,Sage Shadow Armor,Shadowgear
24279,S_Hunter_Armor,Hunter Shadow Armor,Shadowgear
24280,S_Bard_Armor,Bard Shadow Armor,Shadowgear
24281,S_Dancer_Armor,Dancer Shadow Armor,Shadowgear
24282,S_SuperNovice_Weapon,Super Novice Shadow Weapon,Shadowgear
24283,S_Gunslinger_Weapon,Gunslinger Shadow Weapon,Shadowgear
24284,S_Taekwon_Weapon,Taekwondo Shadow Weapon,Shadowgear
24285,S_Ninja_Weapon,Ninja Shadow Weapon,Shadowgear
24286,S_DoramMagical_Weapon,Doram Magical Shadow Weapon,Shadowgear
24287,S_DoramPhysical_Weapon,Doram Physical Shadow Weapon,Shadowgear
24288,S_Runeknight_Weapon,Rune Knight Shadow Weapon,Shadowgear
24289,S_Royalguard_Weapon,Royal Guard Shadow Weapon,Shadowgear
24290,S_Mechanic_weapon,Mechanic Shadow Weapon,Shadowgear
24291,S_Genetic_Weapon,Genetic Shadow Weapon,Shadowgear
24292,S_Archbishop_Weapon,Arch Bishop Shadow Weapon,Shadowgear
24293,S_Sura_weapon,Sura Shadow Weapon,Shadowgear
24294,S_Guillotine_Weapon,Guillotine Cross Shadow Weapon,Shadowgear
24295,S_Shadowchaser_Weapon,Shadow Chaser Shadow Weapon,Shadowgear
24296,S_Warlock_Weapon,Warlock Shadow Weapon,Shadowgear
24297,S_Sorcerer_Weapon,Sorcerer Shadow Weapon,Shadowgear
24298,S_Ranger_Weapon,Ranger Shadow Weapon,Shadowgear
24299,S_Minstrel_Weapon,Maestro Shadow Weapon,Shadowgear
24300,S_Wanderer_Weapon,Wanderer Shadow Weapon,Shadowgear
24301,S_Runeknight_Shield,Rune Knight Shadow Shield,Shadowgear
24302,S_Royalguard_Shield,Royal Guard Shadow Shield,Shadowgear
24303,S_Mechanic_Shield,Mechanic Shadow Shield,Shadowgear
24304,S_Genetic_Shield,Genetic Shadow Shield,Shadowgear
24305,S_Archbishop_Shield,Archbishop Shadow Shield,Shadowgear
24306,S_Sura_Shield,Sura Shadow Shield,Shadowgear
24307,S_Guillotine_Shield,Guillotine Cross Shadow Shield,Shadowgear
24308,S_Shadowchaser_Shield,Shadow Chaser Shadow Shield,Shadowgear
24309,S_Warlock_Shield,Warlock Shadow Shield,Shadowgear
24310,S_Sorcerer_Shield,Sorcerer Shadow Shield,Shadowgear
24311,S_Ranger_Shield,Ranger Shadow Shield,Shadowgear
24312,S_Minstrel_Shield,Minstrel Shadow Shield,Shadowgear
24313,S_Wanderer_Shield,Wanderer Shadow Shield,Shadowgear
24314,S_Ninja_Shield,Ninja Shadow Shield,Shadowgear
24315,S_Taekwon_Shield,Taekwon Shadow Shield,Shadowgear
24316,S_DoramPhysical_Shield,Doram Physical Shadow Shield,Shadowgear
24317,S_DoramMagical_Shield,Doram Magical Shadow Shield,Shadowgear
24318,S_SuperNovice_Shield,Super Novice Shadow Shield,Shadowgear
24319,S_Gunslinger_Shield,Gunslinger Shadow Shield,Shadowgear
24320,S2_Hasty_Shoes,Hasty Shadow Shoes II,Shadowgear
24321,S2_Bearers_Pendent,Bearer's Shadow Pendant II,Shadowgear
24322,S2_Gemstone_Earring,Gemstone Shadow Earring II,Shadowgear
24323,S2_Spell_Flow_Shield,Spellflow Shadow Shield II,Shadowgear
24324,S2_Spiritual_Weapon,Spiritual Shadow Weapon II,Shadowgear
24325,S2_Malicious_Armor,Malicious Shadow Armor II,Shadowgear
24326,S_Sigrun_Armor,Sigrun Shadow Armor,Shadowgear
24327,S_Sigrun_Shield,Sigrun Shadow Shield,Shadowgear
24328,S2_Force_Ex_Weapon,Force Executioner Shadow Weapon,Shadowgear
24329,S2_Spirit_M_E_Weapon,Spirit Magic Executioner Shadow Weapon,Shadowgear
24330,S2_Caster_Armor,Caster Shadow Armor II,Shadowgear
24331,S2_Reload_Armor,Reload Shadow Armor II,Shadowgear
24332,S_Critical_Shield,Critical Shadow Shield,Shadowgear
24333,S_Critical_Shoes,Critical Shadow Shoes,Shadowgear
24334,S_MagicCompose_Armor,Magic Compose Shadow Armor,Shadowgear
24335,S2_Gemstone_Weapon,Gemstone Shadow Weapon II,Shadowgear
24336,S2_Gemstone_Shield,Gemstone Shadow Shield II,Shadowgear
24337,S2_Bearers_Armor,Bearer's Shadow Armor II,Shadowgear
24338,S2_Bearers_Shoes,Bearer's Shadow Shoes II,Shadowgear
24339,S_AllMighty_Earring,Almighty Shadow Earring,Shadowgear
24340,S_AllMighty_Pendant,Almighty Shadow Pendant,Shadowgear
24341,S_AllRace_Shoes,All Race Shadow Shoes,Shadowgear
24342,S_AllRace_Shield,All Race Shadow Shield,Shadowgear
24343,S_Blitz_Weapon,Blitz Shadow Weapon,Shadowgear
24344,S_Blitz_Armor,Blitz Shadow Armor,Shadowgear
24345,S_Tempest_Shield,Tempest Shadow Shield,Shadowgear
24346,S_Tempest_Shoes,Tempest Shadow Shoes,Shadowgear
24347,S_M_ExeHoly_Armor,Magic Executioner Holy Water Shadow Armor,Shadowgear
24348,S_M_ExoCorrupt_Armor,Magic Exorcist Corrupted Shadow Armor,Shadowgear
24349,S_M_DragonVib_Armor,Magic Vibration Dragon Killer Shadow Armor,Shadowgear
24350,S_M_SciHunting_Armor,Magic Scissor Hunting Shadow Armor,Shadowgear
24351,S_M_FishInsect_Armor,Magic Fishing Insect Net Shadow Armor,Shadowgear
24352,S2_Plasterer's_Armor,Plasterer's Shadow Armor II,Shadowgear
24353,S2_Insomniac_Shoes,Insomniac Shadow Shoes II,Shadowgear
24354,S2_Peerless_Armor,Peerless Shadow Armor II,Shadowgear
24355,S2_Adurate_Shoes,Adulate Shadow Shoes II,Shadowgear
24356,Unfreez_Weapon_S2,Unfreezing Shadow Weapon II,Shadowgear
24357,Vitality_Earing_S2,Vitality Shadow Earring II,Shadowgear
24358,S2_Neutral_Weapon,Neutral Shadow Weapon II,Shadowgear
24359,S2_Curse_Lift_Pendent,Uncursed Shadow Pendant II,Shadowgear
24360,S_Tension_Weapon,Tension Shadow Weapon,Shadowgear
24361,S_Tension_Earring,Tension Shadow Earring,Shadowgear
24362,S_Tension_Pendent,Tension Shadow Pendant,Shadowgear
24363,S_Elegant_Weapon,Elegant Shadow Weapon,Shadowgear
24364,S_Elegant_Earring,Elegant Shadow Earring,Shadowgear
24365,S_Elegant_Pendent,Elegant Shadow Pendant,Shadowgear
24366,S_Healing_Shield,Healing Shadow Shield,Shadowgear
24367,S_Healing_Shoes,Healing Shadow Shoes,Shadowgear
24368,S_Restore_Earring,Restore Shadow Earring,Shadowgear
24369,S_Restore_Pendent,Restore Shadow Pendant,Shadowgear
24370,S_MortalBlow_Weapon,Mortal Blow Shadow Weapon,Shadowgear
24371,S_MortalBlow_Earring,Mortal Blow Shadow Earring,Shadowgear
24372,S_MortalBlow_Pendent,Mortal Blow Shadow Pendant,Shadowgear
24373,S_Penetration_Shoes,Penetration Shadow Shoes,Shadowgear
24374,S_Penetration_Shield,Penetration Shadow Shield,Shadowgear
24375,S_ExeHoly_Armor,Executioner Holy Water Shadow Armor,Shadowgear
24376,S_ExoCorrupt_Armor,Exorcist Corrupted Shadow Armor,Shadowgear
24377,S_DragonVib_Armor,Vibration Dragon Killer Shadow Armor,Shadowgear
24378,S_SciHunting_Armor,Scissor Hunting Shadow Armor,Shadowgear
24379,S_FishInsect_Armor,Fishing Insect Net Shadow Armor,Shadowgear
24380,Sentimental_Weapone_S,Sentimental Shadow Weapon,Shadowgear
24381,Sentimental_Earring_S,Sentimental Shadow Earring,Shadowgear
24382,Sentimental_Pendant_S,Sentimental Shadow Pendant,Shadowgear
24383,Enchanting_Weapone_S,Enchanting Shadow Weapon,Shadowgear
24384,Enchanting_Earring_S,Enchanting Shadow Earring,Shadowgear
24385,Enchanting_Pendant_S,Enchanting Shadow Pendant,Shadowgear
24386,S_Infinity_Weapon,Infinity Shadow Weapon,Shadowgear
24387,Rebeginer_Armor_S,Beginner's Shadow Armor,Shadowgear
24388,Rebeginer_Shield_S,Beginner's Shadow Shield,Shadowgear
24389,Rebeginer_Shoes_S,Beginner's Shadow Shoes,Shadowgear
24390,Rebeginer_Weapon_S,Beginner's Shadow Weapon,Shadowgear
24391,Rebeginer_Earring_S,Beginner's Shadow Earring,Shadowgear
24392,Rebeginer_Pendant_S,Beginner's Shadow Pendant,Shadowgear
24393,S_Physical_Shoes,Physical Shadow Shoes,Shadowgear
24394,S_Physical_Shield,Physical Shadow Shield,Shadowgear
24395,S_Physical_Armor,Physical Shadow Armor,Shadowgear
24396,S_Magical_Shoes,Magical Shadow Shoes,Shadowgear
24397,S_Magical_Shield,Magical Shadow Shield,Shadowgear
24398,S_Magical_Armor,Magical Shadow Armor,Shadowgear
24399,S_ImmunedAthena_Shield,Immune Athena Shadow Shield,Shadowgear
24400,S_HardChamption_Shoes,Hard Champion Shadow Shoes,Shadowgear
24401,S_KingbirdAncient_Armor,Kingbird Ancient Shadow Armor,Shadowgear
24402,S_Rebellion_Armor,Rebellion Shadow Armor,Shadowgear
24403,S_Kagerou_Armor,Kagerou Shadow Armor,Shadowgear
24404,S_Oboro_Armor,Oboro Shadow Armor,Shadowgear
24405,S_Rebellion_Shoes,Rebellion Shadow Shoes,Shadowgear
24406,S_Kagerou_Shoes,Kagerou Shadow Shoes,Shadowgear
24407,S_Oboro_Shoes,Oboro Shadow Shoes,Shadowgear
24408,S_DoramPhysical_Armor,Doram Physical Shadow Armor,Shadowgear
24409,S_DoramPhysical_Shoes,Doram Physical Shadow Shoes,Shadowgear
24410,S_DoramMagical_Armor,Doram Magical Shadow Armor,Shadowgear
24411,S_DoramMagical_Shoes,Doram Magical Shadow Shoes,Shadowgear
24412,S_Star_Emperor_Armor,Star Emperor Shadow Armor,Shadowgear
24413,S_Star_Emperor_Shoes,Star Emperor Shadow Shoes,Shadowgear
24414,S_Soul_Reaper_Armor,Soul Reaper Shadow Armor,Shadowgear
24415,S_Soul_Reaper_Shoes,Soul Reaper Shadow Shoes,Shadowgear
24416,S_Timeoverload_Weapon,Temporal Transcendent Shadow Weapon,Shadowgear
24417,S_Timeoverload_Armor,Temporal Transcendent Shadow Armor,Shadowgear
24418,S_Timeoverload_Shield,Temporal Transcendent Shadow Shield,Shadowgear
24419,S_Timeoverload_Shoes,Temporal Transcendent Shadow Shoes,Shadowgear
24420,S_Timeoverload_Earing,Temporal Transcendent Shadow Earring,Shadowgear
24421,S_Timeoverload_Pandent,Temporal Transcendent Shadow Pendant,Shadowgear
24423,S_Tempest_Weapon,Tempest Shadow Weapon,Shadowgear
24424,S_Tempest_Armor,Tempest Shadow Armor,Shadowgear
24425,S_PerfectSize_Weapon,Perfect Size Shadow Weapon,Shadowgear
24426,S_PerfectSize_Armor,Perfect Size Shadow Armor,Shadowgear
24427,S_M_Exo_Co_Weapon,Magic Exorcist Current Shadow Weapon,Shadowgear
24428,S_M_Viv_Dr_Weapon,Magic Vibration Dragon Killer Shadow Weapon,Shadowgear
24429,S_M_Sci_Hu_Weapon,Magic Caesars Hunting Shadow Weapon,Shadowgear
24430,S_M_Fis_In_Weapon,Magic Fishing Insect Shadow Weapon,Shadowgear
24431,S_M_Exe_Ho_Weapon,Magic Executioner Holy Water Shadow Weapon,Shadowgear
24432,S_Penetration_Weapon,Penetration Shadow Weapon,Shadowgear
24433,S_Penetration_Armor,Penetration Shadow Armor,Shadowgear
24434,S_Exe_Ho_Weapon,Executioner Holy Water Shadow Weapon,Shadowgear
24435,S_Fis_In_Weapon,Fishing Insect Shadow Weapon,Shadowgear
24436,S_Sci_Hu_Weapon,Scissors Hunting Shadow Weapon,Shadowgear
24437,S_Viv_Dr_Weapon,Vibration Dragon Killer Shadow Weapon,Shadowgear
24438,S_Exo_Co_Weapon,Exorcist Corrupt Shadow Weapon,Shadowgear
24439,S_Hasty_Weapon,Hasty Shadow Weapon,Shadowgear
24440,S_Sonic_Armor,Sonic Shadow Armor,Shadowgear
24441,S_Sonic_Shield,Sonic Shadow Shield,Shadowgear
24442,S_Sonic_Shoes,Sonic Shadow Shoes,Shadowgear
24443,S_Ignition_Weapon,Ignition Shadow Weapon,Shadowgear
24444,S_Ignition_Pendant,Ignition Shadow Pendant,Shadowgear
24445,S_Ignition_Earing,Ignition Shadow Earring,Shadowgear
24446,S_W_Breath_Armor,Cold Breath Shadow Armor,Shadowgear
24447,S_W_Breath_Shield,Cold Breath Shadow Shield,Shadowgear
24448,S_W_Breath_Shoes,Cold Breath Shadow Shoes,Shadowgear
24449,S_F_Breath_Weapon,Fire Breath Shadow Weapon,Shadowgear
24450,S_F_Breath_Pendant,Fire Breath Shadow Pendant,Shadowgear
24451,S_F_Breath_Earing,Fire Breath Shadow Earring,Shadowgear
24452,S_Cluster_Armor,Cluster Shadow Armor,Shadowgear
24453,S_Cluster_Shield,Cluster Shadow Shield,Shadowgear
24454,S_Cluster_Shoes,Cluster Shadow Shoes,Shadowgear
24455,S_Aimed_Weapon,Aimed Shadow Weapon,Shadowgear
24456,S_Aimed_Pendant,Aimed Shadow Pendant,Shadowgear
24457,S_Aimed_Earing,Aimed Shadow Earring,Shadowgear
24458,S_Arrow_Armor,Arrow Shadow Armor,Shadowgear
24459,S_Arrow_Shield,Arrow Shadow Shield,Shadowgear
24460,S_Arrow_Shoes,Arrow Shadow Shoes,Shadowgear
24461,S_Shooting_Weapon,Shooting Shadow Weapon,Shadowgear
24462,S_Shooting_Pendant,Shooting Shadow Pendant,Shadowgear
24463,S_Shooting_Earing,Shooting Shadow Earring,Shadowgear
24464,S_Tornado_Armor,Tornado Shadow Armor,Shadowgear
24465,S_Tornado_Shield,Tornado Shadow Shield,Shadowgear
24466,S_Tornado_Shoes,Tornado Shadow Shoes,Shadowgear
24467,S_Boomerang_Weapon,Boomerang Shadow Weapon,Shadowgear
24468,S_Boomerang_Pendant,Boomerang Shadow Pendant,Shadowgear
24469,S_Boomerang_Earing,Boomerang Shadow Earring,Shadowgear
24470,S_Vulcan_Armor,Vulcan Shadow Armor,Shadowgear
24471,S_Vulcan_Shield,Vulcan Shadow Shield,Shadowgear
24472,S_Vulcan_Shoes,Vulcan Shadow Shoes,Shadowgear
24473,S_Arms_Weapon,Arm Shadow Weapon,Shadowgear
24474,S_Arms_Pendant,Arm Shadow Pendant,Shadowgear
24475,S_Arms_Earing,Arm Shadow Earring,Shadowgear
24476,S_Rampage_Armor,Rampage Shadow Armor,ShadowGear
24477,S_Rampage_Shield,Rampage Shadow Shield,ShadowGear
24478,S_Rampage_Shoes,Rampage Shadow Shoes,ShadowGear
24479,S_Skynetblow_Weapon,Sky Blow Shadow Weapon,ShadowGear
24480,S_Skynetblow_Pendant,Sky Blow Shadow Pendant,ShadowGear
24481,S_Skynetblow_Earing,Sky Net Blow Shadow Earring,ShadowGear
24482,S_Knucklearrow_Armor,Knuckle Shadow Armor,ShadowGear
24483,S_Knucklearrow_Shield,Knuckle Shadow Shield,ShadowGear
24484,S_Knucklearrow_Shoes,Knuckle Shadow Shoes,ShadowGear
24485,S_TigerCannon_Weapon,Tiger Shadow Weapon,ShadowGear
24486,S_Tigercannon_Pendant,Tiger Shadow Pendant,ShadowGear
24487,S_Tigercannon_Earing,Tiger Shadow Earring,ShadowGear
24488,S_Duplelight_Armor,Duplex Shadow Armor,ShadowGear
24489,S_Duplelight_Shield,Duplex Shadow Shield,ShadowGear
24490,S_Duplelight_Shoes,Duplex Shadow Shoes,ShadowGear
24491,S_Adoramus_Weapon,Adora Shadow Weapon,ShadowGear
24492,S_Adoramus_Pendant,Adora Shadow Pendant,ShadowGear
24493,S_Adoramus_Earing,Adora Shadow Earring,ShadowGear
24494,S_Judex_Armor,Judex Shadow Armor,ShadowGear
24495,S_Judex_Shield,Judex Shadow Shield,ShadowGear
24496,S_Judex_Shoes,Judex Shadow Shoes,ShadowGear
24497,S_Magnus_Weapon,Magnus Shadow Weapon,ShadowGear
24498,S_Magnus_Pendant,Magnus Shadow Pendant,ShadowGear
24499,S_Magnus_Earing,Magnus Shadow Earring,ShadowGear
24500,S_Rainstorm_Armor,Rainstorm Shadow Armor,ShadowGear
24501,S_Rainstorm_Shield,Rainstorm Shadow Shield,ShadowGear
24502,S_Rainstorm_Shoes,Rainstorm Shadow Shoes,ShadowGear
24503,S_Arrowvulcan_Weapon,Arrow Vulcan Shadow Weapon,ShadowGear
24504,S_Arrowvulcan_Pendant,Arrow Vulcan Shadow Pendant,ShadowGear
24505,S_Arrowvulcan_Earing,Arrow Vulcan Shadow Earring,ShadowGear
24506,S_Metalic_Armor,Metallic Shadow Armor,ShadowGear
24507,S_Metalic_Shield,Metallic Shadow Shield,ShadowGear
24508,S_Metalic_Shoes,Metallic Shadow Shoes,ShadowGear
24509,S_Reverberation_Weapon,Vibrating Shadow Weapon,ShadowGear
24510,S_Reverberation_Pendant,Vibration Shadow Pendant,ShadowGear
24511,S_Reverberation_Earing,Vibration Shadow Earring,ShadowGear
24512,S_Jack_Armor,Jack Shadow Armor,ShadowGear
24513,S_Jack_Shield,Jack Shadow Shield,ShadowGear
24514,S_Jack_Shoes,Jack Shadow Shoes,ShadowGear
24515,S_Strain_Weapon,Strain Shadow Weapon,ShadowGear
24516,S_Strain_Pendant,Strain Shadow Pendant,ShadowGear
24517,S_Strain_Earing,Strain Shadow Earring,ShadowGear
24518,S_Crimson_Armor,Crimson Shadow Armor,ShadowGear
24519,S_Crimson_Shield,Crimson Shadow Shield,ShadowGear
24520,S_Crimson_Shoes,Crimson Shadow Shoes,ShadowGear
24521,S_Chain_Weapon,Chain Shadow Weapon,ShadowGear
24522,S_Chain_Pendant,Chain Shadow Pendant,ShadowGear
24523,S_Chain_Earing,Chain Shadow Earring,ShadowGear
24524,S_Triangle_Armor,Triangle Shadow Armor,ShadowGear
24525,S_Triangle_Shield,Triangle Shadow Shield,ShadowGear
24526,S_Triangle_Shoes,Triangle Shadow Shoes,ShadowGear
24527,S_Shadowspell_Weapon,Shadowspell Shadow Weapon,ShadowGear
24528,S_Shadowspell_Pendant,Shadowspell Shadow Pendant,ShadowGear
24529,S_Shadowspell_Earing,Shadowspell Shadow Earring,ShadowGear
24530,S_Menace_Armor,Menace Shadow Armor,ShadowGear
24531,S_Menace_Shield,Menace Shadow Shield,ShadowGear
24532,S_Menace_Shoes,Menace Shadow Shoes,ShadowGear
24533,S_Paint_Weapon,Paint Shadow Weapon,ShadowGear
24534,S_Paint_Pendant,Paint Shadow Pendant,ShadowGear
24535,S_Paint_Earing,Paint Shadow Earring,ShadowGear
24536,S_Rolling_Armor,Rolling Shadow Armor,ShadowGear
24537,S_Rolling_Shield,Rolling Shadow Shield,ShadowGear
24538,S_Rolling_Shoes,Rolling Shadow Shoes,ShadowGear
24539,S_Katar_Weapon,Katar Shadow Weapon,ShadowGear
24540,S_Katar_Pendant,Katar Shadow Pendant,ShadowGear
24541,S_Katar_Earing,Katar Shadow Earring,ShadowGear
24542,S_Slash_Armor,Slash Shadow Armor,ShadowGear
24543,S_Slash_Shield,Slash Shadow Shield,ShadowGear
24544,S_Slash_Shoes,Slash Shadow Shoes,ShadowGear
24545,S_Ripper_Weapon,Ripper Slasher Shadow Weapon,ShadowGear
24546,S_Ripper_Pendant,Ripper Slasher Shadow Pendant,ShadowGear
24547,S_Ripper_Earing,Ripper Slasher Shadow Earring,ShadowGear
24548,S_Dust_Armor,Dust Shadow Armor,ShadowGear
24549,S_Dust_Shield,Dust Shadow Shield,ShadowGear
24550,S_Dust_Shoes,Dust Shadow Shoes,ShadowGear
24551,S_Grave_Weapon,Grave Shadow Weapon,ShadowGear
24552,S_Grave_Pendant,Grave Shadow Pendant,ShadowGear
24553,S_Grave_Earing,Grave Shadow Earring,ShadowGear
24554,S_Psychic_Armor,Psychic Shadow Armor,ShadowGear
24555,S_Psychic_Shield,Psychic Shadow Shield,ShadowGear
24556,S_Psychic_Shoes,Psychic Shadow Shoes,ShadowGear
24557,S_Varetyr_Weapon,Varetyr Shadow Weapon,ShadowGear
24558,S_Varetyr_Pendant,Varetyr Shadow Pendant,ShadowGear
24559,S_Varetyr_Earing,Varetyr Shadow Earring,ShadowGear
24560,S_Cart_Tornado_Armor,Tornado Shadow Armor,ShadowGear
24561,S_Cart_Tornado_Shield,Tornado Shadow Shield,ShadowGear
24562,S_Cart_Tornado_Shoes,Tornado Shadow Shoes,ShadowGear
24563,S_Cannon_Cart_Weapon,Cannon Cart Shadow Weapon,ShadowGear
24564,S_Cannon_Cart_Pendant,Cannon Cart Shadow Pendant,ShadowGear
24565,S_Cannon_Cart_Earing,Cannon Cart Shadow Earring,ShadowGear
24566,S_Spore_Bomb_Armor,Spore Bomb Shadow Armor,ShadowGear
24567,S_Spore_Bomb_Shield,Spore Bomb Shadow Shield,ShadowGear
24568,S_Spore_Bomb_Shoes,Spore Bomb Shadow Shoes,ShadowGear
24569,S_Crazy_Weapon,Crazy Shadow Weapon,ShadowGear
24570,S_Crazy_Pendant,Crazy Shadow Pendant,ShadowGear
24571,S_Crazy_Earing,Crazy Shadow Earring,ShadowGear
24572,S_Brand_Armor,Brand Shadow Armor,ShadowGear
24573,S_Brand_Shield,Brand Shadow Shield,ShadowGear
24574,S_Brand_Shoes,Brand Shadow Shoes,ShadowGear
24575,S_Chain_Press_Weapon,Chain Press Shadow Weapon,ShadowGear
24576,S_Chain_Press_Pendant,Chain Press Shadow Pendant,ShadowGear
24577,S_Chain_Press_Earing,Chain Press Shadow Earring,ShadowGear
24578,S_Banish_Cannon_Armor,Banishing Cannon Shadow Armor,ShadowGear
24579,S_Banish_Cannon_Shield,Banishing Cannon Shadow Shield,ShadowGear
24580,S_Banish_Cannon_Shoes,Banishing Cannon Shadow Shoes,ShadowGear
24581,S_Genesis_Weapon,Genesis Shadow Weapon,ShadowGear
24582,S_Genesis_Pendant,Genesis Shadow Pendant,ShadowGear
24583,S_Genesis_Earing,Genesis Shadow Earring,ShadowGear
24584,S_Booster_Armor,Booster Shadow Armor,ShadowGear
24585,S_Booster_Shield,Booster Shadow Shield,ShadowGear
24586,S_Booster_Shoes,Booster Shadow Shoes,ShadowGear
24587,S_Booster_Earing,Booster Shadow Earring,ShadowGear
24588,S_Booster_Pandent,Booster Shadow Pendant,ShadowGear
24589,S_RK_B_Weapon,Rune Knight's Booster Shadow Weapon,ShadowGear
24590,S_LG_B_Weapon,Royal Guard's Booster Shadow Weapon,ShadowGear
24591,S_NC_B_Weapon,Mechanic's Booster Shadow Weapon,ShadowGear
24592,S_GN_B_Weapon,Genetic's Booster Shadow Weapon,ShadowGear
24593,S_GC_B_Weapon,Guillotine Cross' Booster Shadow Weapon,ShadowGear
24594,S_SC_B_Weapon,Shadow Chaser's Booster Shadow Weapon,ShadowGear
24595,S_WL_B_Weapon,Warlock's Booster Shadow Weapon,ShadowGear
24596,S_SO_B_Weapon,Sorcerer's Booster Shadow Weapon,ShadowGear
24597,S_AB_B_Weapon,Archbishop's Booster Shadow Weapon,ShadowGear
24598,S_SR_B_Weapon,Sura's Booster Shadow Weapon,ShadowGear
24599,S_RA_B_Weapon,Ranger's Booster Shadow Weapon,ShadowGear
24600,S_WM_B_Weapon,Minstrel&Wanderer's Booster Shadow Weapon,ShadowGear
24601,S_Tail_Dragon_Weapon,Tail Dragon Shadow Weapon,ShadowGear
24602,S_Tail_Dragon_Shield,Tail Dragon Shadow Shield,ShadowGear
24603,S_Tail_Dragon_Armor,Tail Dragon Shadow Armor,ShadowGear
24604,S_Flare_Dance_Earing,Flare Dance Shadow Earring,ShadowGear
24605,S_Flare_Dance_Pendant,Flare Dance Shadow Pendant,ShadowGear
24606,S_Flare_Dance_Shoes,Flare Dance Shadow Shoes,ShadowGear
24607,S_God_Hammer_Weapon,God Hammer Shadow Weapon,ShadowGear
24608,S_God_Hammer_Shield,God Hammer Shadow Shield,ShadowGear
24609,S_God_Hammer_Armor,God Hammer Shadow Armor,ShadowGear
24610,S_Shatter_Buster_Earing,Shatter Buster Shadow Earring,ShadowGear
24611,S_Shatter_B_Pendant,Shatter Buster Shadow Pendant,ShadowGear
24612,S_Shatter_Buster_Shoes,Shatter Buster Shadow Shoes,ShadowGear
24613,S_Trip_Weapon,Trip Shadow Weapon,ShadowGear
24614,S_Trip_Shield,Trip Shadow Shield,ShadowGear
24615,S_Trip_Armor,Trip Shadow Armor,ShadowGear
24616,S_Super_Magic_Shield,Super Magic Shadow Shield,ShadowGear
24617,S_Super_Magic_Armor,Super Magic Shadow Armor,ShadowGear
24618,S_Super_Magic_Shoes,Super Magic Shadow Shoes,ShadowGear
24619,S_Super_Power_Weapon,Super Power Shadow Weapon,ShadowGear
24620,S_Super_Power_Pendant,Super Power Shadow Pendant,ShadowGear
24621,S_Super_Power_Earing,Super Power Shadow Earring,ShadowGear
24622,S_Kunai_Weapon,Kunai Shadow Weapon,ShadowGear
24623,S_Kunai_Shield,Kunai Shadow Shield,ShadowGear
24624,S_Kunai_Armor,Kunai Shadow Armor,ShadowGear
24625,S_Syuriken_Earing,Cross Shuriken Shadow Earring,ShadowGear
24626,S_Syuriken_Pendant,Cross Shuriken Shadow Pendant,ShadowGear
24627,S_Syuriken_Shoes,Cross Shuriken Shadow Shoes,ShadowGear
24628,S_Kamaenraku_Weapon,First Exploding Draft Shadow Weapon,ShadowGear
24629,S_Kamaenraku_Shield,First Exploding Draft Shadow Shield,ShadowGear
24630,S_Kamaenraku_Armor,First Exploding Draft Shadow Armor,ShadowGear
24631,S_Huusouka_Earing,Wind Spear Petal Shadow Earring,ShadowGear
24632,S_Huusouka_Pendant,Wind Spear Petal Shadow Pendant,ShadowGear
24633,S_Huusouka_Shoes,Wind Spear Petal Shadow Shoes,ShadowGear
24634,S_Pickyrush_Weapon,Picky Rush Shadow Weapon,ShadowGear
24635,S_Pickyrush_Shield,Picky Rush Shadow Shield,ShadowGear
24636,S_Pickyrush_Armor,Picky Rush Shadow Armor,ShadowGear
24637,S_SavageRabbit_Earing,Savage Rabbit Shadow Earring,ShadowGear
24638,S_SavageRabbit_Pendant,Savage Rabbit Shadow Pendant,ShadowGear
24639,S_SavageRabbit_Shoes,Savage Rabbit Shadow Shoes,ShadowGear
24640,S_Catnip_Weapon,Catnip Shadow Weapon,ShadowGear
24641,S_Catnip_Shield,Catnip Shadow Shield,ShadowGear
24642,S_Catnip_Armor,Catnip Shadow Armor,ShadowGear
24643,S_Silvervine_Earing,Silvervine Shadow Earring,ShadowGear
24644,S_Silvervine_Pendant,Silvervine Shadow Pendant,ShadowGear
24645,S_Silvervine_Shoes,Silvervine Shadow Shoes,ShadowGear
24646,S_Sunshine_Weapon,Sunshine Shadow Weapon,ShadowGear
24647,S_Sunshine_Shield,Sunshine Shadow Shield,ShadowGear
24648,S_Sunshine_Armor,Sunshine Shadow Armor,ShadowGear
24649,S_Moonlight_Earring,Moonlight Shadow Earring,ShadowGear
24650,S_Moonlight_Pendant,Moonlight Shadow Pendant,ShadowGear
24651,S_Moonlight_Shoes,Moonlight Shadow Shoes,ShadowGear
24652,S_Stardust_Weapon,Stardust Shadow Weapon,ShadowGear
24653,S_Stardust_Shield,Stardust Shadow Shield,ShadowGear
24654,S_Stardust_Armor,Stardust Shadow Armor,ShadowGear
24655,S_S_Weapon,Es Shadow Weapon,ShadowGear
24656,S_S_Shield,Es Shadow Shield,ShadowGear
24657,S_S_Armor,Es Shadow Armor,ShadowGear
24658,S_Evilcurse_Earring,Evil Curse Shadow Earring,ShadowGear
24659,S_Evilcurse_Pendant,Evil Curse Shadow Pendant,ShadowGear
24660,S_Evilcurse_Shoes,Evil Curse Shadow Shoes,ShadowGear
24661,S_FullPene_Earring,Full Penetration Shadow Earring,ShadowGear
24662,S_FullPene_Pendant,Full Penetration Shadow Pendant,ShadowGear
24663,S_FullPene_Armor,Full Penetration Shadow Armor,ShadowGear
24664,S_FullPene_Shoes,Full Penetration Shadow Shoes,ShadowGear
24665,S_FullTemp_Earring,Full Tempest Shadow Earring,ShadowGear
24666,S_FullTemp_Shoes,Full Tempest Shadow Shoes,ShadowGear
24667,S_FullTemp_Armor,Full Tempest Shadow Armor,ShadowGear
24668,S_FullTemp_Pendant,Full Tempest Shadow Pendant,ShadowGear
24669,S_Mammoth_Armor,Mammoth Shadow Armor,ShadowGear
24670,S_Mammoth_Shoes,Mammoth Shadow Shoes,ShadowGear
24671,S_Mammoth_Pendant,Mammoth Shadow Pendant,ShadowGear
24672,S_Mammoth_Earring,Mammoth Shadow Earring,ShadowGear
24673,S_Mammoth_Weapon,Mammoth Shadow Weapon,ShadowGear
24674,S_Mammoth_Shield,Mammoth Shadow Shield,ShadowGear
24675,S_TrueGem_Armor,True Gemstone Shadow Armor,ShadowGear
24676,S_TrueGem_Shoes,True Gemstone Shadow Shoes,ShadowGear
24677,S_TrueGem_Earring,True Gemstone Shadow Earring,ShadowGear
24678,S_TrueGem_Pendant,True Gemstone Shadow Pendant,ShadowGear
24679,S_M_Mammoth_Armor,Maximum Mammoth Shadow Armor,ShadowGear
24680,S_M_Mammoth_Shoes,Maximum Mammoth Shadow Shoes,ShadowGear
24681,S_M_Mammoth_Earring,Maximum Mammoth Shadow Earring,ShadowGear
24682,S_M_Mammoth_Pendant,Maximum Mammoth Shadow Pendant,ShadowGear
24683,S_EXP_Shield,Experience Shadow Shield,ShadowGear
24684,S_SNV_Weapon,Super Novice Booster Shadow Weapon,ShadowGear
24685,S_Absorb_Shield,Absorb Shadow Shield,ShadowGear
24686,S_Absorb_Weapon,Absorb Shadow Weapon,ShadowGear
24687,S_1Para_Weapon,Paradise Shadow Weapon,Shadowgear
24688,S_1Para_Shield,Paradise Shadow Shield,Shadowgear
24689,S_1Para_Armor,Paradise Shadow Armor,Shadowgear
24690,S_1Para_Shoes,Paradise Shadow Shoes,Shadowgear
24691,S_1Para_Earing,Paradise Shadow Earring,Shadowgear
24692,S_1Para_Pendant,Paradise Shadow Pendant,Shadowgear
24693,S_2Para_Shield,Advanced Paradise Shadow Shield,Shadowgear
24694,S_2Para_Armor,Advanced Paradise Shadow Armor,Shadowgear
24695,S_2Para_Shoes,Advanced Paradise Shadow Shoes,Shadowgear
24696,S_2Para_Earing,Advanced Paradise Shadow Earring,Shadowgear
24697,S_2Para_Pendant,Advanced Paradise Shadow Pendant,Shadowgear
24698,S_2Para_RK_Weapon,Rune Knight Advanced Paradise Shadow Weapon,Shadowgear
24699,S_2Para_LG_Weapon,Royal Guard Advanced Paradise Shadow Weapon,Shadowgear
24700,S_2Para_NC_Weapon,Mechanic Advanced Paradise Shadow Weapon,Shadowgear
24701,S_2Para_GN_Weapon,Genetic Advanced Paradise Shadow Weapon,Shadowgear
24702,S_2Para_GC_Weapon,Guillotine Cross Advanced Paradise Shadow Weapon,Shadowgear
24703,S_2Para_SC_Weapon,Shadow Chaser Advanced Paradise Shadow Weapon,Shadowgear
24704,S_2Para_WL_Weapon,Warlock Advanced Paradise Shadow Weapon,Shadowgear
24705,S_2Para_SO_Weapon,Sorcerer Advanced Paradise Shadow Weapon,Shadowgear
24706,S_2Para_AB_Weapon,Arch Bishop Advanced Paradise Shadow Weapon,Shadowgear
24707,S_2Para_SR_Weapon,Sura Advanced Paradise Shadow Weapon,Shadowgear
24708,S_2Para_RA_Weapon,Ranger Advanced Paradise Shadow Weapon,Shadowgear
24709,S_2Para_WM_Weapon,Minstrel & Wanderer Adva,Shadowgear
24710,S_2Para_KO_Weapon,Kagerou & Oboro Advanced Paradise Shadow Weapon,Shadowgear
24711,S_2Para_RL_Weapon,Rebellion Advanced Paradise Shadow Weapon,Shadowgear
24712,S_2Para_SJ_Weapon,Star Emperor Advanced Paradise Shadow Weapon,Shadowgear
24713,S_2Para_SP_Weapon,Soul Reaper Advanced Paradise Shadow Weapon,Shadowgear
24714,S_2Para_SU_Weapon,Doram Advanced Paradise Shadow Weapon,Shadowgear
24715,S_2Para_NV_Weapon,Super Novice Advanced Paradise Shadow Weapon,Shadowgear
24722,S_AutoSpell_Shield,Auto Spell Shadow Shield,ShadowGear
24723,S_AutoSpell_Armor,Auto Spell Shadow Armor,ShadowGear
24724,S_AutoSpell_Shoes,Auto Spell Shadow Shoes,ShadowGear
24725,S_AutoSpell_Weapon,Auto Spell Shadow Weapon,ShadowGear
24726,S_AutoSpell_Pendant,Auto Spell Shadow Pendant,ShadowGear
24727,S_AutoSpell_Earring,Auto Spell Shadow Earring,ShadowGear
24728,S_M_AutoSpell_Armor,Major Auto Spell Shadow Armor,ShadowGear
24729,S_M_AutoSpell_Shoes,Major Auto Spell Shadow Shoes,ShadowGear
24730,S_M_AutoSpell_Earring,Major Auto Spell Shadow Earring,ShadowGear
24731,S_M_AutoSpell_Pendant,Major Auto Spell Shadow Pendant,ShadowGear
24732,S_Hasty_Shield,Hasty Shadow Shield,ShadowGear
24733,S_Infinity_Shield,Infinity Shadow Shield,ShadowGear
24734,S_Durable_Weapon,Durable Weapon Shadow,ShadowGear
24735,S_Durable_Shield,Durable Shield Shadow,ShadowGear
24736,S_Clever_Weapon,Clever Weapon Shadow,ShadowGear
24737,S_Clever_Shield,Clever Shield Shadow,ShadowGear
24738,S_CriticalHit_Weapon,Critical Hit Weapon Shadow,ShadowGear
24739,S_SU_Weapon,Summoner Booster Shadow Weapon,ShadowGear
24740,S_SJ_Weapon,Star Emperor Booster Shadow Weapon,ShadowGear
24741,S_KO_Weapon,Kagerou & Oboro Booster Shadow Weapon,ShadowGear
24742,S_RL_Weapon,Rebellion Booster Shadow Weapon,ShadowGear
24743,S_SP_Weapon,Soul Reaper Booster Shadow Weapon,ShadowGear
24744,S_NV_Weapon,Super Novice Booster Shadow Weapon,ShadowGear
24745,S_KingbirdAnc_Weapon,Kingbird Ancient Shadow Weapon,ShadowGear
24746,S_S_Reload_Shield,Separate Reload Shadow Shield,ShadowGear
24747,S_SpellCaster_Armor,Spell Caster Shadow Armor,ShadowGear
24748,S_SpellCaster_Shoes,Spell Caster Shadow Shoes,ShadowGear
24749,S_SpellCaster_Earring,Spell Caster Shadow Earring,ShadowGear
24750,S_SpellCaster_Pendant,Spell Caster Shadow Pendant,ShadowGear
24751,S_P_Power_Weapon,Physical Power Shadow Weapon,ShadowGear
24752,S_P_Power_Shield,Physical Power Shadow Shield,ShadowGear
24753,S_M_Spell_Weapon,Magical Spell Shadow Weapon,ShadowGear
24754,S_M_Spell_Shield,Magical Spell Shadow Shield,ShadowGear
24755,S_Concentration_Weapon,Concentration Shadow Weapon,ShadowGear
24756,S_Concentration_Shield,Concentration Shadow Shield,ShadowGear
24757,S_Wisdom_Weapon,Wisdom Shadow Weapon,ShadowGear
24758,S_Wisdom_Shield,Wisdom Shadow Shield,ShadowGear
24759,S_Stamina_Weapon,Stamina Shadow Weapon,ShadowGear
24760,S_Stamina_Shield,Stamina Shadow Shield,ShadowGear
24761,S_Creative_Weapon,Creative Shadow Weapon,ShadowGear
24762,S_Creative_Shield,Creative Shadow Shield,ShadowGear
24763,S_R_Bearers_Shoes,Lord Bearer's Shadow Shoes,ShadowGear
24764,S_R_Bearers_Armor,Lord Bearer's Shadow Armor,ShadowGear
24765,S_R_Bearers_Pendant,Lord Bearer's Shadow Pendant,ShadowGear
24766,S_R_Bearers_Earring,Lord Bearer's Shadow Earring,ShadowGear
24767,S_Mega_Blitz_Shield,Mega Blitz Shadow Shield,ShadowGear
24768,S_Mega_Blitz_Weapon,Mega Blitz Shadow Weapon,ShadowGear
24770,S_EXP_Weapon,Experience Shadow Weapon,ShadowGear
24778,1LvArmorS,1Lv Shadow Armor,ShadowGear
24779,1LvWeaponS,1Lv Shadow Weapon,ShadowGear
24780,1LvShieldS,1Lv Shadow Shield,ShadowGear
24781,1LvShoesS,1Lv Shadow Shoes,ShadowGear
24782,1LvEarringS,1Lv Shadow Earring,ShadowGear
24783,1LvPendantS,1Lv Shadow Pendant,ShadowGear
24792,S_Master_Weapon,Master Shadow Weapon,ShadowGear
24793,S_Master_Shield,Master Shadow Shield,ShadowGear
24800,S_DK_Armor,M. Dragon Knight Shadow Armor,ShadowGear
24801,S_DK_Shoes,M. Dragon Knight Shadow Shoes,ShadowGear
24802,S_DK_Earring,M. Dragon Knight Shadow Earring,ShadowGear
24803,S_DK_Pendant,M. Dragon Knight Shadow Pendant,ShadowGear
24804,S_IG_Armor,M. Imperial Guard Shadow Armor,ShadowGear
24805,S_IG_Shoes,M. Imperial Guard Shadow Shoes,ShadowGear
24806,S_IG_Earring,M. Imperial Guard Shadow Earring,ShadowGear
24807,S_IG_Pendant,M. Imperial Guard Shadow Pendant,ShadowGear
24808,S_SHC_Armor,M. Shadow Cross Shadow Armor,ShadowGear
24809,S_SHC_Shoes,M. Shadow Cross Shadow Shoes,ShadowGear
24810,S_SHC_Earring,M. Shadow Cross Shadow Earring,ShadowGear
24811,S_SHC_Pendant,M. Shadow Cross Shadow Pendant,ShadowGear
24812,S_ABC_Armor,M. Abyss Chaser Shadow Armor,ShadowGear
24813,S_ABC_Shoes,M. Abyss Chaser Shadow Shoes,ShadowGear
24814,S_ABC_Earring,M. Abyss Chaser Shadow Earring,ShadowGear
24815,S_ABC_Pendant,M. Abyss Chaser Shadow Pendant,ShadowGear
24816,S_CD_Armor,M. Cardinal Shadow Armor,ShadowGear
24817,S_CD_Shoes,M. Cardinal Shadow Shoes,ShadowGear
24818,S_CD_Earring,M. Cardinal Shadow Earring,ShadowGear
24819,S_CD_Pendant,M. Cardinal Shadow Pendant,ShadowGear
24820,S_IQ_Armor,M. Inquisitor Shadow Armor,ShadowGear
24821,S_IQ_Shoes,M. Inquisitor Shadow Shoes,ShadowGear
24822,S_IQ_Earring,M. Inquisitor Shadow Earring,ShadowGear
24823,S_IQ_Pendant,M. Inquisitor Shadow Pendant,ShadowGear
24824,S_MT_Armor,M. Meister Shadow Armor,ShadowGear
24825,S_MT_Shoes,M. Meister Shadow Shoes,ShadowGear
24826,S_MT_Earring,M. Meister Shadow Earring,ShadowGear
24827,S_MT_Pendant,M. Meister Shadow Pendant,ShadowGear
24828,S_BO_Armor,M. Biolo Shadow Armor,ShadowGear
24829,S_BO_Shoes,M. Biolo Shadow Shoes,ShadowGear
24830,S_BO_Earring,M. Biolo Shadow Earring,ShadowGear
24831,S_BO_Pendant,M. Biolo Shadow Pendant,ShadowGear
24832,S_WH_Armor,M. Windhawk Shadow Armor,ShadowGear
24833,S_WH_Shoes,M. Windhawk Shadow Shoes,ShadowGear
24834,S_WH_Earring,M. Windhawk Shadow Earring,ShadowGear
24835,S_WH_Pendant,M. Windhawk Shadow Pendant,ShadowGear
24836,S_TR_Armor,M. Troubadour & Trouvere Shadow Armor,ShadowGear
24837,S_TR_Shoes,M. Troubadour & Trouvere Shadow Shoes,ShadowGear
24838,S_TR_Earring,M. Troubadour & Trouvere Shadow Earring,ShadowGear
24839,S_TR_Pendant,M. Troubadour & Trouvere Shadow Pendant,ShadowGear
24840,S_AG_Armor,M. Arch Mage Shadow Armor,ShadowGear
24841,S_AG_Shoes,M. Arch Mage Shadow Shoes,ShadowGear
24842,S_AG_Earring,M. Arch Mage Shadow Earring,ShadowGear
24843,S_AG_Pendant,M. Arch Mage Shadow Pendant,ShadowGear
24844,S_EM_Armor,M. Elemental Master Shadow Armor,ShadowGear
24845,S_EM_Shoes,M. Elemental Master Shadow Shoes,ShadowGear
24846,S_EM_Earring,M. Elemental Master Shadow Earring,ShadowGear
24847,S_EM_Pendant,M. Elemental Master Shadow Pendant,ShadowGear
24848,S_NW_Armor,M. Night Watch Shadow Armor,ShadowGear
24849,S_NW_Shoes,M. Night Watch Shadow Shoes,ShadowGear
24850,S_NW_Earring,M. Night Watch Shadow Earring,ShadowGear
24851,S_NW_Pendant,M. Night Watch Shadow Pendant,ShadowGear
24852,S_SH_Armor,M. Spirit Handler Shadow Armor,ShadowGear
24853,S_SH_Shoes,M. Spirit Handler Shadow Shoes,ShadowGear
24854,S_SH_Earring,M. Spirit Handler Shadow Earring,ShadowGear
24855,S_SH_Pendant,M. Spirit Handler Shadow Pendant,ShadowGear
24856,S_SS_Armor,M. Shinkiro & Shiranui Shadow Armor,ShadowGear
24857,S_SS_Shoes,M. Shinkiro & Shiranui Shadow Shoes,ShadowGear
24858,S_SS_Earring,M. Shinkiro & Shiranui Shadow Earring,ShadowGear
24859,S_SS_Pendant,M. Shinkiro & Shiranui Shadow Pendant,ShadowGear
24860,S_SKE_Armor,M. Sky Emperor Shadow Armor,ShadowGear
24861,S_SKE_Shoes,M. Sky Emperor Shadow Shoes,ShadowGear
24862,S_SKE_Earring,M. Sky Emperor Shadow Earring,ShadowGear
24863,S_SKE_Pendant,M. Sky Emperor Shadow Pendant,ShadowGear
24864,S_SOA_Armor,M. Soul Ascetic Shadow Armor,ShadowGear
24865,S_SOA_Shoes,M. Soul Ascetic Shadow Shoes,ShadowGear
24866,S_SOA_Earring,M. Soul Ascetic Shadow Earring,ShadowGear
24867,S_SOA_Pendant,M. Soul Ascetic Shadow Pendant,ShadowGear
24868,S_HN_Armor,M. Hyper Novice Shadow Armor,ShadowGear
24869,S_HN_Shoes,M. Hyper Novice Shadow Shoes,ShadowGear
24870,S_HN_Earring,M. Hyper Novice Shadow Earring,ShadowGear
24871,S_HN_Pendant,M. Hyper Novice Shadow Pendant,ShadowGear
24872,S_Full_Power_Armor,Full Power Shadow Armor,ShadowGear
24873,S_Full_Power_Shoes,Full Power Shadow Shoes,ShadowGear
24874,S_Full_Rate_Armor,Full Rate Shadow Armor,ShadowGear
24875,S_Full_Rate_Shoes,Full Rate Shadow Shoes,ShadowGear
24876,S_Focusing_Pendant,Focusing Shadow Pendant,ShadowGear
24877,S_Focusing_Earring,Focusing Shadow Earring,ShadowGear
24878,S_Stout_Pendant,Stout Shadow Pendant,ShadowGear
24879,S_Stout_Earring,Stout Shadow Earring,ShadowGear
24883,S_Full_Spell_Armor,Full Spell Shadow Armor,ShadowGear
24884,S_Full_Spell_Shoes,Full Spell Shadow Shoes,ShadowGear
24885,S_Centering_Pendant,Centering Shadow Pendant,ShadowGear
24886,S_Centering_Earring,Centering Shadow Earring,ShadowGear
24887,S_Witty_Pendant,Witty Shadow Pendant,ShadowGear
24888,S_Witty_Earring,Witty Shadow Earring,ShadowGear
24906,S_SHC_EC_Earring,Eternal Cross Shadow Earring,ShadowGear
24907,S_SHC_EC_Pendant,Eternal Cross Shadow Pendant,ShadowGear
24908,S_SHC_SI_Armor,Savage Shadow Armor,ShadowGear
24909,S_SHC_SI_Shoes,Savage Shadow Shoes,ShadowGear
24910,S_WH_GS_Earring,Gale Shadow Earring,ShadowGear
24911,S_WH_GS_Pendant,Gale Shadow Pendant,ShadowGear
24912,S_WH_CB_Armor,Crescive Shadow Armor,ShadowGear
24913,S_WH_CB_Shoes,Crescive Shadow Shoes,ShadowGear
24914,S_SS_SR_Earring,Red Thunder Cannon Shadow Earring,ShadowGear
24915,S_SS_SR_Pendant,Red Thunder Cannon Shadow Pendant,ShadowGear
24916,S_SS_KR_Armor,Golden Blooded Cannon Shadow Armor,ShadowGear
24917,S_SS_KR_Shoes,Golden Blooded Cannon Shadow Shoes,ShadowGear
24918,S_DK_SS_Earring,Storm Servant Shadow Earring,ShadowGear
24919,S_DK_SS_Pendant,Storm Servant Shadow Pendant,ShadowGear
24920,S_DK_HS_Armor,Hack Slasher Shadow Armor,ShadowGear
24921,S_DK_HS_Shoes,Hack Slasher Shadow Shoes,ShadowGear
24922,S_TR_RW_Earring,Rhythmical Shadow Earring,ShadowGear
24923,S_TR_RW_Pendant,Rhythmical Shadow Pendant,ShadowGear
24924,S_TR_MF_Armor,Metallic Fury Shadow Armor,ShadowGear
24925,S_TR_MF_Shoes,Metallic Fury Shadow Shoes,ShadowGear
24926,S_NW_SO_Earring,Spiral One Shadow Earring,ShadowGear
24927,S_NW_SO_Pendant,Spiral One Shadow Pendant,ShadowGear
24928,S_NW_WB_Armor,Wild Bullet Shadow Armor,ShadowGear
24929,S_NW_WB_Shoes,Wild Bullet Shadow Shoes,ShadowGear
24936,S_MT_MS_Earring,Mighty Stomp Shadow Earring,ShadowGear
24937,S_MT_MS_Pendant,Mighty Stomp Shadow Pendant,ShadowGear
24938,S_MT_PR_Armor,Powerful Rush Shadow Armor,ShadowGear
24939,S_MT_PR_Shoes,Powerful Rush Shadow Shoes,ShadowGear
24940,S_BO_EP_Earring,Explosive Shadow Earring,ShadowGear
24941,S_BO_EP_Pendant,Explosive Shadow Pendant,ShadowGear
24942,S_BO_MD_Armor,Mystery Dust Shadow Armor,ShadowGear
24943,S_BO_MD_Shoes,Mystery Dust Shadow Shoes,ShadowGear
24944,S_HN_VJ_Earring,Vulcan Jack Shadow Earring,ShadowGear
24945,S_HN_VJ_Pendant,Vulcan Jack Shadow Pendant,ShadowGear
24946,S_HN_TB_Armor,Thunder Buster Shadow Armor,ShadowGear
24947,S_HN_TB_Shoes,Thunder Buster Cannon Shadow Shoes,ShadowGear
24948,S_IG_OC_Earring,Over Cross Shadow Earring,ShadowGear
24949,S_IG_OC_Pendant,Over Cross Shadow Pendant,ShadowGear
24950,S_IG_RF_Armor,Rain Pressure Shadow Armor,ShadowGear
24951,S_IG_RF_Shoes,Rain Pressure Shadow Shoes,ShadowGear
24952,S_IQ_EB_Earring,Explosion Shadow Earring,ShadowGear
24953,S_IQ_EB_Pendant,Explosion Shadow Pendant,ShadowGear
24954,S_IQ_BFB_Armor,Blazing Flame Blast Shadow Armor,ShadowGear
24955,S_IQ_BFB_Shoes,Blazing Flame Blast Shadow Shoes,ShadowGear
24956,S_SU_CS_Earring,Chulho Claw Shadow Earring,ShadowGear
24957,S_SU_CS_Pendant,Chulho Claw Shadow Pendant,ShadowGear
24958,S_SU_HB_Armor,Hogogong Battering Shadow Armor,ShadowGear
24959,S_SU_HB_Shoes,Hogogong Battering Shadow Shoes,ShadowGear
24967,S_CD_AR_Earring,Arbit Shadow Earring,ShadowGear
24968,S_CD_AR_Pendant,Arbit Shadow Pendant,ShadowGear
24969,S_CD_DF_Armor,Divinus Shadow Armor,ShadowGear
24970,S_CD_DF_Shoes,Divinus Shadow Shoes,ShadowGear
24971,S_AG_FB_Earring,Flare Bloom Shadow Earring,ShadowGear
24972,S_AG_FB_Pendant,Flare Bloom Shadow Pendant,ShadowGear
24973,S_AG_SH_Armor,Storm Hurricane Shadow Armor,ShadowGear
24974,S_AG_SH_Shoes,Storm Hurricane Shadow Shoes,ShadowGear
24975,S_SKE_NS_Earring,Noon Sun Shadow Earring,ShadowGear
24976,S_SKE_NS_Pendant,Noon Sun Shadow Pendant,ShadowGear
24977,S_SKE_SB_Armor,Sunset Blast Shadow Armor,ShadowGear
24978,S_SKE_SB_Shoes,Sunset Blast Shadow Shoes,ShadowGear
24979,S_EM_CO_Earring,Conflagrative Shadow Earring,ShadowGear
24980,S_EM_CO_Pendant,Conflagrative Shadow Pendant,ShadowGear
24981,S_EM_LS_Armor,Lightning Swamp Shadow Armor,ShadowGear
24982,S_EM_LS_Shoes,Lightning Swamp Shadow Shoes,ShadowGear
24983,S_ABC_AF_Earring,Abyss Flame Shadow Earring,ShadowGear
24984,S_ABC_AF_Pendant,Abyss Flame Shadow Pendant,ShadowGear
24985,S_ABC_FA_Armor,From Abyss Shadow Armor,ShadowGear
24986,S_ABC_FA_Shoes,From Abyss Shadow Shoes,ShadowGear
24987,S_SOA_TOWB_Earring,Talisman of White Black Shadow Earring,ShadowGear
24988,S_SOA_TOWB_Pendant,Talisman of White Black Shadow Pendant,ShadowGear
24989,S_SOA_TOFG_Armor,Four Bearing God Shadow Armor,ShadowGear
24990,S_SOA_TOFG_Shoes,Four Bearing God Shadow Shoes,ShadowGear
24993,S_Magical_M_Armor,Magical Master Shadow Armor,ShadowGear
24994,S_Magical_M_Shoes,Magical Master Shadow Shoes,ShadowGear
24995,S_Magical_M_Earring,Magical Master Shadow Earring,ShadowGear
24996,S_Magical_M_Pendant,Magical Master Shadow Pendant,ShadowGear
24997,S_Spell_M_Armor,Spell Master Shadow Armor,ShadowGear
24998,S_Spell_M_Shoes,Spell Master Shadow Shoes,ShadowGear
24999,S_Spell_M_Earring,Spell Master Shadow Earring,ShadowGear
26001,Toughen_Metal_Lance,Enhanced Metal Lance,Weapon
26004,Diva_Lance,Diva Lance,Weapon
26005,Mirage_Lance,Mirage Lance,Weapon
26006,Sinister_Lance_J,Lance of Evil,Weapon
26007,Spectral_Spear_IL,Illusion Spectral Spear,Weapon
26008,Neev_Glaive,Neev Glaive,Weapon
26015,Rebeginer_LG_Lance,Beginner Royal Guard's Lance,Weapon
26016,T_Lance_Of_Kingdom,Royal Knight's Lance,Weapon
26017,Local01_T_Spear,Earth Dragon Spear,Weapon
26018,Local02_T_Spear,Yinyang Spear,Weapon
26019,Woe_T_Lance1_Z,Lesser Guild Member's Lance,Weapon
26021,Variant_Lance,Abyss Lance,Weapon
26024,Ein_BHSPEAR,Block Lance,Weapon
26100,P_Foxtail2,Eden Group Foxtail Staff II,Weapon
26101,P_Foxtail3,Eden Group Foxtail Staff III,Weapon
26102,UnrivaledStaff,Unrivaled Staff,Weapon
26103,JP_Rod01_L,[Rental] Holy Stick,Weapon
26104,Blue_Staff,Blue Staff,Weapon
26105,Diva_Wand,Diva Wand,Weapon
26106,Mirage_Wand,Mirage Wand,Weapon
26107,Staff_Of_Elder,Elder Staff,Weapon
26108,Sinister_Rod_J,Rod of Evil,Weapon
26109,Staff_Of_Bordeaux_IL,Illusion Staff of Bordeaux,Weapon
26110,CandyCaneRod,Candy Cane Rod,Weapon
26111,Metal_Foxtail,Metal Foxtail,Weapon
26112,Probation_Foxtail,Trial Summoner's Foxtail,Weapon
26118,Shadow_Staff_K,Shadow Staff,Weapon
26119,Rebeginer_SO_Rod,Beginner Sorcerer's Staff,Weapon
26120,Rebeginer_DO_Rod,Beginner Summoner's Foxtail,Weapon
26138,Wand_Of_Flame,Hellfire Staff,Weapon
26139,Wand_Of_Ice,Icicle Staff,Weapon
26140,WitchsBroomStick,Witch's Broom,Weapon
26142,Local01_Wand,Earth Dragon Wand,Weapon
26143,Diva_Foxtail,Diva Foxtail,Weapon
26144,Mirage_Foxtail,Mirage Foxtail,Weapon
26145,Local02_Wand,Yinyang Wand,Weapon
26146,Woe_Healstaff1_Z,Lesser Guild Member's Healing Staff,Weapon
26147,Woe_Wand1_Z,Lesser Guild Member's Arc Wand,Weapon
26148,Owl_D_Stick,Owl.D Stick,Weapon
26149,Variant_Wand,Abyss Wand,Weapon
26150,Variant_Foxtail,Abyss Foxtail,Weapon
26151,Rutilus_Stick_OS,Rutilus Stick-OS,Weapon
26152,Staff_Of_Puffy_jp,Staff of Puffy,Weapon
26154,SoulWeight,Spirit Pendulum,Weapon
26155,MeawFoxtail,Meowmeow Foxtail,Weapon
26156,Evt_Shadow_Staff_K,Sealed Shadow Staff,Weapon
26158,Crimson_Rose_Stick,Crimson Rose Stick,Weapon
26159,Psychic_Spear_Rod,Psychic Spear Rod,Weapon
26160,Dust_Grave,Dust Grave,Weapon
26161,Ponitendtia,Penitentia,Weapon
26162,Ein_1HWAND,Welding Wand,Weapon
26163,Rainbow_Foxtail,Rainbow Foxtail,Weapon
26164,ElectricFox_OS,Electric Fox-OS,Weapon
26165,R_Cleric_Staff,Royal Cleric Staff,Weapon
26166,R_Magician_Wand,Royal Magician Wand,Weapon
26167,Aquarius_Staff_J,Aquarius Staff,Weapon
26168,Crimson_Rose_Stick_J,Crimson Rose Stick,Weapon
26169,Psychic_Spear_Rod_J,Psychic Spear Rod,Weapon
26170,Dust_Grave_J,Dust Grave,Weapon
26171,Ponitendtia_J,Ponitendtia,Weapon
26172,R_Foxtail_rod,Royal Foxtail,Weapon
26175,Chromium_Staff_EXE,Chromium Staff,Weapon
26176,Karlite_Staff_EXE,Karlite Staff,Weapon
26177,Wizards_Memory,Wizard's Memory,Weapon
26178,Comp_Shadow_Staff_K,[Not For Sale] Shadow Staff,Weapon
26200,Hippie_Rope,Hippie Rope,Weapon
26201,Diva_Blade_Whip,Diva Blade Whip,Weapon
26202,Mirage_Blade_Whip,Mirage Blade Whip,Weapon
26203,Sinister_Wire_J,Wire of Evil,Weapon
26204,Hippie_Rope_J,Hippie Rope,Weapon
26207,Local01_Book,Earth Dragon Book,Weapon
26208,Local01_Whip,Earth Dragon Whip,Weapon
26209,Local02_Whip,Yinyang Whip,Weapon
26210,Woe_Whip1_Z,Lesser Guild Member's Lariat,Weapon
26212,Heart_Whip,Heart Whip,Weapon
26213,Scarlet_Ribbon,Scarlet Ribbon,Weapon
26215,Ein_1HWHIP,Safety Whip,Weapon
26216,R_Wheep,Royal Whip,Weapon
26217,Heart_Whip_J,Heart Whip,Weapon
26218,Scarlet_Ribbon_J,Scarlet Ribbon,Weapon
26221,Dark_Illu_Whips_TH,Dark Illusion Whip,Weapon
28000,Thanos_Katar,Thanos Katar,Weapon
28001,Katar_Of_Evil_Slayer,Evil Slayer Ripper Katar,Weapon
28002,Half_BF_Katar2,Half BF Katar2,Weapon
28005,Ru_Blue_Katar,Blue Katar,Weapon
28006,Ru_Gold_Katar,Ru Gold Katar,Weapon
28007,Scarlet_Katar,Crimson Katar,Weapon
28008,Sinister_Katar,Vicious Mind Katar,Weapon
28010,Katar_170,Juliette D. Rachel,Weapon
28011,Union_Katar,Unity Katar,Weapon
28014,Kings_Double_Edge,Old King's Double Edge,Weapon
28015,Toughen_Metal_Katar,Enhanced Metal Katar,Weapon
28018,Diva_Katar,Diva Katar,Weapon
28019,Mirage_Katar,Mirage Katar,Weapon
28020,Sinister_Katar_J,Katar of Evil,Weapon
28022,Infiltrator_IL,Illusion Infiltrator,Weapon
28023,Ghoul_Leg_IL,Illusion Sharpened Legbone of Ghoul,Weapon
28024,Probation_Katar,Trial Guillotine Cross's Katar,Weapon
28026,Neev_Various_Jur,Neev Katar,Weapon
28027,Rebeginer_GC_Katar,Beginner Guillotine Cross's Katar,Weapon
28034,Local01_Katar,Earth Dragon Katar,Weapon
28035,Local02_Katar,Yinyang Katar,Weapon
28036,Woe_Katar1_Z,Lesser Guild Member's Jamadhar,Weapon
28037,Variant_Katar,Abyss Katar,Weapon
28038,Meuchler_OS,Meuchler-OS,Weapon
28039,Shiver_Katar_K,Katar of Shiver,Weapon
28040,Evt_Shiver_Katar_K,Sealed Katar of Shiver,Weapon
28042,Reaper_Cross,Ripper Cross,Weapon
28044,Agudo_Filo,Agudo Filo,Weapon
28045,Ein_BHKATAR,Bolt Crusher,Weapon
28046,R_Katar,Royal Katar,Weapon
28047,Scorpio_Katar_J,Scorpio Katar,Weapon
28048,Reaper_Cross_J,Ripper Cross,Weapon
28049,Agudo_Filo_J,Agate Filo,Weapon
28053,Comp_Shiver_Katar_K_TH,[Not For Sale] Katar of Shiver,Weapon
28100,Thanos_Axe,Thanos Axe,Weapon
28101,Tornado_Axe,Tornado Axe,Weapon
28102,Half_BF_Two_Handed_Axe1,Half BF Two Handed Axe1,Weapon
28103,Ru_Blue_Axe_M,Blue Twohand Axe,Weapon
28104,Ru_Gold_Axe_M,Ru Gold Axe M,Weapon
28105,Axe_Of_Infinite,Infinity Axe,Weapon
28106,Scarlet_Twohand_Axe,Crimson Two-Handed Axe,Weapon
28107,Sinister_Twohand_Axe,Vicious Mind Two-Handed Axe,Weapon
28110,Union_Twohand_Axe,Unity Two-Handed Axe,Weapon
28113,Toughen_Metal_THand_Axe,Enhanced Metal Two-Handed Axe,Weapon
28114,Veteran_Axe_,Veteran Axe,Weapon
28116,Mine_Worker_Pickax,Mine Worker's Pickaxe,Weapon
28117,Diva_Twohand_Axe,Diva Twohand Axe,Weapon
28118,Mirage_Twohand_Axe,Mirage Twohand Axe,Weapon
28119,Sinister_Twohand_Axe_J,Two-Handed Axe of Evil,Weapon
28120,Probation_TH_Axe,Trial Mechanic's Two-Handed Axe,Weapon
28121,Neev_Guillotine,Neev Guillotine,Weapon
28122,Neev_Buster,Neev Buster,Weapon
28127,Mine_Worker_Pickax_J,Mine Worker's Pickaxe,Weapon
28130,Avenger,Avenger,Weapon
28131,Local01_T_Axe,Earth Dragon Axe,Weapon
28132,Local02_T_Axe,Yinyang Axe,Weapon
28133,Woe_Twohand_Axe1_Z,Lesser Guild Member's Two-Handed Axe,Weapon
28135,Variant_Twohand_Axe,Abyss Two Hand Axe,Weapon
28136,Blasti_OS,Blasti-OS,Weapon
28137,Evt_Avenger,Sealed Avenger,Weapon
28138,Maxi_Spanner,Maxi Spanner,Weapon
28140,Ein_BHAXE,Saw Axe,Weapon
28141,G_Knight_BattleAxe,Guardian Knight Battle Axe,Weapon
28142,Maxi_Spanner_J,Maxi Spanner,Weapon
28144,5LvBattle_Axe,Level 5 Two-Handed Axe,Weapon
28145,Sky_Rush_Axe,Sky Rush Axe,Weapon
28200,END_OF_HORIZON,End Of The Horizon,Weapon
28201,Southern_Cross_R,Southern Cross,Weapon
28202,Southern_Cross_R_,Southern Cross,Weapon
28203,Half_BF_Rifle1,Half BF Rifle1,Weapon
28204,Half_BF_Shotgun1,Half BF Shotgun1,Weapon
28214,EXODUS_JOKER_XIII,Exodus Joker XIII,Weapon
28215,Probation_Rifle,Trial Rebel's Rifle,Weapon
28216,Probation_Gatling_Gun,Trial Rebel's Gatling Gun,Weapon
28217,Probation_Launcher,Trial Rebel's Grenade Launcher,Weapon
28218,Probation_Shotgun,Trial Rebel's Shotgun,Weapon
28223,Just_Finish,Finisher,Weapon
28224,Dust_Fire,Dustfire,Weapon
28225,Burning_Rose,Burning Rose,Weapon
28226,Revenger,Avenger,Weapon
28227,Diva_Rifle,Diva Rifle,Weapon
28228,Mirage_Rifle,Mirage Rifle,Weapon
28229,Diva_Gatling_Gun,Diva Gatling Gun,Weapon
28230,Mirage_Gatling_Gun,Mirage Gatling Gun,Weapon
28231,Diva_Launcher,Diva Launcher,Weapon
28232,Mirage_Launcher,Mirage Launcher,Weapon
28233,Diva_Shotgun,Diva Shotgun,Weapon
28234,Mirage_Shotgun,Mirage Shotgun,Weapon
28235,Neev_Rifle,Neev Rifle,Weapon
28236,Calf_Kingcobra_J,Metal Kingcobra,Weapon
28237,Calf_Diamondback_J,Metal Diamondback,Weapon
28238,Calf_Anaconda_J,Metal Anaconda,Weapon
28239,Calf_Python_J,Metal Python,Weapon
28240,Calf_Kingcobra,Calf Kingcobra,Weapon
28241,Calf_Diamondback,Calf Diamondback,Weapon
28242,Calf_Anaconda,Calf Anaconda,Weapon
28243,Calf_Python,Calf Python,Weapon
28244,Gate_KeeperDD_IL,Illusion Gate Keeper DD,Weapon
28249,Variant_Rifle,Abyss Rifle,Weapon
28250,Variant_Gatling_Gun,Abyss Gatling Gun,Weapon
28251,Variant_Shotgun,Abyss Shotgun,Weapon
28252,Variant_Launcher,Abyss Grenade Gun,Weapon
28253,HR_S55_OS,HR-S55-OS,Weapon
28254,Butcher_IL,Illusion Butcher,Weapon
28255,Master_Soul_Rifle,Master Soul Rifle,Weapon
28256,Demon_S_Shot,Demon Slayer Shot,Weapon
28257,Golden_L_Launcher,Golden Lord Launcher,Weapon
28258,The_Black_Gatling,The Black,Weapon
28261,Comp_Demon_S_Shot,[Not For Sale] Demon Slayer Shot,Weapon
28300,Kotone_Of_Ninja,Shinobi Short Sword,Armor
28301,Ball_Of_Huuma,Fuma's Jewel,Armor
28302,Vesper_Core01_,Vesper Core 01,Armor
28303,Vesper_Core02_,Vesper Core 02,Armor
28304,Vesper_Core03_,Vesper Core 03,Armor
28305,Vesper_Core04_,Vesper Core 04,Armor
28306,Bless_Of_Moon,Luna's Blessing,Armor
28310,Earring_Of_Sarah_L,Sarah's Left Earring,Armor
28311,Earring_Of_Sarah_R,Sarah's Right Earring,Armor
28312,Platinum_Ring,Platinum Ring,Armor
28313,Operation_Glove,Operation Glove,Armor
28314,Hand_Of_Glory,Glorious Hand,Armor
28315,RCC2013_ARMLET,RCC2013 Commemorative Bracelet,Armor
28316,RCC2013_ARMLET_,RCC2013 Commemorative Bracelet,Armor
28317,RCC2013_RING,RCC2013 Commemorative Ring,Armor
28318,RCC2013_RING_,RCC2013 Commemorative Ring,Armor
28319,Cauda_Daemonica,Cauda Daemonica,Armor
28320,Assassin_Acc,Assassin's Despair,Armor
28321,Falconer_Claw,Falconer Claw,Armor
28322,Falconer_Glove,Falconer Glove,Armor
28323,Exorcist_Gloves,Divine Gloves,Armor
28324,Steam_Starter_Ring,Steam Starter Ring,Armor
28326,Broken_Chip_1,Broken Chips 01,Armor
28327,Broken_Chip_2,Broken Chips 02,Armor
28332,Jewel_Ring,Jewerly Ring,Armor
28333,Gold_PC_Ring,Gold PC Room Ring,Armor
28340,A_Drop_Of_Heal,Recovery Drop,Armor
28341,Sachet,Dragon Boat Festival Sachet,Armor
28342,Critical_Anklet,Critical Anklet,Armor
28346,Star_Egg_Badge,Star Egg Badge,Armor
28347,Icarus_Wing_S,Icarus Wings,Armor
28348,Bowman_Scarf_S,Bowman Scarf,Armor
28349,Cursed_Star_S,Cursed Star,Armor
28350,Shinobi's_Sash_S,Shinobi Sash,Armor
28351,Whike_Black_Tail_S,Whike Black Tail,Armor
28352,VesperGear1,Vesper Gear 01,Armor
28353,VesperGear2,Vesper Gear 02,Armor
28354,DowntownMap_,City Map,Armor
28355,ShiningHolyWater_,Shining Holy Water,Armor
28356,BadgeOfProntera_,Prontera Badge,Armor
28357,VesperGear3,Vesper Gear 03,Armor
28358,Cursed_Lucky_Clover,Cursed Lucky Clover,Armor
28359,VesperGear4,Vesper Gear 04,Armor
28368,Supplement_Part_Dex_J,Powered Arm,Armor
28369,Upgrade_Part_Gun_B_J,Guardian Barrel,Armor
28370,Broken_Chip_1_J,Broken Chip (Green),Armor
28371,Broken_Chip_2_J,Broken Chip (Red),Armor
28372,Imperial_Ring,Imperial Ring,Armor
28374,Foxtail_Ring,Foxtail Ring,Armor
28377,Magical_Ring,Magical Ring,Armor
28379,Shadow_Ring,Shadow Ring,Armor
28380,Fresh_G_Necklace,Fresh Grass Necklace,Armor
28381,Pretty_G_Necklace,Cute Grass Necklace,Armor
28382,Charm_G_Necklace,Charm Grass Necklace,Armor
28386,Fallen_Monk_Rosary,Fallen Monk Rosary,Armor
28387,Bishop_Necklace,Bishop Necklace,Armor
28388,Bloody_Iron_Ball_,Bloodied Shackle Ball,Armor
28391,S_Thief_earring,Thief Shadow Earring,Shadowgear
28392,S_Archer_earring,Archer Shadow Earring,Shadowgear
28394,King_of_Spirit_Ring,Spirit King's Ring,Armor
28410,Sapphire_Wrist,Sapphire Wrist,Armor
28411,Emerald_Earring,Emerald Earrings,Armor
28412,The_One_Apple_Ring,Green Apple Ring,Armor
28413,LowSaurelCharm,Lesser Mackerel Talisman,Armor
28414,MiddleSaurelCharm,Intermediate Mackerel Talisman,Armor
28415,HigherSaurelCharm,Greater Mackerel Talisman,Armor
28416,LowLeafCharm,Lesser Leaf Talisman,Armor
28417,MiddleLeafCharm,Intermediate Leaf Talisman,Armor
28418,HigherLeafCharm,Greater Leaf Talisman,Armor
28419,LowRabbitCharm,Lesser Rabbit Talisman,Armor
28420,MiddleRabbitCharm,Intermediate Rabbit Talisman,Armor
28421,HigherRabbitCharm,Greater Rabbit Talisman,Armor
28422,ShiningTwigCharm,Shiny Branch Talisman,Armor
28423,FreshTunaCharm,Fresh Tuna Talisman,Armor
28424,PlumpyWormCharm,Chubby Worm Talisman,Armor
28425,Mercenary_Ring_A,Mercenary Ring Type A,Armor
28426,Mercenary_Ring_B,Mercenary Ring Type B,Armor
28427,Blue_4leaf_Necklace,Blue Clover Necklace,Armor
28428,4SeasonsClover,Four Seasons Clover Necklace,Armor
28429,Arquien's_Necklace,Arquien's Necklace,Armor
28430,Archpriest_Ring,Arch Bishop Ring,Armor
28431,Sprint_Ring_,Sprint Ring,Armor
28432,Spiritual_Ring_,Spiritual Ring,Armor
28433,Luminous_Blue_Stone,Luminous Blue Stone,Armor
28434,Boxer_Glove,Boxing Gloves,Armor
28435,Secret_Scroll_Of_Ninja,Shinobi Secret Scroll,Armor
28436,Elvira_Pendant,Elvira Pendant,Armor
28437,ArchPriest_Glove,Hibram's Gloves,Armor
28438,Fairy_Leaf_Powder,Fairy Leaf Powder,Armor
28439,SeeOtter_Fan,Sea Otter Mini Fan,Armor
28440,FurSeal_Fan,Seal Mini Fan,Armor
28441,Vigilante_Bedge,Vigilante Badge,Armor
28442,Hippie_Feather,Hippie Feather,Armor
28443,Para_Team_Ring100A,Awakened Eden Group Ring of Strength I,Armor
28444,Para_Team_Necklace100A,Awakened Eden Group Necklace of Strength I,Armor
28445,Para_Team_Ring115A,Awakened Eden Group Ring of Strength II,Armor
28446,Para_Team_Necklace115A,Awakened Eden Group Necklace of Strength II,Armor
28447,Para_Team_Ring130A,Awakened Eden Group Ring of Strength III,Armor
28448,Para_Team_Necklace130A,Awakened Eden Group Necklace of Strength III,Armor
28449,Para_Team_Ring145A,Awakened Eden Group Ring of Strength IV,Armor
28450,Para_Team_Necklace145A,Awakened Eden Group Necklace of Strength IV,Armor
28451,Para_Team_Ring160A,Awakened Eden Group Ring of Strength V,Armor
28452,Para_Team_Necklace160A,Awakened Eden Group Necklace of Strength V,Armor
28453,Para_Team_Ring100B,Awakened Eden Group Ring of Magic I,Armor
28454,Para_Team_Necklace100B,Awakened Eden Group Necklace of Magic I,Armor
28455,Para_Team_Ring115B,Awakened Eden Group Ring of Magic II,Armor
28456,Para_Team_Necklace115B,Awakened Eden Group Necklace of Magic II,Armor
28457,Para_Team_Ring130B,Awakened Eden Group Ring of Magic III,Armor
28458,Para_Team_Necklace130B,Awakened Eden Group Necklace of Magic III,Armor
28459,Para_Team_Ring145B,Awakened Eden Group Ring of Magic IV,Armor
28460,Para_Team_Necklace145B,Awakened Eden Group Necklace of Magic IV,Armor
28461,Para_Team_Ring160B,Awakened Eden Group Ring of Magic V,Armor
28462,Para_Team_Necklace160B,Awakened Eden Group Necklace of Magic V,Armor
28463,Para_Team_Ring100C,Awakened Eden Group Ring of Agility I,Armor
28464,Para_Team_Necklace100C,Awakened Eden Group Necklace of Agility I,Armor
28465,Para_Team_Ring115C,Awakened Eden Group Ring of Agility II,Armor
28466,Para_Team_Necklace115C,Awakened Eden Group Necklace of Agility II,Armor
28467,Para_Team_Ring130C,Awakened Eden Group Ring of Agility III,Armor
28468,Para_Team_Necklace130C,Awakened Eden Group Necklace of Agility III,Armor
28469,Para_Team_Ring145C,Awakened Eden Group Ring of Agility IV,Armor
28470,Para_Team_Necklace145C,Awakened Eden Group Necklace of Agility IV,Armor
28471,Para_Team_Ring160C,Awakened Eden Group Ring of Agility V,Armor
28472,Para_Team_Necklace160C,Awakened Eden Group Necklace of Agility V,Armor
28473,Para_Team_Ring100D,Eden Group Ring of Recovery I,Armor
28474,Para_Team_Necklace100D,Eden Group Necklace of Recovery I,Armor
28475,Para_Team_Ring115D,Eden Group Ring of Recovery II,Armor
28476,Para_Team_Necklace115D,Eden Group Necklace of Recovery II,Armor
28477,Para_Team_Ring130D,Eden Group Ring of Recovery III,Armor
28478,Para_Team_Necklace130D,Eden Group Necklace of Recovery III,Armor
28479,Para_Team_Ring145D,Eden Group Ring of Recovery IV,Armor
28480,Para_Team_Necklace145D,Eden Group Necklace of Recovery IV,Armor
28481,Para_Team_Ring160D,Eden Group Ring of Recovery V,Armor
28482,Para_Team_Necklace160D,Eden Group Necklace of Recovery V,Armor
28483,ProtectRingofKing,Royal Guardian Ring,Armor
28484,Scarf_Of_Rebellion,Rebellion's Scarf,Armor
28485,Shinobi's_Sash_H,Shinobi Sash H,Armor
28491,Matagi_Swordaxe,Hunting Knife,Armor
28492,Tip_Of_Thief_Vol1,Thieve's Guide Vol.1,Armor
28495,Badge_Of_Vigilante1,Sheriff's Left Badge,Armor
28496,Badge_Of_Vigilante2,Sheriff's Right Badge,Armor
28499,BadgeOfProntera__J,Proof of Glory,Armor
28500,Fanatic_Necklace,Zealous Necklace,Armor
28501,Horn_Of_Kirin,Kirin Horn,Armor
28502,Mob_Scarf,Mob Scarf,Armor
28503,Keraunos,Keraunos,Armor
28505,RingOfDevil,Demon God's Ring,Armor
28506,StormStone,Storm Stone,Armor
28507,Glove_Of_Wizard,Magician's Gloves,Armor
28508,Skul_Ring_IL,Illusion Skull Ring,Armor
28509,Ring_IL,Illusion Ring,Armor
28510,Vampire's_Servant,A Vampire's Servant,Armor
28511,Time_Keeper_Ring,Time Keeper Ring,Armor
28513,Celine_Brooch,Celine's Brooch,Armor
28514,Bless_Flower_Ring,Flower Ring of Benediction,Armor
28515,Imperial_Ring_BR,Imperial Ring,Armor
28516,2017RTCRING,2017 RTC Ring,Armor
28517,Ring_Of_The_Abyss_King,Abyss King Ring,Armor
28518,Cursed_Demon_Ring,Curse-Spell Ring,Armor
28519,So_Heon_Saber,Seohyun's Small Sword,Armor
28520,EgirRing,Egir Ring,Armor
28521,Giant_Protection,Giant's Protection,Armor
28522,Ring_Of_Fallen,Ring of The Fallen,Armor
28523,Ring_Of_Disaster,Ring of Calamity,Armor
28531,Glove_Of_Smith,Blacksmith's Gloves,Armor
28533,ChemicalGlove,Chemical Glove,Armor
28534,RKC_2017_Pendant,RKC Participant Memorial Ring,Armor
28535,RKC_2017_Ring,RKC Winner Memorial Ring,Armor
28536,Emerald_Earring_TW,Emerald Earring,Armor
28537,Arquiens_Necklace_BR,Juperos Necklace,Armor
28538,Glove_Of_Wizard_BR,Magician's Gloves,Armor
28539,60Lv_Ring,Subjugation Team's Ring,Armor
28540,70Lv_Ring,Expedition's Ring,Armor
28541,70Lv_Mring,Expedition's Magic Ring,Armor
28542,80Lv_Aring,Contingent Ring,Armor
28543,80Lv_Gloves,Contingent Glove,Armor
28544,80Lv_Mring,Contingent Magic Ring,Armor
28545,80Lv_Necklace,Contingent Necklace,Armor
28546,90Lv_Aring,Conqueror's Ring,Armor
28547,90Lv_Gloves,Conqueror's Glove,Armor
28548,90Lv_Mring,Conqueror's Magic Ring,Armor
28549,90Lv_Necklace,Conqueror's Necklace,Armor
28551,Imperial_Glove,Imperial Glove,Armor
28552,Two_Dragon_Ring,Ring of Mad Flame & White Magic,Armor
28553,Shinobi_Sash_H_BR,Blue Shinobi Belt,Armor
28560,YinYang_Talisman,Yin Yang Talisman,Armor
28561,Ring_Of_Brave,Ring of Hero,Armor
28562,True_Hunting_Ring1,True Hunting Physical Ring,Armor
28563,True_Hunting_Ring2,True Hunting Magical Ring,Armor
28564,Valkyrie_Drop,Valkyrie Drop,Armor
28565,Perverse_Demon_Mask,Perverse Demon Mask,Armor
28566,Rebeginer_Ring,Beginner's Ring,Armor
28567,King_of_Spirit_Ring_TW,Ring of the Elf King,Armor
28573,Emerald_Ring,Emerald Ring,Armor
28575,Verus_Core,Verus Core,Armor
28577,Fresh_G_Necklace_J,Fresh Grass Necklace,Armor
28578,Pretty_G_Necklace_J,Cute Grass Necklace,Armor
28579,Charm_G_Necklace_J,Magic Grass Necklace,Armor
28580,LowSaurelCharm_J,Horse Mackerel Amulet,Armor
28581,MiddleSaurelCharm_J,High Grade Horse Mackerel Amulet,Armor
28582,HigherSaurelCharm_J,Special Horse Mackerel Amulet,Armor
28583,LowLeafCharm_J,Leaf Amulet,Armor
28584,MiddleLeafCharm_J,High Grade Leaf Amulet,Armor
28585,HigherLeafCharm_J,Special Leaf Amulet,Armor
28586,LowRabbitCharm_J,Rabbit Amulet,Armor
28587,MiddleRabbitCharm_J,High Grade Rabbit Amulet,Armor
28588,HigherRabbitCharm_J,Special Rabbit Amulet,Armor
28589,ShiningTwigCharm_J,Shining Branch Amulet,Armor
28590,FreshTunaCharm_J,Fresh Tuna Amulet,Armor
28591,PlumpyWormCharm_J,Chubby Earthworm Amulet,Armor
28592,Angel_Poring_Earing,Angel Poring Earrings,Armor
28593,Angel_Poring_Ring,Angel Poring Ring,Armor
28594,Temporal_Ring,Temporal Ring,Armor
28595,BlueDragonRing_TW,Ring of the Blue Dragon,Armor
28596,Toy_Ring,Toy Ring,Armor
28597,CherryBlossom_Badge_TW,Cherry Badge,Armor
28598,Supplement_Part_Chip,Supplemental Chip,Armor
28600,Ru_Blue_Book,Blue Book,Weapon
28601,Ru_Gold_Book,Ru Gold Book,Weapon
28602,Demon_Hunting_Bible,Demon Hunting Bible,Weapon
28604,Scarlet_Bible,Crimson Bible,Weapon
28605,Sinister_Book,Vicious Mind Book,Weapon
28606,Union_Bible,Unity Bible,Weapon
28607,Toughen_Metal_Book,Enhanced Metal Book,Weapon
28608,Origin_Of_Elemental,Elemental Origin,Weapon
28609,Diva_Book,Diva Book,Weapon
28610,Mirage_Book,Mirage Book,Weapon
28611,Sinister_Book_J,Book of Evil,Weapon
28612,Book_Of_The_Apo_IL,Illusion Book of the Apocalypse,Weapon
28613,Probation_Magicbook,Trial Sorcerer's Magic Book,Weapon
28614,Probation_Bible,Trial Archbishop's Bible,Weapon
28615,Origin_Of_Elemental_J,Elemental Origin,Weapon
28616,Rebeginer_AB_Bible,Beginner Archbishop's Bible,Weapon
28617,Demon_Hunting_Bible_BR,Holy Bible,Weapon
28618,Time_Kamiji,Book of the Sun God,Weapon
28619,Prisoner_Dairy,Prisoner's Diary,Weapon
28625,Local02_Book,Yinyang Book,Weapon
28626,Tablet_IL,Illusion Tablet,Weapon
28627,Variant_Book,Abyss Book,Weapon
28628,Prohibited_Grimoire,Forbidden Grimoire,Weapon
28629,Circuit_Board_OS,Circuit Board-OS,Weapon
28630,Demon_Hunting_Bible_K,Exoricist's Bible,Weapon
28631,OneSkyOneSun,One Sky One Sun,Weapon
28632,Evt_D_H_Bible_K,Sealed Exorcism Bible,Weapon
28633,Boltigin,Boltigin,Weapon
28635,Ein_1HBOOK,Safety Manual,Weapon
28636,R_Sage_Book,Royal Sage Book,Weapon
28637,Boltigin_J,Boltigin,Weapon
28643,Pollux_Book_J,Pollux Book,Weapon
28645,Comp_Time_Kamiji_TH,[Not For Sale] Book of the Sun God,Weapon
28646,Comp_D_Hunt_Bible_K,[Not For Sale] Exoricist's Bible,Weapon
28700,Ru_Gold_Dagger,Ru Gold Dagger,Weapon
28701,Ru_Gold_Knife,Ru Gold Knife,Weapon
28702,Ru_Gold_Ashura,Ru Gold Ashura,Weapon
28703,Dagger_Of_Infinite,Infinity Dagger,Weapon
28705,Scarlet_Dagger,Crimson Dagger,Weapon
28706,Sinister_Dagger,Vicious Mind Dagger,Weapon
28708,Dagger_of_Trust,Thunder Sword,Weapon
28712,Kings_Eager,Sword of Ruin,Weapon
28713,Kings_Bless,Glory King Sword,Weapon
28714,Toughen_Metal_Dagger,Enhanced Metal Dagger,Weapon
28715,UnrivaledDagger,Unrivaled Dagger,Weapon
28716,Tooth_Blade_,Tooth Blade,Weapon
28717,Valkyrie_Knife,Valkyrie Knife,Weapon
28719,Diffusion_Lacma,[Katsua]Lacma,Weapon
28720,Blue_Dagger,Blue Dagger,Weapon
28721,Monokage,Monokage,Weapon
28722,Diva_Dagger,Diva Dagger,Weapon
28723,Mirage_Dagger,Mirage Dagger,Weapon
28724,Sinister_Dagger_J,Dagger of Evil,Weapon
28725,Moonlight_Sword_IL,Illusion Moonlight Dagger,Weapon
28726,Probation_Dagger,Trial Shadow Chaser's Dagger,Weapon
28737,Mist_Sword,Mist Sword,Weapon
28738,Monokage_J,Monokage,Weapon
28740,Rebeginer_SC_Dagger,Beginner Shadow Chaser's Dagger,Weapon
28744,Magic_Sword,Madogum,Weapon
28745,Counter_Dagger_IL,Illusion Counter Dagger,Weapon
28747,Local01_Dagger,Earth Dragon Dagger,Weapon
28748,Local01_Asura,Earth Dragon Nindo,Weapon
28749,Local02_Dagger,Yinyang Dagger,Weapon
28750,Local02_Asura,Yinyang Nindo,Weapon
28751,Woe_Knife1_Z,Lesser Guild Member's Gladius,Weapon
28753,Variant_Dagger,Abyss Dagger,Weapon
28754,Koikiri,Yodo Koikiri,Weapon
28755,Kuroiro_OS,Kuroiro-OS,Weapon
28759,Evt_Magic_Sword,Sealed Mado Sword,Weapon
28761,Scarlet_Athame,Scarlet Athame,Weapon
28762,Bazerald_IL,Illusion Bazerald,Weapon
28763,Sharp_Wind_Sword,Surudoi Kaze,Weapon
28764,Fog_Dew_Sword,Kiri no Tsuyu,Weapon
28765,Judgement_Slasher,Judgement Slasher,Weapon
28766,Repent_Slasher,Repent Slasher,Weapon
28767,Jack_The_Knife,Jack The Knife,Weapon
28768,Platinum_Dagger,Platinum Dagger,Weapon
28771,Ein_1HDAGGER,Metal Detector Mk47,Weapon
28772,Ein_1HMAGGER,Jewel Detector Mk47,Weapon
28774,R_Gladius_R,Royal Gladius (R),Weapon
28775,R_Gladius_L,Royal Gladius (L),Weapon
28776,R_Magician_Dagger,Royal Magician Dagger,Weapon
28777,Judgement_Slasher_J,Judgement Slasher,Weapon
28778,Repent_Slasher_J,Repent Slasher,Weapon
28779,Jack_The_Knife_J,Shark Knife,Weapon
28780,Platinum_Dagger_J,Platinum Dagger,Weapon
28784,Procyon_Dagger_J,Procyon Dagger,Weapon
28785,Time_Gap_ABC_Dagger,Time Gap Abyss Dagger,Weapon
28786,Comp_Magic_Sword,[Not For Sale] Madogum,Weapon
28787,Rotten_Garden_knife_TH,Rotten Garden Knife,Weapon
28789,Time_Gap_SS_Dagger1,Time Gap Kurojin (A),Weapon
28900,ShieldOfGuardsman,Guardsmen's Shield,Armor
28901,Mad_Bunny_K,Cursed Mad Bunny,Armor
28902,Mad_Bunny_K_,Mad Bunny,Armor
28903,Scutum,Scutum,Armor
28904,Union_Guard,Unity Guard,Armor
28905,Union_Buckler,Unity Buckler,Armor
28906,Shield_Of_Flame,Shield Of Flame,Armor
28907,Shield_Of_Gust,Shield Of Gust,Armor
28908,BIgShield_Of_Water,Shield Of Water,Armor
28909,Shield_Of_Earth,Shield Of Earth,Armor
28910,Imuke_Upper_Shield,Imuke Upper Shield,Armor
28912,Rudo_Heart_Roll,Rudo's Rollpaper,Armor
28913,Ultra_Light_MShield,Ultralight Magic Shield,Armor
28914,Toughen_Time_Keepr_Shd,Enhanced Time Keeper Shield,Armor
28915,Bunker_Shield_,Bunker Shield,Armor
28916,Gaia_Shield,Gaia Shield,Armor
28917,JP_Shield01_L,[Rental] Gaia Shield,Armor
28918,Shield_Of_Chaos,Shield of Chaos,Armor
28920,ShieldOfGuardsman_J,Diamond Shield,Armor
28921,Anemos_Shield,Anemos Shield,Armor
28922,Herald_Of_GOD_IL,Illusion Sacred Mission,Armor
28927,Kings_Guard,King's Guard,Armor
28928,Ultra_Light_MShieldJ,David Shield,Armor
28929,HappyShield,Happy Shield,Armor
28941,Excelion_Shield,Excelion Shield,Armor
28942,Bloody_Knight_Shield,Cursed Knight's Shield,Armor
28943,Forbidden_Grimoire,Forbidden Spellbook,Armor
28944,Scutum_BR,Sleiporing Shield,Armor
28945,Bloody_Knight_Shield_,Bloody Knight's Shield,Armor
28946,Bloody_Knight_Shield__,Purified Knight's Shield,Armor
28947,Gaia_Shield_BR,Gaia's Shield,Armor
28948,Doram_Shield,Doram Shield,Armor
28949,Jewel_Shield,Jewel Shield,Armor
28950,Variant_Shield,Abyss Shield,Armor
28951,Nero_Shield,Nero Shield,Armor
28953,Poring_B_Shield,Poring Battle Shield,Armor
28955,Fotia_Shield,Fotia Shield,Armor
28956,Jirant_Mirror,Witch Zilant's Mirror,Armor
28962,Haurvatat,Haurvatat,Armor
28970,Rachel_Sheild_Cru,Glacial Protection Shield,Armor
28972,Comp_Mad_Bunny_K,[Not For Sale] Cursed Mad Bunny,Armor
28973,Themis_Balance_TH,Themis Balance,Armor
28974,Comp_Themis_Balance_TH,[Not For Sale] Themis Balance,Armor
28977,Fallen_Shield_TH,Fallen Warrior's Shield,Armor
28979,Blackmithril_Guard_TH,Black Mithril Guard,Armor
28980,Comp_B_mithril_Guard_TH,[Not For Sale] Black Mithril Guard,Armor
28982,Shield_Of_Angel_TH,Shield of Angel,Armor
28983,Comp_Shield_Of_Angel_TH,[Not For Sale] Shield of Angel,Armor
28984,Forbidden_Grimoire_TH,Forbidden Grimoire,Armor
28985,Protect_Shield_TH,Protect Feather Shield,Armor
31027,C_Pretty_Bear,Costume Pretty Bear,Armor
31028,C_Black_Cat_Hood,Costume Black Cat Hood,Armor
31029,C_Pig_Nose,Costume Pig Nose,Armor
31030,C_Tiger_Face,Costume Tiger Face,Armor
31031,C_Tare_Pope_Casual,Costume Drooping Pope Casual,Armor
31032,C_Tare_Luwmin,Costume: Sailing Lumin,Armor
31033,C_BelieversCap,Costume Believer's Mask,Armor
31034,C_Pirate_Bandana,Costume Pirates Hood,Armor
31035,C_Bankruptcy_Of_Heart,Costume Bankruptcy of Heart,Armor
31036,C_Satto_Hat,Costume Used Hat,Armor
31037,C_Beret,Costume Beret,Armor
31038,C_Cheks_Vandana,Costume Cheks Bandana,Armor
31039,C_Kings_Crown,Costume Crown of Old King Red,Armor
31040,C_Magical_Feather,Costume Magical Feather,Armor
31041,C_Cat_Lace_Hairband,Costume Cat Lace Hairband,Armor
31042,C_Survive_Circlet,Costume Survival Circlet,Armor
31043,C_Ribbon_White,Costume Ribbon White,Armor
31044,C_Pink_Drooping_Kitty,Costume Drooping Kitty Pink,Armor
31045,C_Blue_Rear_Ribbon,Costume Blue Rear Ribbon,Armor
31046,C_White_Rose_Princess,Costume White Rose Princess,Armor
31047,C_First_Love_Cheek,Costume First Love Cheek,Armor
31048,C_White_Lily_Balck,Costume White Lily Black Ribbon,Armor
31049,C_Marin_Crown,Costume Marin Hat,Armor
31050,C_Flower_Poring_Hat,Costume Golden Poring Hat,Armor
31051,C_HappySummer_SunVisor,Costume Poring Sun Visor,Armor
31052,C_Alchemist_Mask,Costume Alchemist Mask,Armor
31053,C_King_Tiger_Doll_Hat,Costume Drooping Eddga,Armor
31054,C_Sting_Hat,Costume Sting Hat,Armor
31055,C_Poring_Soap_Pipe,Costume Poring Soap Pipe,Armor
31056,C_Exploding_Wave_Red,Costume Furious Wave,Armor
31057,C_Eremes_Scarf_Black,Costume: Eremes' Scarf (Black),Armor
31058,C_Gelato_Hat,Costume Gelato Hat,Armor
31059,C_Sailor_Hat,Costume Sailor Hat,Armor
31060,C_Starfish_Headband,Costume Starfish Headband,Armor
31061,C_Forceps_Hairpin,Costume Nipper Hairpin,Armor
31062,C_Eleanor_Wig,Costume Eleanor Wig,Armor
31063,C_Hair_Bun_BU,Costume Hair in a Bun(Blue),Armor
31064,C_Hair_Bun_RD,Costume Hair in a Bun(Red),Armor
31065,C_Hair_Bun_YL,Costume Hair in a Bun(Yellow),Armor
31066,C_Hair_Bun_GN,Costume Hair in a Bun(Green),Armor
31067,C_Hair_Bun_BL,Costume Hair in a Bun(Black),Armor
31068,C_Hair_Bun_WH,Costume Hair in a Bun(White),Armor
31069,C_Hair_Bun_OM,Costume Hair in a Bun(Brown),Armor
31070,C_Hair_Bun_PP,Costume Hair in a Bun(Purple),Armor
31071,C_Roll_Twin_BU,Costume Roll Twin(Blue),Armor
31072,C_Roll_Twin_RD,Costume Roll Twin(Red),Armor
31073,C_Roll_Twin_YL,Costume Roll Twin(Yellow),Armor
31074,C_Roll_Twin_GN,Costume Roll Twin(Green),Armor
31075,C_Roll_Twin_BL,Costume Roll Twin(Black),Armor
31076,C_Roll_Twin_WH,Costume Roll Twin(White),Armor
31077,C_Roll_Twin_OM,Costume Roll Twin(Brown),Armor
31078,C_Roll_Twin_PP,Costume Roll Twin(Purple),Armor
31079,C_Long_Pony_BU,Costume Long Pony(Blue),Armor
31080,C_Long_Pony_RD,Costume Long Pony(Red),Armor
31081,C_Long_Pony_YL,Costume Long Pony(Yellow),Armor
31082,C_Long_Pony_GN,Costume Long Pony(Green),Armor
31083,C_Long_Pony_BL,Costume Long Pony(Black),Armor
31084,C_Long_Pony_WH,Costume Long Pony(White),Armor
31085,C_Long_Pony_OM,Costume Long Pony(Brown),Armor
31086,C_Long_Pony_PP,Costume Long Pony(Purple),Armor
31087,C_Dwarf_Beard,Costume Dwarf Beard,Armor
31088,C_Mad_Hatter,Costume Mad Hatter,Armor
31089,C_Exploding_Wave_Sca,Costume Exploding Crimson Flame,Armor
31090,C_Angeling_Wanna_Fly,Costume Angelring Hat,Armor
31091,C_Gold_Shower,Costume Show Me The Zeny,Armor
31092,C_Rabbit_Ribbon,Costume Bunny Ribbon Hat,Armor
31093,C_Underlamp,Costume: Lamp of Fairy,Armor
31094,C_Dice_Hat,Costume Dice Hairband,Armor
31095,C_JP_EV01,Costume Mythical Baphomet Horns,Armor
31096,C_JP_EV02,Costume Dog Ears of Bau Alma,Armor
31097,C_JP_EV03,Costume Bunny Ears of Minnie Doe Alma,Armor
31098,C_JP_EV04,Costume Fox Ears of Tamamo Loa,Armor
31099,C_JP_EV05,Costume Headdress of Ontama Aria,Armor
31100,C_JP_EV06,Costume Hat of Dumpty Alma,Armor
31101,C_JP_EV07,Costume Taini Hat Blue,Armor
31102,C_JP_EV08,Costume Taini Hat Orange,Armor
31103,C_JP_EV09,Costume Taini Hat Green,Armor
31104,C_JP_EV10,Costume Taini Hat,Armor
31105,C_RoCelebrationHat,Costume RO Celebration Hat,Armor
31106,Eye_Patch_Blue,Costume Eyepatch of Peace,Armor
31107,Eye_Patch_Red,Costume Eyepatch of Prosperity,Armor
31108,C_Free_Hug_BR,Costume Free Hug,Armor
31109,C_Guildsman_Recruit_BR,Costume Guildsman Recruit,Armor
31110,C_Party_Seeker_BR,Costume Party Seeker,Armor
31111,C_Party_Mem_Recruit_BR,Costume Party Mem Recruit,Armor
31112,C_Begging_Board_BR,Costume Begging Board,Armor
31113,C_Doctor_Cap,Costume Doctor headband,Armor
31114,C_Pretend_Murdered,Costume Theater Prop,Armor
31115,C_Truemoney_TH,Costume Inw True,Armor
31116,C_Truemoney_TH7,Costume Inw True 7 Days,Armor
31117,C_Hoplite_Helmet,Costume Hoplite Helmet,Armor
31118,C_Assassin_Skull_Mask,Costume Scratch Mask,Armor
31119,C_Blue_Wizardry_Hat,Costume Magician Hat Blue,Armor
31120,C_Vampire_Familiar,Costume Vampire Familiar,Armor
31121,C_Stall_Of_Bat,Costume Stall Of Bat,Armor
31122,C_Bloody_Stop_Bandage,Costume Bloody Stop Bandage,Armor
31123,C_Ghostring_Tall_Hat,Costume Ghostring Tall Hat,Armor
31124,C_Ribbon_Chef_Hat,Costume Ribbon Chief Hat,Armor
31125,C_QueenAnzRevenge,Costume Queen Anne's Revenge,Armor
31126,C_Nestea_Hat,Costume Nestea Hat,Armor
31127,C_Taiwan_Flag_Hat,Costume Flag Cap,Armor
31128,C_Bride_Mask,Costume Bride Mask,Armor
31129,C_Mr_Scream,Costume Scratch Mask,Armor
31130,C_Indian_Hair_Piece,Costume Indian Hairband,Armor
31131,C_Holy_Bonnet,Costume Monk Hat,Armor
31132,C_Christmas_Wreath,Costume Christmas Wreath,Armor
31133,C_Gambler_Seal,Costume Gambler Seal,Armor
31134,C_Chatty_Parrot,Costume Talkactive Parrot,Armor
31135,C_Fancy_Mini_Crown,Costume Luxury Mini Crown,Armor
31136,C_Clock_Casket,Costume Clock Casket,Armor
31137,C_Blue_Rose_Ornament,Costume Blue Rose Ornament,Armor
31138,C_Piamette_Hood_Red,Costume Piamette's Red Hood,Armor
31139,C_White_Rabbit_Ear,Costume White Rabbit Ears,Armor
31140,C_Cowboy_Hat_B,Costume Black Cowboy Hat,Armor
31141,C_Cactus_Corsage,Costume Cactus Flower Corsage,Armor
31142,C_Time_Accessory_J,Costume Prison of Time,Armor
31143,C_Krathong_Crown_TH,Costume: Krathong Crown,Armor
31144,C_Indi_Feather_Band,Costume Indian Feather Headband,Armor
31145,C_AliceFriesinger_Hat69,Costume AliceFriesinger Hat 69,Armor
31146,C_KarduiEar,Costume Kardui Ears,Armor
31147,C_Tare_Domovoi,Costume Drooping Domovoi,Armor
31148,C_Debril_Doll_Hat,Costume Drooping W Doll,Armor
31149,C_Nydhog_Wig,Costume Nydhoggur Wig,Armor
31150,C_Shalosh_Head_Dress,Costume Shalosh Headdress,Armor
31151,C_Chasher_Ear,Costume Cheshire's Cat Ears,Armor
31152,C_Piamette_BowTie_Red,Costume Piamette's Red Bow Tie,Armor
31153,C_Aniv_Star_Hat2,Costume Cactus Flower Corsage,Armor
31154,C_Cap,Costume Cap,Armor
31155,C_Spinning_Eyes,Costume Spinning Eyes,Armor
31156,C_Fruit_Shell,Costume Nut Shell,Armor
31157,C_Spirit_Chain,Costume Soul Ring,Armor
31158,C_Squirrel_Ear_Hat,Costume Squirrel Ear Hat,Armor
31159,C_Jormungandr_Hat,Costume Jormungandr Head,Armor
31160,C_Rune_Helm,Costume Rune Helm,Armor
31161,C_Tiger_Mask,Costume Tiger Mask,Armor
31162,C_Shaving_Foam,Costume Shaving Foam,Armor
31163,C_Sheep_Hat,Costume Sheep Hat,Armor
31164,C_Brown_Stall,Costume Brown Stole,Armor
31165,C_Piggyback,Costume Piggyback,Armor
31166,C_Teddy_Bear_Hood,Costume Teddy Bear Hood,Armor
31167,C_Lunatic_Ear_Black,Costume Hanging Black Lunatic Ears,Armor
31168,C_Mouton_Life_BL,Costume Blue Mouton Life,Armor
31169,C_Hat_Of_Outlaw,Costume Hilarious Bandit Hat,Armor
31170,C_Power_Of_Thor,Costume Wings of Wind,Armor
31171,C_Cat_Hat,Costume Nekomimi,Armor
31172,C_Roast_Memory,Costume Roast Memory,Armor
31173,C_Crown_Parrot,Costume Oyster Parakeet,Armor
31174,C_Weird_Bread_Bag,Costume Suspicious Bread Bag,Armor
31175,C_Strawberry_Hat,Costume Strawberry Hat,Armor
31176,C_Looking,Costume Always Watching,Armor
31177,C_Tail_Hat,Costume Tail Hat,Armor
31178,C_Flame_Muffler,Costume Fire Muffler,Armor
31179,C_Wolf_Masquerade,Costume Wolf Masquerade,Armor
31180,C_Shura_King_Pledge,Costume King Sura Headband,Armor
31181,C_Necklace_Rosary,Costume Necklace Rosary,Armor
31182,C_Side_Cap,Costume Side Cap,Armor
31183,C_Fallen_Angel_Blessing,Costume Blessing of Fallen Angel,Armor
31184,C_Hawkeyes,Costume Hawkeye,Armor
31185,C_Engineer_Cap,Costume Engineer Cap,Armor
31186,C_Black_Cat,Costume Black Cat,Armor
31187,C_War_Princess_Ribbon,Costume War Princess Ribbon,Armor
31188,C_Mono_Gothic_Bonnet,Costume Mono Gothic Bonnet,Armor
31189,C_Cat_Ears_Cape_Red,Costume Red Cat Ears Cape,Armor
31190,C_Angel_Mini_Silk_Hat_B,Costume Black Angel Mini Silk Hat,Armor
31191,C_Whikebain_Ears_TW,Vibrant Cat Ears,Armor
31192,C_Baby_Cat_Ears_TW,Blue Cat Ears,Armor
31193,C_Tare_Ahat,Costume Ahat Doll,Armor
31194,C_Spinning_Propeller,Costume Spinning Propeller,Armor
31195,C_Choco_Minihat,Costume Chocolate Mini Hat,Armor
31196,C_JP_EV12,Costume Drooping Chuni Penguin,Armor
31197,C_Egg_Crispinette,Costume Egg Crispinette,Armor
31198,C_Octopus_Hat_J,Costume Octopus Hat,Armor
31199,C_Weird_Goatee,Costume Weird Beard,Armor
31200,C_Wrapping_Ribbon,Costume Wrapping Ribbon,Armor
31201,C_Royal_Rabbit_Crown,Costume Royal Rabbit Crown,Armor
31202,C_Dog_Officer,Costume Dog Officer,Armor
31203,C_Charcoal_Stove,Costume Charcoal Stove,Armor
31204,C_Drooping_White_Kitty,Costume Drooping White Cat,Armor
31205,C_L_Orc_Hero_Helm,Costume Large Orc Hero Helmet,Armor
31206,C_Rune_Hairband,Costume Rune Knot Headband,Armor
31207,C_Dokkebi_Mask,Costume Dokkebi Mask,Armor
31208,C_Straight_Long_YL,Costume Straight Long (Yellow),Armor
31209,C_Straight_Long_WH,Costume Straight Long (White),Armor
31210,C_Side_Pigtail_BU,Costume Side Pigtail (Blue),Armor
31211,C_Side_Pigtail_RD,Costume Side Pigtail (Red),Armor
31212,C_Side_Pigtail_YL,Costume Side Pigtail (Yellow),Armor
31213,C_Side_Pigtail_GN,Costume Side Pigtail (Green),Armor
31214,C_Side_Pigtail_BL,Costume Side Pigtail (Black),Armor
31215,C_Side_Pigtail_WH,Costume Side Pigtail (White),Armor
31216,C_Side_Pigtail_OM,Costume Side Pigtail (Brown),Armor
31217,C_Side_Pigtail_PP,Costume Side Pigtail (Purple),Armor
31218,C_Low_Pony_BU,Costume Low Pony (Blue),Armor
31219,C_Low_Pony_RD,Costume Low Pony (Red),Armor
31220,C_Low_Pony_YL,Costume Low Pony (Yellow),Armor
31221,C_Low_Pony_GN,Costume Low Pony (Green),Armor
31222,C_Low_Pony_BL,Costume Low Pony (Black),Armor
31223,C_Low_Pony_WH,Costume Low Pony (White),Armor
31224,C_Low_Pony_OM,Costume Low Pony (Brown),Armor
31225,C_Low_Pony_PP,Costume Low Pony (Purple),Armor
31226,C_Long_Twin_BU,Costume Long Twin (Blue),Armor
31227,C_Long_Twin_RD,Costume Long Twin (Red),Armor
31228,C_Long_Twin_YL,Costume Long Twin (Yellow),Armor
31229,C_Long_Twin_GN,Costume Long Twin (Green),Armor
31230,C_Long_Twin_BL,Costume Long Twin (Black),Armor
31231,C_Long_Twin_WH,Costume Long Twin (White),Armor
31232,C_Long_Twin_OM,Costume Long Twin (Brown),Armor
31233,C_Long_Twin_PP,Costume Long Twin (Purple),Armor
31234,C_Persika_J,Costume Persica,Armor
31235,C_Large_Ribbonmuffler_V,Costume Large Ribbon Muffler (Middle),Armor
31236,C_Subject_Aura_V,Costume Aura of Thought (Middle),Armor
31237,C_Pope_Ribbon_V,Costume Pale Yellow Ribbon (Lower),Armor
31238,C_Good_Wedding_Veil_V,Costume Luxurious Wedding Veil (Upper),Armor
31239,C_Love_Rabbithood_V,Costume Love Rabbit Hood (Upper),Armor
31240,C_Whisper_Mask_V,Costume Whisper Mask (Upper),Armor
31241,C_Blazing_Sun_V,Costume Burning Sun (Lower),Armor
31242,C_Anubis_Helm_V,Costume Anubis Hat (Upper),Armor
31243,C_Tongue_Mask_V,Costume Tongue Mask (Middle),Armor
31244,C_Sky_Helm_V,Costume Skymet (Upper),Armor
31245,C_Bell_Flower,Costume Bell Flower,Armor
31246,C_Humming_Bird,Costume Humming Bird,Armor
31247,C_Hippo_Hat,Costume Hippo Hat,Armor
31248,C_Isabella_Red_Ear,Costume Isabella Red Ears,Armor
31249,C_Rabbit_Hopping,Costume Hopping Rabbit,Armor
31250,C_Wonderful_Beast_Ear,Costume Wonderful Beast Ears,Armor
31251,C_Cat_Mouth,Costume Cat's Mouth,Armor
31252,C_Cat_Ear_Hat_White,Costume White Cat Ears Hat,Armor
31253,C_Bright_Fury,Costume Rinko's Helmet,Armor
31254,C_Horse_King_Red,Costume Red Horse Mask,Armor
31255,C_Dalcom_Helmet,Costume Sweet Melon Helmet,Armor
31256,C_Jaguar_Hat_J,Costume Jaguar Mask,Armor
31257,C_Clay_Poring_Jar,Costume Poring Jars Of Clay,Armor
31258,C_White_Clay_Filler,Costume Glowing White Blush,Armor
31259,C_Bubble_A_Angel_H,Costume Bubbly Arc Angeling Hairband,Armor
31260,C_Observer_J,Costume Observer,Armor
31261,C_Soda_In_Mouth,Costume Soda In Mouth,Armor
31262,C_Disposable_3D_Glass,Costume Disposable 3D Glasses,Armor
31263,C_Disposable_Popcorn,Costume Disposable Popcorn Hat,Armor
31264,C_Shelterwing_Ears_V,Costume Wings of Protector (Lower),Armor
31265,C_Straightpony_BU_V,Costume Straight Pony (Blue) (Middle),Armor
31266,C_Straightpony_RD_V,Costume Straight Pony (Red) (Middle),Armor
31267,C_Straightpony_YL_V,Costume Straight Pony (Yellow) (Middle),Armor
31268,C_Straightpony_GN_V,Costume Straight Pony (Green) (Middle),Armor
31269,C_Straightpony_BL_V,Costume Straight Pony (Black) (Middle),Armor
31270,C_Straightpony_WH_V,Costume Straight Pony (White) (Middle),Armor
31271,C_Straightpony_OM_V,Costume Straight Pony (Crimson) (Middle),Armor
31272,C_Straightpony_PP_V,Costume Straight Pony (Purple) (Middle),Armor
31273,C_Cowlick_BU_V,Costume Cowlick (Blue),Armor
31274,C_Cowlick_RD_V,Costume Cowlick (Red),Armor
31275,C_Cowlick_YL_V,Costume Cowlick (Yellow),Armor
31276,C_Cowlick_GN_V,Costume Cowlick (Green),Armor
31277,C_Cowlick_BL_V,Costume Cowlick (Black),Armor
31278,C_Cowlick_WH_V,Costume Cowlick (White),Armor
31279,C_Cowlick_OM_V,Costume Cowlick (Brown),Armor
31280,C_Cowlick_PP_V,Costume Cowlick (Purple),Armor
31281,C_Loosewavetwin_BU_V,Costume Irene Hairstyle (Navy),Armor
31282,C_Loosewavetwin_RD_V,Costume Irene Hairstyle (Rose),Armor
31283,C_Loosewavetwin_YL_V,Costume Irene Hairstyle (Cream),Armor
31284,C_Loosewavetwin_GN_V,Costume Irene Hairstyle (Lime),Armor
31285,C_Loosewavetwin_BL_V,Costume Irene Hairstyle (Cacao),Armor
31286,C_Loosewavetwin_WH_V,Costume Irene Hairstyle (Pearl),Armor
31287,C_Loosewavetwin_OM_V,Costume Irene Hairstyle (Milk Tea),Armor
31288,C_Loosewavetwin_PP_V,Costume Irene Hairstyle (Taro),Armor
31289,C_Wing_Ear_BL_V,Costume Black Wings of the Protector (Lower),Armor
31290,C_Adv_Ang_SchCap,Costume School of Angel Hat,Armor
31291,C_Adv_Dev_SchCap,Costume School of Devil Hat,Armor
31292,C_Invisible_Mask_TW,Costume Invisible Mask,Armor
31293,C_Kings_Crown_Purple,Costume Old King's Crown (Purple),Armor
31294,C_Jirant_Circlet_Red,Costume Ancient Dragon Crown (Red),Armor
31295,C_Priest_Hat_J,Costume Red Wing Hat,Armor
31296,C_Strawberry_In_Mouth,Costume Strawberry in Mouth,Armor
31297,C_Love_Berry,Costume Fruit of Love,Armor
31298,C_Para_Team_Hat2,Costume Eden Group Hat II,Armor
31299,C_White_Rabbit,Costume White Rabbit,Armor
31300,C_Warm_Cat_Muffler,Costume Warm Cat Muffler,Armor
31301,C_Blinking_Eyes,Costume Blinking Eyes,Armor
31302,C_Black_Magenta_Ribbon,Costume Black Magenta Ribbon,Armor
31303,C_Memory_Of_Noodle,Costume Memory of the Pasta,Armor
31304,C_Fan_Of_Summer,Costume Midsummer Fan,Armor
31305,C_TW_1th_Balloon,Costume: Walking Poring,Armor
31306,C_Tucan_Hat_JP,Costume Toucan Hat,Armor
31307,C_Blue_Arara_Hat,Costume Violet Macaw,Armor
31308,C_Protect_Feathers,Costume Protect Feather,Armor
31309,C_PW_Marching_Hat,Costume Pure White Marching Hat,Armor
31310,C_666_DevilEar,Costume 666 Styles Demon's Ears,Armor
31311,C_Tha_Maero_Mask_J,Costume Thanatos's Maero Mask,Armor
31312,C_Hades_Helm,Costume Hades Helm,Armor
31313,C_FallenAngelWingEar,Costume Fallen Angel's Wing Ears,Armor
31314,C_Ghost_Holiday,Costume Horns of Forest,Armor
31315,C_Stall_Of_Angel,Costume Stall Of Angel,Armor
31316,C_FlutterButterfly_BL,Costume Black Swallowtail Wings,Armor
31317,C_15th_Anniversary_Wing,Costume 15th Anniversary Wing,Armor
31318,C_Gerhard_Von_Devi,Costume Gerhard Von Deviruchi 83 Years,Armor
31319,C_Fan_Of_Summer_R,[Rental] Costume Midsummer Fan,Armor
31320,C_Pinwheel_Cap_R,[Rental] Costume Pinwheel,Armor
31321,C_Shining_Sunflower,Costume Shining Sunflower,Armor
31322,C_Candy_Hat,Costume Candy Hat,Armor
31323,C_Love_Daddy,Costume Love Daddy,Armor
31324,C_DJ_Kitty,Costume Kitty DJ,Armor
31325,C_Q_Scaraba_Crown,Costume Queen Scaraba Helm,Armor
31326,C_Rolf_Von_Gigue_666,Costume Rolf Von Gigue 666,Armor
31327,C_Stretched_Nose_M,Costume Wood Goblin Nose,Armor
31328,C_Faceworm_Egg_Shell,Costume Faceworm Egg Shell,Armor
31329,C_Alice_Wig,Costume Alice Wig,Armor
31330,C_Fallen_Angel_Valletta,Costume Fallen Angel Valletta,Armor
31331,C_Chung_E_Shinyon_Cap,Costume Chung E Shinyon Cap,Armor
31332,C_Khalitzburg_Helm_BL,Costume Black Khalitzburg Knight Helm,Armor
31333,C_Straight_Pony_WH_V,Costume: Straight Pony (White),Armor
31334,C_Straight_Pony_BU_V,Costume: Straight Pony (Blue),Armor
31335,C_Straight_Pony_OM_V,Costume: Straight Pony (Brown),Armor
31336,C_Straight_Pony_RD_V,Costume: Straight Pony (Red),Armor
31337,C_Straight_Pony_PP_V,Costume: Straight Pony (Purple),Armor
31338,C_Straight_Pony_GN_V,Costume: Straight Pony (Green),Armor
31339,C_Straight_Pony_YL_V,Costume: Straight Pony (Yellow),Armor
31340,C_Straight_Pony_BL_V,Costume: Straight Pony (Black),Armor
31341,C_Low_Pony_BU_V,Costume Low Pony (Blue),Armor
31342,C_Low_Pony_RD_V,Costume Low Pony (Red),Armor
31343,C_Low_Pony_YL_V,Costume Low Pony (Yellow),Armor
31344,C_Low_Pony_GN_V,Costume Low Pony (Green),Armor
31345,C_Low_Pony_BL_V,Costume Low Pony (Black),Armor
31346,C_Low_Pony_WH_V,Costume Low Pony (White),Armor
31347,C_Low_Pony_OM_V,Costume Low Pony (Brown),Armor
31348,C_Low_Pony_PP_V,Costume Low Pony (Purple),Armor
31349,C_Roll_Twin_BU_V,Costume Roll Twin (Blue),Armor
31350,C_Roll_Twin_RD_V,Costume Roll Twin (Red),Armor
31351,C_Roll_Twin_YL_V,Costume Roll Twin (Yellow),Armor
31352,C_Roll_Twin_GN_V,Costume Roll Twin (Green),Armor
31353,C_Roll_Twin_BL_V,Costume Roll Twin (Black),Armor
31354,C_Roll_Twin_WH_V,Costume Roll Twin (White),Armor
31355,C_Roll_Twin_OM_V,Costume Roll Twin (Brown),Armor
31356,C_Roll_Twin_PP_V,Costume Roll Twin (Purple),Armor
31357,Oliver_Wolf_Hood_CN,Costume Oliver Wolf Hood,Armor
31358,C_Hahoe_Mask_CN,Costume Hahoe Mask,Armor
31359,C_Assassin_Mask_CN,Costume Assassin Mask,Armor
31360,C_Centimental_Flower_CN,Costume Centimental Flower,Armor
31361,C_Blush_CN,Costume Blush,Armor
31362,C_Magestic_Goat_CN,Costume Magestic Goat,Armor
31363,C_Frog_Cap_CN,Costume Frog Cap,Armor
31364,C_Deviruchi_Cap_CN,Costume Deviruchi Cap,Armor
31365,C_Boys_Cap_CN,Costume Boys Cap,Armor
31366,C_Valkyrie_Helm_CN,Costume Valkyrie Helm,Armor
31367,C_Wish_Tree_Hat,Costume Bamboo Leaf Hat,Armor
31368,C_Harvest_Festa_Hat,Costume Harvest Festival Hat,Armor
31369,C_Straight_Long_WHK,Costume Straight Long White,Armor
31370,C_Straight_Long_YLK,Costume Straight Long Yellow,Armor
31371,C_Sorin_Doll_Hat,Costume Drooping Sorin Doll Hat,Armor
31372,C_Binit_Doll_Hat,Costume Drooping Roxie,Armor
31373,C_Kings_Crown_,Costume Old King's Crown,Armor
31374,C_Explosion_Gum,Costume Explosion Gum,Armor
31375,C_Demons_Eye,Costume Eyes of War,Armor
31376,C_Jirant_Circlet,Costume Purple Jirant Circlet,Armor
31377,C_Glastheim_Onlooker,Costume Glast Heim Spectator,Armor
31378,C_CatharinaPawnBrad60,Costume Katarina von Blood 60,Armor
31379,C_Drama_Clockwork,Costume Clock Winding Key,Armor
31380,C_Gossip_Raven,Costume Crow on Shoulder,Armor
31381,C_Diabolic_Lapel,Costume Diabolic Lapel,Armor
31382,C_Cat_Ears_Punkish,Costume Cat Ears Punkish,Armor
31383,C_Volume_Low_Twin,Costume Volume Low Twin,Armor
31384,C_False_Ears,Costume False Ears,Armor
31385,C_Gothic_Pumpkin_Head,Costume Gothic Pumpkin Head,Armor
31386,C_SurviveOrb,Costume Survivor's Orb,Armor
31387,C_Jjakk,Costume Jakk,Armor
31388,C_Garden_Of_Eden,Costume Garden of Eden,Armor
31389,C_White_Bird_Rose,Costume White Bird Rose,Armor
31390,C_Let_It_Snow,Costume Let It Snow,Armor
31391,C_Floating_Stone_Of_Int,Costume Floating Sage Stone,Armor
31392,C_Radio_Antenna,Costume Radio Antenna,Armor
31393,C_Vajra,Costume Vajra,Armor
31394,C_White_Wizardry_Hat,Costume Magician White Hat,Armor
31395,C_Book_Of_Magic,Costume Book of Magic,Armor
31396,C_Sorcerer_Hood,Costume Sorcerer Hood,Armor
31397,C_Pope_Sitting_Head,Costume Sitting Pope,Armor
31398,C_Blinking_Thin_Eyes,Costume Blinking Small Eyes,Armor
31399,C_Darkness_Veil,Costume Darkness Veil,Armor
31400,C_Ribbon,Costume Ribbon,Armor
31401,C_Blue_Coif,Costume Coif,Armor
31402,C_Idun_Green_Apple,Costume Green Apple Flavour,Armor
31403,C_Wall,Costume Wall Hat,Armor
31404,C_Poring_Traffic_Light,Costume Poring Traffic Light,Armor
31405,C_Eleanor_Wig_YL,Costume Eleanor Wig (Yellow),Armor
31406,C_Nydhog_Wig_WH,Costume Nydhoggur Wig (White),Armor
31407,C_Alice_Wig_PK,Costume Alice Wig (Peach),Armor
31408,C_RORush_Goat,Costume Ragnarok Rush Goat,Armor
31409,C_Barrel_Helm,Costume Barrel Helmet,Armor
31410,C_Gods_Helm,Costume God's Helm,Armor
31411,C_Leo_Diadem,Costume Leo Diadem,Armor
31412,C_Virgo_Crown,Costume Virgo Crown,Armor
31413,C_Taurus_Crown,C_ Taurus Crown,Armor
31414,C_Cancer_Diadem,Costume Cancer Diadem,Armor
31415,C_Wanderer_Sakkat,Costume Wanderer's Sakkat,Armor
31416,C_SeraphimCoronet,Costume Seraphim Coronet,Armor
31417,C_Onigiri_Hat,Costume Rice Ball Hat,Armor
31418,C_Leek_In_Mouth,Costume Green Onion in Mouth,Armor
31419,C_Angel_Of_Happiness,Costume Angel of Happiness,Armor
31420,C_SantaPoring_Promo,Costume Shining Santa Poring,Armor
31421,C_Pink_Angeling_Bubble,Costume Pink Angeling Bubble,Armor
31422,C_Angeling_Bubble,Costume Angeling Balloon,Armor
31423,C_Bear_Balloon,Costume: Cute Bear Bear Balloon (Brown),Armor
31424,C_LoveLove_Balloon,Costume Love Love Balloon,Armor
31425,C_Long_Octopus_Balloon,Costume Octopus Balloon,Armor
31426,C_Male_Poring_Balloon,Costume Gentle Marlin Balloon,Armor
31427,C_Fmale_Poring_Balloon,Costume Lady Poring Balloon,Armor
31428,C_Panda_Balloon,Costume Panda Balloon,Armor
31429,C_Blue_Poring_Bubble,Costume Blue Poring Bubble,Armor
31430,C_Seppl_Hat_TW,Costume: Seppl Hat,Armor
31431,C_Curupira_Hat_TW,Costume: Curupira Hat,Armor
31432,C_Luwmin_Ice,Costume Floating Ice,Armor
31433,C_Astro_Circle,Costume Astro Circle,Armor
31434,C_Cloud_Buster,Costume Stormy Cloud,Armor
31435,C_Magician_Knithat,Costume Magician Knit Hat,Armor
31436,C_White_Drooping_Kitty,Costume White Drooping Cat,Armor
31437,C_Baby_Penguin,Costume Baby Penguin,Armor
31438,C_Fluffy_Angel_Cape,Costume Fluffy Angel Cape,Armor
31439,C_Fluffy_Heart_Earmuffs,Costume Fluffy Heart Earmuffs,Armor
31440,C_Snow_Bear_Food,Costume Snow Bear Hood,Armor
31441,C_Penguin_Cap_BU,Costume Penguin Cap,Armor
31442,C_Mr_Smile_V,Costume Mr. Smile (Middle),Armor
31443,C_Munak_Turban_V,Costume Munak Hat (Upper),Armor
31444,C_Bongun_Hat_V,Costume Bongun Hat (Upper),Armor
31445,Feather_Fedora_TW,Costume Feather Fedora,Armor
31446,C_Toy_Syringe,Costume Toy Syringe,Armor
31447,C_Pale_Moon_Hat,Costume Pale Moon Hat,Armor
31448,C_Sting_Silk_Ribbon,Costume Sting Silk Ribbon,Armor
31449,C_Blue_Rose_Eyepatch,Costume Blue Rose Eyepatch,Armor
31450,C_Lolita_Two_Side_Up,Costume Lolita Two Side Up,Armor
31451,C_Blue_Frill_Ribbon,Costume Blue Frill Ribbon,Armor
31452,C_White_Cat,Costume White Cat,Armor
31453,C_L_RibbonMuff_Black,Costume Large Ribbon Muffler (Black),Armor
31454,C_Love_Feeling,Costume Love Feeling,Armor
31455,Enchanted_Dog,Costume Super Cute Dog,Armor
31456,C_Baby_Leopard_Cat,Costume Baby Leopard Cat,Armor
31457,C_Husky_Hat,Costume Husky Hat,Armor
31458,C_1Grade_Balloon_TW,Costume Reservation Limited Poring Balloon,Armor
31459,C_Sweets_Bonbon,Costume Sweets Bonbon,Armor
31460,C_Blessing_Sky_Lantern,Costume Blessing Sky Lantern,Armor
31461,C_Male_Poring_Earmuff,Costume Marin Earrings,Armor
31462,C_Female_Poring_Earmuff,Costume Cute Poring Earmuffs,Armor
31463,C_Flying_Drone,Costume Flying Drone,Armor
31464,C_Mike_Hat,Costume Bloom Afro,Armor
31465,C_Egg_Minihat,Costume Robin Egg Mini Hat,Armor
31466,C_Holy_Egg_Hat,Costume Holy Egg Shell,Armor
31467,C_Mimic_Egg_Shell,Costume Evil Egg Shell,Armor
31468,C_Stripe_Hat,Costume Stripe Hat,Armor
31469,C_Costume08_L,[Rental] Chocolate Mushroom Wig,Armor
31470,C_Tengu_Scroll,Costume Tengu Scroll,Armor
31471,C_CelestialWoman_Flower,Costume Celestial Woman Flower,Armor
31472,C_Fairy_Feathers,Costume Fairy Feathers,Armor
31473,C_Tipsy,Costume Tipsy,Armor
31474,C_Straight_Long_BL,Costume Straight Long (Black),Armor
31475,C_Black_Fox_Ear_Ribbon,Costume Black Fox Ear Ribbon,Armor
31476,C_Cherry_Blossom_Hat_YL,Costume Yellow Cherry Blossom Hat,Armor
31477,C_Costume06_L,[Rental] Costume Witch Cape,Armor
31478,C_Eleanor_Wig_V,Costume Eleanor's Wig (Lower),Armor
31479,C_ManyStars_TW,Costume Group of Stars,Armor
31480,C_Jioia_TW,Costume Gioia Partner,Armor
31481,C_CatCoffeeCup_TW,Costume Cat Coffee Cup,Armor
31482,C_LunaticMuffler_TW,Costume Lunatic Shawl,Armor
31483,C_CatEarRibbon_TW,Costume Cat Ear Ribbon,Armor
31484,C_JP_EV13,Costume Bear Companion (Priest Female),Armor
31485,C_JP_EV14,Costume Bear Companion (Priest Male),Armor
31486,C_Diver's_Goggles,Costume Diver's Goggles,Armor
31487,C_Eye_Bandage,Costume Eye Bandage,Armor
31488,C_Mvp,Costume MVP,Armor
31489,C_Bouquet_Hat,Costume Bouquet Cap,Armor
31490,C_Poring_Muffler,Costume Poring Muffler,Armor
31491,C_Orange_Tabby_Cat,Costume Orange Tabby Cat,Armor
31492,C_Cat_Ears_Cape_Brown,Costume Cat Ears Cape Brown,Armor
31493,C_Volume_Low_Twin_WH,Costume Volume Low Twin (White),Armor
31494,C_Volume_Low_TwinK,Costume Volume Low Twin,Armor
31495,C_Lolita_Two_Side_UpK,Costume Lolita Two-Sided Up,Armor
31496,C_Yggdrasil_Crown,Costume Yggdrasil Crown,Armor
31497,C_Flowery_Vision_TH,Costume: Flowery Vision,Armor
31498,C_Elephangel_TH,Costume Elephangel,Armor
31499,C_Easter_Egg_Shell,Costume Easter Egg Shell,Armor
31500,C_Sparkler_Stick_TH,Costume Sparkler Stick,Armor
31501,C_Sparkler_Fountain_TH,Costume Sparkler Fountain,Armor
31502,C_Aches_Love_Cobra_TH,Costume Aches Love Cobra,Armor
31503,C_TW_2th_Balloon,Costume 2nd Return Balloons,Armor
31504,C_Starving_Fish_Hat,Costume Large Hungry Fish,Armor
31505,C_Falcon_Mask,Costume Falcon Mask,Armor
31506,C_Malangdo_Pirate,Costume Cat Eared Bandana,Armor
31507,C_Yellow_Drooping_Kitty,Costume Drooping Yellow Cat,Armor
31508,C_Isabella_Blue_Ear,Costume Isabella's Blue Ear Hat,Armor
31509,C_Fawn_Ear,Costume Fawn Ears,Armor
31510,C_Cat_Ear_Short,Costume Short Haired Cat Ears,Armor
31511,C_Cat_Ear_Long,Costume Long Haired Cat Ears,Armor
31512,C_Panda_Rabbit,Costume Tuxedo Rabbit,Armor
31513,C_Rabbit_Hopping_BL,Costume Black Rabbit Ears,Armor
31514,C_American_S_hair,Costume American Shorthair Cat,Armor
31515,C_Leopard_Cat,Costume: Bengal Cat,Armor
31516,C_Mini_Melon,Costume Mini Melon,Armor
31517,C_JP_EV15,Costume Fluffy Cat,Armor
31518,C_Pop_Popcorn_Hat,Costume Pop Popcorn Hat,Armor
31519,C_Slurp_Slurp_Hat,Costume Slurp Slurp Hat,Armor
31520,C_Popcorn_Hat,Costume Popcorn Hat,Armor
31521,C_Citron_Hat,Costume Citrus Helmet,Armor
31522,C_Orange_Hat,Costume Orange Helmet,Armor
31523,C_Yellow_Yuzu_Hat,Costume Pomelo Helmet,Armor
31524,C_Lunch_box,Costume Bento Hat,Armor
31525,C_Kid_Deviling,Costume Floating Deviling,Armor
31526,C_Shaman_Hat,Costume Shaman Hat,Armor
31527,C_14_RainbowWing,Costume Radiant Rainbow Wings,Armor
31528,C_Stardust_Hairband,Costume Stardust Hairband,Armor
31529,C_Happy_Rabbit_Ribbon,Costume Happy Rabbit Ribbon,Armor
31530,C_Greater_Dracul_Horn,Costume Great Dracula Horns,Armor
31531,C_Lovely_Heart_Cap,Costume Lovely Heart Cap,Armor
31532,C_Neev_Barrette,Costume: Neev Barrette,Armor
31533,C_Warm_Cat_Muffler_BL,Costume Warm Black Cat Muffler,Armor
31534,C_Rainbow_Star,Costume Rainbow Star,Armor
31535,C_Old_Pink_Poo_Hat,Costume: Pink Poo Poo Hat,Armor
31536,C_Chibi_Beelzebub_Hat,Costume Beelzebub's Crown,Armor
31537,C_Return_TW_2th_Hat,Costume: 2nd Anniversary Hat,Armor
31538,C_Love_Feeling_J,Costume Lovely Feeling,Armor
31539,C_Bulgogi_TW,Costume Roasted Pork Dumpling Hat,Armor
31540,C_Gemini_RedEyes,Costume Red Gemini Eyes,Armor
31541,C_Drosera_Hairpin,Costume Drosera Hairpin,Armor
31542,C_Clay_Poring_Jar_Jp,Costume Clay Poring Jar,Armor
31543,C_Eru_Rava_Hat,Costume Siorava Hat,Armor
31544,C_Piamette_Roll_Hair,Costume Piamette's Curls,Armor
31545,C_Eremes_Scarf_BU,Costume Eremes Scarf (Blue),Armor
31546,C_Clock_Casket_RD,Costume Clockwork Cap,Armor
31547,C_Poporing_Mascot_Cos,Costume Poporing Mascot Head,Armor
31548,C_Love_Cheek_V,Costume Love Blush,Armor
31549,C_Little_Aquarium_V,Costume Little Aquarium (Lower),Armor
31550,C_Tone_Of_Gold_V,Costume Golden Tone (Middle),Armor
31551,C_Black_Glasses_V,Costume Black-Rimmed Glasses (Lower),Armor
31552,C_Blue_Ribbon_V,Costume Blue Ribbon (Middle),Armor
31553,C_Wings_Of_Victory_V,Costume Wings Of Victory (Middle),Armor
31554,C_Bread_Bag2_V,Costume Bread Bag (Middle),Armor
31555,C_Hoplite_Helmet_V,Costume Infantry Helmet (Upper),Armor
31556,C_Moonlight_F_Hat_V,Costume Moonlight Flower Hat (Upper),Armor
31557,C_Hoplite_Helmet_Silver,Costume Hoplite Helmet Silver,Armor
31558,C_Hoplite_Helmet_Black,Costume: Hoplite Helmet Black,Armor
31559,C_Royalguard_Necklace,Costume Royal Guard Necklace,Armor
31560,C_DVAngelNurseCap,Costume Clergy Nurse Cap,Armor
31561,C_8Type_PurgatorialWing,Costume Heavenly Dark Flame,Armor
31562,C_Zherlthsh_Doll,Costume Zealotus Doll,Armor
31563,C_Blue_EyeShadow_JP,Costume Blue Eye Shadow,Armor
31564,C_Variant_Veil,Costume Variant Veil,Armor
31565,C_Princess_Ribbon_Crown,Costume Crowned Princess Ribbon,Armor
31566,C_Stall_Of_Dominions,Costume Stole of Dominion,Armor
31567,C_Sheep_Horn,Costume Sheep's Horns,Armor
31568,C_Floating_Ball_TW,Costume Floating Ball,Armor
31569,C_OpenAir_Headset,Costume Open Air Headset,Armor
31570,C_Cyclops_Visor,Costume Cyclops Visor,Armor
31571,C_Guardian_Processor,Costume Guardian Processor,Armor
31572,C_Mobile_Pursuit_System,Costume Mobile Pursuit System,Armor
31573,C_Mecha_Cat_Ears,Costume Mecha Cat Ears,Armor
31574,C_Cyber_Income,Costume Cyber Income,Armor
31575,C_Electro_Two_Side_Up,Costume Electric Two Sides Up Hair,Armor
31576,C_Spring_Rabbit_Hat,Costume Moon Rabbit Hat,Armor
31577,C_Roast_Memory_J,Costume Chick Chic,Armor
31578,C_Alchemist_Mask_V,Costume Alchemist Mask,Armor
31579,C_Lovegame_Hat,Costume I LOVE GAMES,Armor
31580,C_Autumnal_Flavor,Costume Autumn Taste,Armor
31581,C_Jack_Head,Costume Pumpkin Head,Armor
31582,C_Jirant_Circlet_,Costume Ancient Dragon Crown,Armor
31583,C_Willothewisp,Costume: Firefly Spirit Light,Armor
31584,C_Marin_Muffler,Costume: Marin's Muffler,Armor
31585,C_Drops_Muffler,Costume Drops Muffler,Armor
31586,C_Poporing_Muffler,Costume Poporing Muffler,Armor
31587,C_NationalDay_helmet_TW,Costume: Skoi Rider,Armor
31588,C_SnowFlake_Tiara,Costume Snow Flower,Armor
31589,C_Gold_Magestic_Goat,Costume Gold Baphomet Horns,Armor
31590,C_Der_Meisterpinsel,Costume Designer's Brush,Armor
31591,C_Crown_Of_Saint,Costume Crown of Might,Armor
31592,C_ROEXE2_TH,Costume Morning Poring,Armor
31593,C_Yellow_Scarf,Costume Yellow Scarf,Armor
31594,C_Red_Pencil_Mouth,Costume Red Pencil in Mouth,Armor
31595,C_Book_of_Soyga,Costume Book of Soyga,Armor
31596,C_Spider_Temp_TW,Costume Spider Seduction,Armor
31597,C_GoldFish_Hat,Costume Golden Fish Hat,Armor
31598,C_Forest_Guide,Costume Forest Guide,Armor
31599,C_Medium_Wave,Costume Medium Wave,Armor
31600,C_Kishu_Inu,Costume Kishu Dog,Armor
31601,C_Under_Rim_Glasses_Bu,Costume Under Rimmed Glasses (Blue),Armor
31602,C_Midgarts_Glory,Costume Rune-Midgarts Glory,Armor
31603,C_Cat_Ear_ShortK,Costume Cat Ears Shortcut,Armor
31604,C_Cat_Ear_LongK,Costume Cat Ears Long,Armor
31605,C_Volume_Low_Twin_WHK,Costume Volume Low Twin (White),Armor
31606,C_Autumn_Headband,Costume Autumn Headband,Armor
31607,C_B_EarWitchHat,Costume Black Witch Hat with Ears,Armor
31608,C_Magicstone_Of_Grace,Costume Magicstone of Grace,Armor
31609,C_Noble_Mask,Costume Noble Mask,Armor
31610,C_Yellow_Wizardry_Hat,Costume Yellow Wizardry Hat,Armor
31611,C_Dark_Snake_Lord_Stall,Costume Dark Snake Lord Stole,Armor
31612,C_Large_Sorcerer_Crown,Costume Large Sorcerer Crown,Armor
31613,C_Blue_Strong_Hair,Costume Blue Hair of Strong,Armor
31614,C_Fox,Costume Fox,Armor
31615,C_Geisha_Make,Costume Geisha Make Up,Armor
31616,C_Sleep_Sheep_TW,Costume Sleep Sheep,Armor
31617,C_Lady_Tanee_TW,Costume Lady Tanee,Armor
31618,C_DancingButterfly_TW,Costume Butterfly Charm,Armor
31619,C_Magic_Inheritor_TW,Costume Magic Successor,Armor
31620,C_Snow_Fox_TW,Costume Magic Successor,Armor
31621,C_HappyMargay_TW,Costume Happy Longtail Cat,Armor
31622,C_LostTime_TW,Costume Lost Time,Armor
31623,C_RomanticRose_TW,Costume Romantic Rose,Armor
31624,C_HeartOfCat_TW,Costume Heart of Cat,Armor
31625,C_Protect_Cloth,Costume Protect Cloth,Armor
31626,C_FluffyWing_TW,Costume: Wing of Harmony,Armor
31627,C_L_Magesic2_TW,Costume Goat Helmet,Armor
31628,C_Bogy_Cap_TW,Costume Dokebi,Armor
31629,C_Evil_Bone_Hat,Costume Evil Bone Hat,Armor
31630,C_BaphoJ_Parachute_JP,Costume Baphomet Balloon,Armor
31631,C_Drooping_Schmidt,Costume Drooping Schmidt,Armor
31632,C_Drooping_Oscar,Costume Drooping Oscar,Armor
31633,C_Drooping_Heinrich,Costume Drooping Heinrich,Armor
31634,C_Rudolf_Hairband,Costume Rudolph Hairband,Armor
31635,C_Fairy_Long_BD,Costume Flowing Long (Blonde),Armor
31636,C_Fairy_Long_SV,Costume Flowing Long (Silver),Armor
31637,C_Straight_Long_BU,Costume Straight Long (Blue),Armor
31638,C_Straight_Long_RD,Costume Straight Long (Red),Armor
31639,C_Straight_Long_GL,Costume Straight Long (Blonde),Armor
31640,C_Straight_Long_GN,Costume Straight Long (Green),Armor
31641,C_Straight_Long_JBL,Costume Straight Long (Jet Black),Armor
31642,C_Straight_Long_LPP,Costume Straight Long (Light Purple),Armor
31643,C_Straight_Long_OM,Costume Straight Long (Brown),Armor
31644,C_Straight_Long_PP,Costume Straight Long (Purple),Armor
31645,C_Side_Tail_BU,Costume Side Pony (Blue),Armor
31646,C_Side_Tail_RD,Costume Side Pony (Red),Armor
31647,C_Side_Tail_YL,Costume Side Pony (Blonde),Armor
31648,C_Side_Tail_GN,Costume Side Pony (Green),Armor
31649,C_Side_Tail_BL,Costume Side Pony (Black),Armor
31650,C_Side_Tail_WH,Costume Side Pony (White),Armor
31651,C_Side_Tail_OM,Costume Side Pony (Brown),Armor
31652,C_Side_Tail_PP,Costume Side Pony (Purple),Armor
31653,C_Back_Signon_BU,Costume Chignon (Blue),Armor
31654,C_Back_Signon_RD,Costume Chignon (Red),Armor
31655,C_Back_Signon_YL,Costume Chignon (Blonde),Armor
31656,C_Back_Signon_GN,Costume Chignon (Green),Armor
31657,C_Back_Signon_BL,Costume Chignon (Black),Armor
31658,C_Back_Signon_WH,Costume Chignon (White),Armor
31659,C_Back_Signon_OM,Costume Chignon (Brown),Armor
31660,C_Back_Signon_PP,Costume Chignon (Purple),Armor
31661,C_Alphonse_Helmet,Costume Alphonse Helm,Armor
31662,C_Red_Hood,Costume Red Ridding Hood,Armor
31663,C_Asara_Fairy_Hat_J,Costume Fairy Asara Hat,Armor
31664,C_B_Desert_Wolf_Hat,Costume Drooping Ernst Von Wolf 11th,Armor
31665,C_GoldPoring_Hat_TW,Costume Rich Rich Poring,Armor
31666,C_Crown_of_Unity,Costume Luxury Crown,Armor
31667,C_PoringBeret_TW,Costume Poring Beret,Armor
31668,C_Majoruros_Horn,Costume Majorous Horns,Armor
31669,C_Adv_Whisper_Mask_J,Costume Evolved Whisper Mask (Middle),Armor
31670,C_Miyabi_Long_Hair,Costume Miyabi Doll Hair,Armor
31671,C_Twin_Canon,Costume Twin Cannons,Armor
31672,C_Mermaid_Wig,Costume Mermaid Wig,Armor
31673,C_Picnic_Basket,Costume Picnic Basket,Armor
31674,C_Jitterbug_Cap,Costume Jitterbug Cap,Armor
31675,C_Orange_Stem_Hat,Costume Orange Flavour Hat,Armor
31676,C_Orange_In_Mouth,Costume Orange In Mouth,Armor
31677,C_Stretched_Nose,Costume Pinocchio Nose,Armor
31678,C_Pig_Girl_TW,Costume Little Pig Girl Baloon,Armor
31679,C_Pig_Boy_TW,Costume Little Pig Boy Baloon,Armor
31680,C_Fairy_Long_SVK,Costume Fairy Long Purple,Armor
31681,C_Fairy_Long_BDK,Costume Fairy Long Hair (Blonde),Armor
31682,C_Drooping_Elven_Ears,Costume Drooping Elven Ears,Armor
31683,C_Heart_Wing_Hairband_V,Costume Heart Wing Headband,Armor
31684,C_Kururinpa_Hair,Costume Kururinpa Tails,Armor
31685,C_Fluffy_Semi_Long,Costume Fluffy Semi Long,Armor
31686,C_Desert_Wolf_B,Costume Desert Wolf Baby,Armor
31687,C_Alchemist_Square_Bag,Costume Alchemist Bag,Armor
31688,C_Poring_On_Shoulder,Costume Poring on Shoulder,Armor
31689,C_Piamette_Roll_HairK,Costume Piamette Curls,Armor
31690,C_Flame_Bird,Costume Flamebird,Armor
31691,C_Bell_Pigeon_J,Costume Bell of Pigeon Lower,Armor
31692,C_YDragon_SkyWing,[Costume] Emperor Dragon's Wings,Armor
31693,C_LunaticMuffler,Costume Lunatic Muffler,Armor
31694,C_Poring_Letter_TW,Costume Poring Letter,Armor
31695,C_Tree_Of_Sprout_JP,Costume Tree Sprout,Armor
31696,C_Shark_Hat,Costume Shark Hat,Armor
31697,C_Bird_Nest,Costume Bird Nest,Armor
31698,C_Pigtail_Red_Hood,Costume Red Riding Hood,Armor
31699,C_Smiling_Eyes,Costume Smiling Eyes,Armor
31700,C_ScarfOfHero_TW,Costume Hunter Scarf,Armor
31701,C_ScarfOfHero_R,Costume Warrior Scarf (Rental),Armor
31702,C_Moon_Cat_Fighter,Costume Full Moon Cat Hood,Armor
31703,C_Valentine_Hat,Costume Valentine Hat,Armor
31704,C_Sweet_Valentine_Hat,Costume Sweet Valentine Hat,Armor
31705,C_Red_White_Hat,Costume Red & White Hat,Armor
31706,C_Tatenasi_Helmet,Costume Tatenasi Helmet,Armor
31707,C_Nine_Tail_Fox_Hair,Costume Nine Tail Fox Wig,Armor
31708,C_Gothic_Skull_Ribbon,Costume Gothic Skull Ribbon,Armor
31709,C_Golden_Violet,Costume Golden Violet,Armor
31710,C_Skygirl_Flower,Costume Lace Flower Crown,Armor
31711,C_Gemmed_Crown,Costume Jewel Crown,Armor
31712,C_Oxygen_Mask,Costume Oxygen Mask,Armor
31713,C_Mystery_Fruit_Shell,Costume Mystical Fruit Hat,Armor
31714,C_Indian_Headband,Costume Indian Headband,Armor
31715,C_Orange_Rabbit,Costume Orange Rabbit,Armor
31716,C_Blinking_Eyes_RD,Costume Twinkling Red Eyes,Armor
31717,C_Medium_Wave_BD,Costume Medium Wave (Yellow),Armor
31718,C_Bless_Sky_Lantern_J,Costume Sky Lantern,Armor
31719,C_Cons_Of_Fire,Costume Master of Fire,Armor
31720,C_VesperHeadGear,Costume Vesper Headgear,Armor
31721,C_ResonateTaego,Costume Ancient Resonance,Armor
31722,C_Sedora_Hat,Costume Sedora Hat,Armor
31723,C_Tw_Rice_Ball,Costume Chimaki Hat,Armor
31724,C_Rice_Ball_Hood,Costume Chimaki Hood,Armor
31725,C_Lunar_Rainbow,Costume Rainbow,Armor
31726,C_Hankie_In_Mouth,Costume Handkerchief,Armor
31727,C_Ribbon_Green,Costume Ribbon (Green),Armor
31728,C_Nobility_Hat,Costume Ribbon Straw Hat,Armor
31729,C_Miracle_Plant,Costume Flower Shower,Armor
31730,C_Volume_Low_Twin_CB,Costume Minty's Hairstyle (Peach),Armor
31731,C_SnackParty,Costume Sweets Party,Armor
31732,C_BearBalloon,Costume Bear Balloon,Armor
31733,C_Phantom_Of_Masquerade,Costume Phantom's Mask,Armor
31734,C_CitrusRibbon,Costume Citrus Colored Ribbon,Armor
31735,C_FortunetellinSealed,Costume Yawata Seal,Armor
31736,C_Popcorn_Hair,Costume Popcorn Wig,Armor
31737,C_Wings_Of_Lucifer,Costume Lucifer's Wings,Armor
31738,C_Side_Tail_PP_M_TW,Costume Sweet Side Ponytail (Purple),Armor
31739,C_Side_Tail_OM_M_TW,Costume Sweet Side Ponytail (Brown),Armor
31740,C_Side_Tail_WH_M_TW,Costume Sweet Side Ponytail (White),Armor
31741,C_Side_Tail_BL_M_TW,Costume Sweet Side Ponytail (Black),Armor
31742,C_Side_Tail_GN_M_TW,Costume Sweet Side Ponytail (Green),Armor
31743,C_Side_Tail_YL_M_TW,Costume Sweet Side Ponytail (Yellow),Armor
31744,C_Side_Tail_RD_M_TW,Costume Sweet Side Ponytail (Red),Armor
31745,C_Side_Tail_BU_M_TW,Costume Sweet Side Ponytail (Blue),Armor
31746,C_St_Long_PP_M_TW,Costume Beauty and Long Wig (Purple),Armor
31747,C_St_Long_OM_M_TW,Costume Beauty and Long Wig (Brown),Armor
31748,C_St_Long_LPP_M_TW,Costume Beauty and Long Wig (Pink),Armor
31749,C_St_Long_JBL_M_TW,Costume Beauty and Long Wig (Grey),Armor
31750,C_St_Long_GN_M_TW,Costume Beauty and Long Wig (Green),Armor
31751,C_St_Long_GL_M_TW,Costume Beauty and Long Wig (Gold),Armor
31752,C_St_Long_RD_M_TW,Costume Beauty and Long Wig (Red),Armor
31753,C_St_Long_BU_M_TW,Costume Beauty and Long Wig (Blue),Armor
31754,C_B_S_PP_M_TW,Costume Korean Meatball Head (Purple),Armor
31755,C_B_S_OM_M_TW,Costume Korean Meatball Head (Brown),Armor
31756,C_B_S_WH_M_TW,Costume Korean Meatball Head (White),Armor
31757,C_B_S_BL_M_TW,Costume Korean Meatball Head (Black),Armor
31758,C_B_S_GN_M_TW,Costume Korean Meatball Head (Green),Armor
31759,C_B_S_YL_M_TW,Costume Korean Meatball Head (Yellow),Armor
31760,C_B_S_RD_M_TW,Costume Korean Meatball Head (Red),Armor
31761,C_B_S_BU_M_TW,Costume Korean Meatball Head (Blue),Armor
31762,C_Heart_Card_In_Mouth,Costume Heart Card in Mouth,Armor
31763,C_Fortier_Mask,Costume Fortier Mask,Armor
31764,C_Rainbow_Veil_V,Costume Rainbow Veil Mid,Armor
31765,C_Garnet_Tiara,Costume Garnet Tiara,Armor
31766,C_Peony_Hair_Ornament,Costume Peony Headdress,Armor
31767,C_TW_3rd_Balloon,Costume 3rd Year Balloon,Armor
31768,C_2019RTC_CeleAura_TW,Costume 3rd Anniversary Balloon,Armor
31769,C_Orange_Bunny_Band,Costume Bunny Hairband (Orange),Armor
31770,C_Violet_Bunny_Band,Costume Bunny Hairband (Purple),Armor
31771,C_Blue_Bunny_Band,Costume Bunny Hairband (Blue),Armor
31772,C_Silver_Bunny_Hairband,Costume Bunny Hairband (Silver),Armor
31773,C_Aqua_Bunny_Band,Costume Bunny Hairband (Light Blue),Armor
31774,C_Maroon_Bunny_Band,Costume Bunny Hairband (Red),Armor
31775,C_Golden_Bunny_Band,Costume Bunny Hairband (Golden),Armor
31776,C_Gray_Bunny_Band,Costume Bunny Hairband (Grey),Armor
31777,C_YellowBunny_Hairband,Costume Bunny Hairband (Yellow),Armor
31778,C_PinkBunny_Hairband,Costume Bunny Hairband (Pink),Armor
31779,C_Green_Bunny_Hairband,Costume Bunny Hairband (Green),Armor
31780,C_Sloth_Hat,Costume Sloth Hat,Armor
31781,C_Green_Poring_Hairpin,Costume Poporing Hairpin,Armor
31782,C_Solo_Play_Box1,Costume Poporing Hairpin,Armor
31783,C_Doram_Balloon,Costume Doram Balloon,Armor
31784,C_Exa_Goat_Cap,Costume Experimental Goat Cap,Armor
31785,C_Monster_Fish_Gill,Costume Monster Fish Gills,Armor
31786,C_Red_Baby_Dragon,Costume Red Baby Dragon Hat,Armor
31787,C_SavageB_On_Shoulder,Costume Savage Shoulder Bebe,Armor
31788,C_Piamette_Roll_Hair_SV,Costume Piamette Doll Hair (Silver),Armor
31789,C_Turkey_Hat,Costume Turkey Hat,Armor
31790,C_Blood_Grimoire_J,Costume Grimoire of Red Blood,Armor
31791,C_Pig_Mask_J,Costume Money Pig Mask,Armor
31792,C_Baryon_HeadPhone_TW,Costume Baryon Headphone,Armor
31793,C_Feather_Of_Seraphim,Costume Seraphim's Feather,Armor
31794,C_Puppy_Ears_Hat_Jp,Costume Dog Ear Cap,Armor
31795,C_Elephangel_J,Costume Elephant Fairy,Armor
31796,C_Drooping_Boto,Costume Drooping Boto,Armor
31797,C_Shih_Tzu_Long,Costume Shih Tzu Hair,Armor
31798,C_Baby_Panda,Costume Baby Panda,Armor
31799,C_Pretty_Bear_WH,Costume Pretty White Bear,Armor
31800,C_Br_Twin_Ribbon,Costume Brazil Twin Ribbon,Armor
31801,C_Karada_Meguri_Tea_Hat,Costume Creative Convention Cap,Armor
31802,C_Royal_Milk_Tea_Hat,Costume Creative Convention Chapeau,Armor
31803,C_Cons_Of_Wind,Costume Aura of Tornado,Armor
31804,C_Flower_Hat,Costume Floral Hat,Armor
31805,C_Sunglasses_Bball_Hat,Costume Sunglass Baseball Cap,Armor
31806,C_Tw_Frog_Hat,Costume Blue Frog Hat,Armor
31807,C_Peacock_Feather,Costume Cyber Peacock,Armor
31808,C_Red_PhD_Hat,Costume Academic Cap (Red),Armor
31809,C_Red_Wizardry_Hat,Costume Pointy Hat (Red),Armor
31810,C_Deep_Angel_Hairband,Costume Deep Angel Hairband,Armor
31811,C_Thief_Hood,Costume Thief's Hood,Armor
31812,C_Bulb_Hairband,Costume Light Bulb Hairband,Armor
31813,C_Luna_On_Shoulder_J,Costume Lunatic On Shoulder,Armor
31814,C_RabbitFamilyBalloon,Costume Lunatic Family Balloon,Armor
31815,C_Angola_Intention,Costume Prince of Rabbit,Armor
31816,C_Rabbit_Winged_Robe,Costume Three Rabbits Ribbon,Armor
31817,C_Rabbit_Two_Side_Up,Costume Rabbit Two Sides Up,Armor
31818,C_TopPlayer_TW,Costume Top Player,Armor
31819,C_Dullahan_Mask,Costume Dullahan Mask,Armor
31820,C_Golden_Baseball_Cap,Costume Golden Baseball Cap,Armor
31821,C_Jeje_Cap,Costume Jeje Cap,Armor
31822,C_Summer_Baseball_Cap,Costume Red Sun Baseball Cap,Armor
31823,C_Nose_Glasses_J,Costume Nose Glasses,Armor
31824,C_Mask_Of_Cat_J,Costume Monster Cat Mask,Armor
31825,C_Tongue_Charm_J,Costume Devil's Tongue,Armor
31826,C_Sunglass_Bear_Cap_J,Costume Choppy Bear Hat,Armor
31827,Durumagi,Costume Durumagi,Armor
31828,C_Maple_Falls_RdK,Costume Fallen Leaves Falling (Red),Armor
31829,C_Love_China_CN,Costume I Love China,Armor
31830,C_DragonKnight_Eyepatch,Costume Dragon Knight Eyepatch,Armor
31831,C_Disguise_Mantle,Costume Disguise Cloth,Armor
31832,C_Bicolor_Cat_Witch_Hat,Costume Witch's Cat Hat,Armor
31833,C_Halloween_Cat_Short,Costume Halloween Cat Short,Armor
31834,C_Halloween_Cat_Long,Costume Halloween Cat Long,Armor
31835,C_2019_D10_Muffler_TW,Costume 10th October National Day Scarf,Armor
31836,C_Aviator_Hat,Costume Aviator's Hat,Armor
31837,C_SharkHead_J,Costume Baby Shark Head,Armor
31838,C_Golden_Wreath,Costume Asia Masters Gold Wreath,Armor
31839,C_FluffyWing_J,Costume Urd Wings,Armor
31840,C_BJ_HeadsetA,Costume DJ Headset,Armor
31841,C_BJ_HeadsetB,Costume OnAir BJ Headset,Armor
31842,C_Striking_hat,Costume Striking Hat,Armor
31843,C_Heavenly_Order,Costume Heavenly Order,Armor
31844,C_Mob_Scarf,Costume Runaway Scarf,Armor
31845,C_Palace_Guard_Cap,Costume Guard's Hat,Armor
31846,C_Lovely_Ribbon_Hair,Costume Lovely Ribbon Hair,Armor
31847,C_Blink_Eyes_Cocktai_BU,Costume Blinking Blue Eyes,Armor
31848,C_Rose_Gothic_Bonnet,Costume Rose Gothic Bonnet,Armor
31849,C_Runaway_Accelerator,Costume Runaway Accelerator,Armor
31850,C_Gift_of_Panagia,Costume Crown of Faithful Faith,Armor
31851,C_Phalanx,Costume Floating Shield,Armor
31852,C_WitchManteau,Costume Witch's Cloak,Armor
31853,C_ZombieMask,Costume Zombie Mask,Armor
31854,C_SnackParty_J,Costume Choco Chip Cookies,Armor
31855,Mushroom_Hair,Costume Chocolate Mushroom Wig,Armor
31856,C_Airy_Two_Side_Up_BD,Costume Airy Two Side Up (Blonde),Armor
31857,C_Airy_Two_Side_Up_SV,Costume Airy Two Side Up (Silver),Armor
31858,C_Signon_Princ_Wave_BU,Costume Signon Princess Wave (Blue),Armor
31859,C_Signon_Princ_Wave_RD,Costume Signon Princess Wave (Red),Armor
31860,C_Signon_Princ_Wave_YL,Costume Signon Princess Wave (Yellow),Armor
31861,C_Signon_Princ_Wave_GN,Costume Signon Princess Wave (Green),Armor
31862,C_Signon_Princ_Wave_BL,Costume Signon Princess Wave (Black),Armor
31863,C_Signon_Princ_Wave_WH,Costume Signon Princess Wave (White),Armor
31864,C_Signon_Princ_Wave_OM,Costume Signon Princess Wave (Brown),Armor
31865,C_Signon_Princ_Wave_PP,Costume Signon Princess Wave (Purple),Armor
31866,C_Braid_Headband_BU,Costume Braid Headband (Blue),Armor
31867,C_Braid_Headband_RD,Costume Braid Headband (Red),Armor
31868,C_Braid_Headband_YL,Costume Braid Headband (Yellow),Armor
31869,C_Braid_Headband_GN,Costume Braid Headband (Green),Armor
31870,C_Braid_Headband_BL,Costume Braid Headband (Black),Armor
31871,C_Braid_Headband_WH,Costume Braid Headband (White),Armor
31872,C_Braid_Headband_OM,Costume Braid Headband (Brown),Armor
31873,C_Braid_Headband_PP,Costume Braid Headband (Purple),Armor
31874,C_Exotic_Bob_L_LB,Costume Himelmez's Wig (Blue),Armor
31875,C_Exotic_Bob_L_YL,Costume Himelmez's Wig (Yellow),Armor
31876,C_Exotic_Bob_L_WH,Costume Himelmez's Wig (White),Armor
31877,C_Exotic_Bob_L_LPP,Costume Himelmez's Wig (Light Purple),Armor
31878,C_Exotic_Bob_R_PK,Costume Himelmez's Wig (Pink),Armor
31879,C_Exotic_Bob_R_BG,Costume Himelmez's Wig (Blue Green),Armor
31880,C_Exotic_Bob_R_JBL,Costume Himelmez's Wig (Black),Armor
31881,C_Exotic_Bob_R_BW,Costume Himelmez's Wig (Brown),Armor
31882,C_Choco_Stick_In_Mouth,Costume Choco Stick In Mouth,Armor
31883,C_Nine_Tail_Fox_Hair_J,Costume Nine Tail Fox Hair,Armor
31884,C_Magic_Helm,Costume Magic Helm,Armor
31885,Cons_Of_Earth,Costume Cons of Earth,Armor
31886,C_Pierced_Apple_E,Costume Pierced Apple Hat,Armor
31887,C_Pure_Love_Muffler,Costume Pure Scarf,Armor
31888,C_W_King_Tiger_Doll_Hat,Costume White Tiger Doll,Armor
31889,C_Gemini_Crown,Costume Gemini Crown,Armor
31890,C_Sagittarius_Diadem,Costume Sagittarius Diadem,Armor
31891,C_Surpentarius_Crown,Costume Surpentarius Crown,Armor
31892,C_Aquarius_Diadem,Costume Aquarius Diadem,Armor
31893,C_Libra_Crown,Costume Libra Crown,Armor
31894,C_Scorpio_Diadem,Costume Scorpio Diadem,Armor
31895,C_Aries_Diadem,Costume Aries Diadem,Armor
31896,C_Capricon_Crown,Costume Capricorn Crown,Armor
31897,C_Pisces_Crown,Costume Pisces Crown,Armor
31898,C_Sagittarius_Crown,Costume Sagittarius Crown,Armor
31899,C_Freyja_Crown,Costume Freyja's Crown,Armor
31900,C_Hair_Of_The_Strong_R,Costume Hair Of The Strong,Armor
31901,C_White_Strong_Hair_R,Costume White Strong Hair,Armor
31902,C_10_Type_Glasses,Costume Cool Shades,Armor
31903,C_White_Snake,Costume White Snake,Armor
31904,C_Para_Team_Hat100,Costume Snow Parade Hat,Armor
31905,C_Blanc_Neige_Prince,Costume Snow Ice Hair,Armor
31906,C_PGstone_Knit_Hat_PK,Costume Cat Paw Knitted Hat,Armor
31907,C_PGstone_Knit_Hat_BW,Costume Cat Paw Knitted Hat (Brown),Armor
31908,C_Antler_Fedora,Costume Antler Fedora,Armor
31909,C_711_Knit_Hat,Costume Seven-Eleven Knitted Hat,Armor
31910,C_Shaving_Cream,Costume Festive Santa Beard,Armor
31911,C_LittleGarden,Costume Little Garden,Armor
31912,C_Black_Veil_J,Costume Black Veil,Armor
31913,C_Black_Feather,Costume Feathered Black Cap,Armor
31914,C_Red_Bread_Hat,Costume Mini Beret Hairband,Armor
31915,c_Sweet_Corone,Costume Sweet Coronet,Armor
31916,C_Frill_Collar,Costume Frill Neckcap,Armor
31917,C_2018_RTC_Cape4_TW_J,Costume Glory Flag (Red),Armor
31918,C_Party_Recruiter_Hat,Costume Party Member Recruit Hat,Armor
31919,C_Friend_Recruiter_Hat,Costume Friend Recruit Hat,Armor
31920,C_Western_Grace,Costume Western Crace,Armor
31921,C_Fairy_Long_CB,Costume: Choa Hairstyle (Peach),Armor
31922,C_Fluffy_Semi_Long_SV,Costume Fluffy Semi-Long (Silver),Armor
31923,C_Baby_Polar_Bear,Costume Baby Polar Bear,Armor
31924,C_Blinking_Eyes_BU,Costume Twinkling Blue Eyes,Armor
31925,C_Valentine_Hat_US,Costume Valentine Hat,Armor
31926,C_Aura_Quartz_REU,Costume Aura Quartz,Armor
31927,C_Blue_Pencil_In_Mouth,Costume Pencil in Mouth (Blue),Armor
31928,C_Cylinder_Hairband,Costume Cylinder Hairband,Armor
31929,C_Cryptura_Academy_Hat,Costume Smile School Cap,Armor
31930,C_Mike_Stand,Costume Standing Mic,Armor
31931,C_Half_Rim_Glasses,Costume Half Rim Glasses,Armor
31932,C_Suit_Sollar,Costume Suit Lapel,Armor
31933,C_Miyabi_Long_Hair_LPP,Costume Miyabi Doll Long Hair (Light Purple),Armor
31934,C_Blink_Eyes_Sakura,Costume Blinking Purple Eyes,Armor
31935,C_Baby_Dragon_Hat,Costume Baby Dragon Hat,Armor
31936,C_Nut_Donut_In_Mouth,Costume Honeynut Donut,Armor
31937,C_Unicorn_Ornament,Costume Unicorn Headdress,Armor
31938,C_L_Knitting_Low_Twin,Costume Loose Knitting Twin,Armor
31939,C_Carnation_Corolla,Costume Carnation Corolla,Armor
31940,C_Earth_Godess_Mask,Costume flag mask,Armor
31941,C_Super_Cell,Costume Storm Cell,Armor
31942,C_Romance_Rose_J,Costume Pretty Rose,Armor
31943,C_Frog_Hood,Costume Tree Frog Hood,Armor
31944,C_Elegant_Wave,Costume Elegant Wave,Armor
31945,C_Golden_Angel_Band,Costume Golden Angel Hairband,Armor
31946,C_Frantic_Looking,Costume Demon King's Eye,Armor
31947,C_Sinister_Horn_Gear,Costume Dark Horn,Armor
31948,C_Eyes_Of_Illusion,Costume Headband of Illusion's Eyes,Armor
31949,C_Diabolus_Wing,Costume Diablos Wings,Armor
31950,C_Nut_Cracker_JP,Costume Replica Nut Cracker,Armor
31951,C_Happy_Cat_JP,Costume Happy Cat,Armor
31952,C_GatesofNetherWorld,Costume Gates of Netherworld,Armor
31953,C_Cor_Core_Headset,Costume Core Headset,Armor
31954,C_Vassalage_Necklace,Costume Vassalage Necklace,Armor
31955,C_Angeling_1st,Costume 1st Angeling Hat,Armor
31956,C_Angeling_2nd,Costume 2nd Angeling Hat,Armor
31957,C_Cons_Of_Poison,Costume Cons of Poison,Armor
31958,C_SantaPoring_Balloon,Costume Santa Poring Balloon,Armor
31959,C_RK_Hair_BL,Costume Wave Perm (Black),Armor
31960,C_RK_Hair_BU,Costume Wave Perm (Blue),Armor
31961,C_RK_Hair_GN,Costume Wave Perm (Green),Armor
31962,C_RK_Hair_OM,Costume Wave Perm (Brown),Armor
31963,C_RK_Hair_PK,Costume Wave Perm (Pink),Armor
31964,C_RK_Hair_PP,Costume Wave Perm (Purple),Armor
31965,C_RK_Hair_RD,Costume Wave Perm (Red),Armor
31966,C_RK_Hair_WH,Costume Wave Perm (White),Armor
31967,C_RK_Hair_YL,Costume Wave Perm (Yellow),Armor
31968,C_AB_Hair_BL,Costume Ponytail Hair (Black),Armor
31969,C_AB_Hair_LPP,Costume Ponytail Hair (Light Purple),Armor
31970,C_AB_Hair_OM,Costume Ponytail Hair (Brown),Armor
31971,C_AB_Hair_WH,Costume Ponytail Hair (White),Armor
31972,C_Purificatory_Mask,Costume Purificatory Mask,Armor
31973,C_Blossom_Glasses,Costume Cherry Blossom Glasses,Armor
31974,C_Melon_Headphone,Costume Melon Headphones,Armor
31975,C_Sweet_Potato_In_Mouth,Costume Sweet Potato in Mouth,Armor
31976,C_Focus_Beret,Costume Concentration Beret,Armor
31977,C_Rent_Dog_Officer_TH,[Rental] Costume Dog Officer,Armor
31978,C_Fire_Giant_Red,Costume Red Flame Giant,Armor
31979,C_Fire_Giant_Gold,Costume Golden Flame Giant,Armor
31980,aegis_31980,Costume Concentration Beret,Armor
32000,Blue_Spear,Blue Spear,Weapon
32001,Diva_Spear,Diva Spear,Weapon
32002,Mirage_Spear,Mirage Spear,Weapon
32003,Sinister_Spear_J,Spear of Evil,Weapon
32004,Probation_Lance,Trial Royal Guard's Lance,Weapon
32005,Pole_Axe_IL,Illusion Pole Axe,Weapon
32007,Jirant_Spear,God Eater Dragon Spear,Weapon
32012,Metal_Stick_J,Metal Stick,Weapon
32013,Metal_Stick,Metal Stick,Weapon
32014,Blut_Spear,Brute Spear,Weapon
32015,Woe_Onehand_Spear1_Z,Lesser Guild Member's Pike,Weapon
32017,Variant_Spear,Abyss Spear,Weapon
32018,Undine_Spear_K,Aquatic Spear,Weapon
32019,Boost_Lance_OS,Boost Lance-OS,Weapon
32021,Evt_Undine_Spear_K,Sealed Aquatic Spear,Weapon
32023,Argen_Blanco,Argen Blanco,Weapon
32024,Harve,Harve,Weapon
32025,Fortrage,Fortridge,Weapon
32026,Ein_1HSPEAR,Blocking Spear,Weapon
32027,G_Knight_Spear,Guardian Knight Spear,Weapon
32028,Argen_Blanco_J,Argen Blanco,Weapon
32029,Harve_J,Harvest,Weapon
32030,Fortrage_J,Fortrage,Weapon
32031,Aries_Spear_J,Aries Spear,Weapon
32034,Comp_Undine_Spear_K,[Not For Sale] Aquatic Spear,Weapon
32101,Local01_Violin,Earth Dragon Violin,Weapon
32102,Local02_Violin,Yinyang Violin,Weapon
32103,Woe_Instrument1_Z,Lesser Guild Member's Guitar,Weapon
32104,Hyegun_Erhu,Hyegun Erhu,Weapon
32105,Variant_Viollin,Abyss Violin,Weapon
32106,Variant_Blade_Whip,Abyss Blade Whip,Weapon
32107,Black_Circle,Black Circle,Weapon
32108,Antique_Cello,Antique Cello,Weapon
32110,Ein_1HLUTE,Safety Lute,Weapon
32111,R_Cello,Royal Chello,Weapon
32112,Black_Circle_J,Black Circle,Weapon
32113,Antique_Cello_J,Antique Cello,Weapon
32117,Dark_Illu_Guitar_TH,Dark Illusion Guitar,Weapon
32202,Comp_All_In_One_Ring,Ring of Apology,Armor
32203,Accelerator_Chip,Accelerator Chip,Armor
32204,Immortal_Dog_Tag,Immortal Dog Tag,Armor
32206,Prta_Mil_Glove,Prontera Militia Glove,Armor
32207,Illusion_B_R,Illusion Booster R,Armor
32208,Illusion_B_L,Illusion Booster L,Armor
32209,Illusion_BC_R,Illusion Battle chip R,Armor
32210,Illusion_BC_L,Illusion Battle chip L,Armor
32219,Astraea_Ring,Asteria's Ring,Armor
32221,Time_Overload_Ring,Temporal Transcendence Ring,Armor
32222,Brooch_Of_Hero,Brooch of Hero,Armor
32227,Fenrir_Chain,Fenrir Chain,Armor
32228,Schmidt_Insignia_Str,King Schmidt's Power Insignia,Armor
32229,Schmidt_Insignia_Int,King Schmidt's Divine Power Insignia,Armor
32230,Schmidt_Insignia_Luk,King Schmidt's Hundred Lucks Insignia,Armor
32231,Schmidt_Insignia_Vit,King Schmidt's Rigid Body Insignia,Armor
32232,Schmidt_Insignia_Agi,King Schmidt's Flash Insignia,Armor
32233,Schmidt_Insignia_Dex,King Schmidt's Celestial Insignia,Armor
32234,UnrivaledRing,Unrivaled Ring,Armor
32237,Celine_Brooch_K,Celine's Brooch,Armor
32238,Morpheus_Ring_IL,Illusion Morpheus's Ring,Armor
32239,Morpheus_Armlet_IL,Illusion Morpheus's Bracelet,Armor
32242,Old_DetachmentsRing_J,Old Detachment Ring,Armor
32243,Star_Force_Ring_TW,Magic Star Ring,Armor
32245,RingOfThought_TW,Thought Ring,Armor
32246,Main_Memory_JP,Main Memory,Armor
32247,Leo_Ring_J,Leo Ring,Armor
32248,Ein_SAFETY_PENDR,Safety Pendant R,Armor
32249,Ein_SAFETY_PENDL,Safety Pendant B,Armor
32250,Ein_SAFETY_EPAULR,Safety Epaulet R,Armor
32251,Ein_SAFETY_EPAULL,Safety Epaulet B,Armor
32252,H_AD_Clip,High Adventurer Clip,Armor
32253,Cancer_Ring_J,Cancer Ring,Armor
32258,RingofJupiter,Ring of Jupiter,Armor
32259,CannonConverter_TW,Cannon Modifier,Armor
32261,Libra_Ring_J,Libra Ring,Armor
32262,Ball_Of_RasenHuuma,Rasen Fuma's Orb,Armor
32263,Shield_Ring,Shield Ring,Armor
32264,Taurus_Ring_J,Taurus Ring,Armor
32265,Tip_Of_Thief_Vol2,Thief's Guide Vol.2,Armor
32266,Aquarius_Ring_J,Aquarius Ring,Armor
32267,Scorpio_Ring_J,Scorpio Ring,Armor
32270,Luminous_Blue_Stone_TW,Luminous Blue Stone,Armor
32278,Sealed_Ring_TW,Frozen Ring,Armor
32281,Scorpion_Chain_EXE,Scorpion's Chain (OSM),Armor
32282,Erron_Black_Glove_EXE,Erron's Black Glove (OSM),Armor
32285,Record_Mage_TW,Record of Destroy (Mage),Armor
32286,Record_Merchant_TW,Record of Destroy (Merchant),Armor
32287,Record_Thief_TW,Record of Destroy (Thief),Armor
32288,Record_Acol_TW,Record of Destroy (Acolyte),Armor
32293,Pollux_Ring_J,Pollux Ring,Armor
32294,Procyon_Ring_J,Procyon Ring,Armor
32295,Crystal_Blade_Necklace,Crystal Blade Necklace,Armor
32296,Crystal_Blade_Necklace_,Crystal Blade Necklace,Armor
32300,Variant_Handgun,Abyss Hand Gun,Weapon
32301,Gold_Lux_IL,Illusion Gold Lux,Weapon
32302,Crimson_Rose,Crimson Rose,Weapon
32303,Ein_1HGUN,Bolt Revolver,Weapon
32304,R_Revolver,Royal Revolver,Weapon
32305,Titanium_Gun_EXE,Titanium Gun,Weapon
32350,Farthezan,Farthezan,Weapon
32351,Estal,Estal,Weapon
32352,Ein_1HSWORD,Safety Saber,Weapon
32353,G_Knight_JewelSword,Guardian Knight Jewel Sword,Weapon
32354,Farthezan_J,Farthezan,Weapon
32355,Estal_J,Estal,Weapon
32358,Comp_Sword_Of_Bluefire,[Not For Sale] Red Lotus Sword,Weapon
32401,R_Pillar,Royal Pillar,Weapon
32402,R_Syringe,Royal Syringe,Weapon
32403,G_Alchemist_Staff,Royal Alchemy Staff,Weapon
32404,Engine_Pilebuncker_J,Engine pile bunker,Weapon
32405,Coolant_Injection_J,Coolant Injection,Weapon
32406,Gene_Rod_J,Gene Rod,Weapon
32407,Lucis_Flail_J,Lucis Flail,Weapon
32408,Bright_Mace_J,Bright Mace,Weapon
400000,WhistleK,Whistle,Armor
400001,Victory_Wing_Ear,Victory Wing Ears,Armor
400002,Victory_Wing_Ear_,Victory Wing Ears,Armor
400003,TimeExtensionArmor,Time Extension (Rented),Armor
400006,Orcsuccessionhelm_TW,Heritage Symbol of the Orcs,Armor
400011,Officer_Cap,Officer's Hat,Armor
400014,2019RTC_CeleAura_TW,2019 RTC Memorial Poring Pool,Armor
400015,Capricon_Diadem_J,Capricon Diadem,Armor
400016,Turkey_Hat,Turkey Hat,Armor
400017,Kukulkan_Head_TW,Kukulkan Skull,Armor
400018,NettyHeart_Gum_TW,Love Bubble Gum,Armor
400020,C_BeachBall,Costume Beachball,Armor
400021,Clock_Casket_RD,Red Clark Casquette,Armor
400022,Ignis_CapK,Ignis Cap,Armor
400023,Dolor_HatK,Drooping Thanatos's Dolor,Armor
400043,Fallen_Angel_feather,Fallen Angel Hairband,Armor
400044,Phantom_Cap,Phantom of Masquerade,Armor
400045,C_Pierced_Apple,Pierced Apple,Armor
400046,C_Pierced_Apple_,Costume Pierced Apple,Armor
400047,Runaway_Accelerator,Runaway Accelerator,Armor
400048,Gift_of_Panagia,Gift of Panagia,Armor
400049,Stripe_Hat,Stripe Hat,Armor
400050,Gothic_Skull_Ribbon,Gothic Skull Ribbon,Armor
400051,Golden_Violet,Golden Violet,Armor
400052,Duel_Dragon_Hat,Duel Dragon Hat,Armor
400053,Morrigane_Helm_IL,Illusion Morrigane's Helm,Armor
400054,Large_Sorcerer_Crown,Great Magician's Ceremonial Crown,Armor
400055,C_ShineSantaPoringE,Costume Shiny Santa Poring Hat,Armor
400056,C_VIP_Hair_Female,Costume: Blue Devil Wig,Armor
400057,C_VIP_Hair_Male,Costume: Red Lotus Demon Wig,Armor
400059,Scorpio_Diadem_K,Scorpio Celestial Coronet,Armor
400060,Freyja_Crown_J,Shiny Kitty Crown,Armor
400061,Sagittarius_DiademK,Sagittarius Celestial Coronet,Armor
400064,JP_Helm22_L,Rental Owl Viscount Silk Hat,Armor
400070,JP_Helm28_L,Rental Crown of the Phoenix,Armor
400073,C_Romance_Rose_TW,Costume Romantic Rose,Armor
400074,C_Disapear_Time_TW,Costume Lost Time,Armor
400075,Astraea_Helm_TW,Asteria's Helm,Armor
400076,C_20th_Anniversary,Costume Gravity's 20th Anniversary Balloon,Armor
400077,Cat_Shampoo_Hat,Splash Cat Hat,Armor
400078,BioWeapon_Helm_RK,Goral Crown,Armor
400079,BioWeapon_Helm_LG,Trial Diadem,Armor
400080,C_Kriemhild_Crown_TW,Costume Kriemhild Crown,Armor
400081,C_2020RTC_Imp_TW,Costume 2020RTC Naughty Ghost,Armor
400082,2020RTC_Imp_TW,2020RTC Naughty Ghost,Armor
400083,2020maypay_01,The Truth of Creation and Soul,Armor
400084,2020maypay_02,Genlin Heirs,Armor
400085,2020maypay_03,Elite Force Cap,Armor
400086,2020maypay_04,The Meow Family's Paycheck,Armor
400087,2020maypay_05,Potential to Inspire Adventure Cap,Armor
400088,2020RTC_01,2020RTC Gold Naughty Ghost,Armor
400089,2020RTC_02,2020RTC Silver Naughty Ghost,Armor
400090,2020RTC_03,2020RTC Bronze Naughty Ghost,Armor
400091,C_Gray_Helmet,Costume Gray Helmet,Armor
400092,C_L_Magestic_Goat2,Costume Luxurious Horns,Armor
400093,C_18y_Hat_TW,Costume Ragnarok 18th Anniversary Headwear,Armor
400094,BioWeapon_Helm_WL,Jade Crown,Armor
400095,BioWeapon_Helm_SO,Spinel Diadem,Armor
400097,Egirnion_Helm,Aegirnion Helm,Armor
400098,BioWeapon_Helm_NC,Bull Crown,Armor
400099,BioWeapon_Helm_GN,Taurus Diadem,Armor
400100,C_VIP_Hair_2024,Costume Leon Wig,Armor
400101,GatesofNetherworld,Gate of Netherworld,Armor
400103,Fletus_Tiara_MT,Costume Phoenix Crown,Armor
400104,Fletus_Tiara_BO,Odin Mask (Middle),Armor
400105,Glacier_Helm_1,Issgard Warrior Crown,Armor
400106,Glacier_Helm_2,Issgard Magician Crown,Armor
400107,Glacier_Helm_3,Issgard Ranger Crown,Armor
400109,Boitata_Hat_K,Boitata Hat,Armor
400110,Beelzebub_Crown_K,Crown of Beelzebub,Armor
400111,Vesper_H_Gear_K,Vesper Headgear,Armor
400113,Victory_Ear_JP,Victory Wing Ear,Armor
400114,Victory_Ear_JP_,Victory Wing Ear,Armor
400115,C_Rag_Origin_Hat,Costume Angeling Bread Hat,Armor
400116,BioWeapon_Helm_RA,Celestial Jewel Crown,Armor
400117,BioWeapon_Helm_WM,Libra Crown,Armor
400118,BioWeapon_Helm_AB,Saint Crown,Armor
400119,BioWeapon_Helm_SR,Lion Crown,Armor
400120,BioWeapon_Helm_SC,Goat Crown,Armor
400121,BioWeapon_Helm_GC,Twin Crown,Armor
400122,Summer_Promo_Helm1,Booster Power Hat (Physical),Armor
400123,Summer_Promo_Helm2,Booster Power Hat (Magical),Armor
400124,C_Magestic_Goat2,Costume Majestic Goat of Dawn,Armor
400125,The_Kings_Hat,Hat of Ancient Kings,Armor
400126,C_CAPOORING_TW,Costume Capooring,Armor
400127,Ep18_Mini_Elly,Mini Elly,Armor
400128,C_Ep18_Mini_Elly,Costume Dropping Elly,Armor
400129,C_Puriku_Cap,Costume Puriku Cap,Armor
400131,C_Diadem_Of_Bruenhild,Costume Diadem of Brunhild,Armor
400132,C_Afro_Wig_J,Costume Afro Hair Wig,Armor
400133,C_Para_Team_Hat160,Costume Aurora Parade Hat,Armor
400134,Thanos_Helm_1,Thanos Warrior Helmet,Armor
400135,Thanos_Helm1_LT,Thanos Warrior Helmet-LT,Armor
400136,C_Ancient_Gold_Deco_TW,Costume Ancient Gold Deco,Armor
400137,1Para_Cap_A,Paradise Cap,Armor
400138,1Para_Cap_B,Paradise Hat,Armor
400139,2Para_Cap_A,Advanced Paradise Luxury Cap,Armor
400140,2Para_Cap_B,Advanced Paradise Hat,Armor
400141,Thanos_Helm_2,Thanos Shooter Helmet,Armor
400142,Thanos_Helm2_LT,Thanos Shooter Helmet-LT,Armor
400143,C_Asgard_Circlet_TW,Costume Crimson Valkyrie Circlet,Armor
400144,C_Glory_Symbol_TW,Costume Glory Symbol,Armor
400145,Thanos_Helm3_LT,Thanos Magic Helmet-LT,Armor
400146,Thanos_Helm_3,Thanos Magic Helmet,Armor
400147,Drooping_Betelgeuse,Costume Dropping Betelgeuse,Armor
400148,C_Black_Dragon_Style,Costume Black Dragon Wig,Armor
400149,C_Black_Thunder,Costume Black Thunder,Armor
400150,Thanos_Helm_4,Thanos Fighter Helmet,Armor
400151,Thanos_Helm4_LT,Thanos Fighter Helmet-LT,Armor
400152,Smoky_TransformHat_LT,Smokey's Transformation Leaf-LT,Armor
400153,Whikebain_Ears_K_LT,Wickebine's Black Cat Ears-LT,Armor
400154,Survive_Circlet_K_LT,Survival Circlet-LT,Armor
400155,GoldFish_Hat_LT,Gold Fish Head Hat-LT,Armor
400156,Imp_Hat_LT,Imp Hat-LT,Armor
400157,C_Astrologer_T_Hat,Costume Astrologer's Cap,Armor
400158,C_Demon_Crown,Costume Demon Crown,Armor
400159,C_Bridal_Heir_Band_TW,Costume Bridal Heir Band,Armor
400160,C_Wave_Noodle,Costume Wavy Noodles,Armor
400161,C_Hat_0f_King,Costume Hat of King,Armor
400162,C_Red_Navy_Hat,Costume Red Navy Hat,Armor
400163,C_Whale_Cap,Costume Whale Cap,Armor
400164,2021RTC_Headset_TW,2021RTC Gaming Headset,Armor
400165,C_Green_Apple_Hat_J,Costume Green Apple Hat,Armor
400166,C_Egir_Helm,Costume Aegir Helm,Armor
400167,C_Mosquito_Coil,Costume Mosquito Coil,Armor
400168,C_Souvenirs_Of_Izlude,Costume Souvenirs Of Izlude,Armor
400169,C_Fish_Pin,Costume Fish Pin,Armor
400170,C_Jaty_C,Costume Jaty,Armor
400171,C_Angel_feather,Costume Angel feather,Armor
400172,C_Ati_Atihan_Hat_V,Costume Atihan Hat,Armor
400173,C_Fancy_Phantom_Mask_V,Costume Fancy Phantom Mask (Middle),Armor
400174,C_Weissbier_Hat,Costume Buyers Hat,Armor
400175,C_Campfire_Hat,Costume Camp Fire Cap,Armor
400176,C_Fishbowl_Parfait_Hat,Costume Fishbowl Parfait Hat,Armor
400177,Fafnir_Helm,Fafnir Helm,Armor
400178,Viva_Adul_Hat_WL1,Helm of Faith (Warlock),Armor
400179,Viva_Adul_Hat_WL2,Helm of Faith II (Warlock),Armor
400180,Viva_Adul_Hat_SR1,Helm of Faith (Sura),Armor
400181,Viva_Adul_Hat_SR2,Helm of Faith II (Sura),Armor
400182,C_Clinging_Doram_2,Costume Doram Head Hat,Armor
400183,C_Rabbit_Earplug_V,Costume Rabbit Earmuffs (Head),Armor
400184,C_Hill_Wind_Mask_V,Costume Hill Wind Head (Upper),Armor
400185,C_Red_Tiger_Mask,Costume Tiger Mask,Armor
400186,C_Snake_Head,Costume Snake Hat,Armor
400187,Purple_Cat_Ears_Beret,Cat Ears Beret,Armor
400188,C_Evt_RagFes_band,Costume Ragfest Commemorative Headband,Armor
400189,Viva_Adul_Hat_AB1,Helm of Faith (Archbishop),Armor
400190,Viva_Adul_Hat_AB2,Helm of Faith II (Archbishop),Armor
400191,Viva_Adul_Hat_SC1,Helm of Faith (Shadow Chaser),Armor
400192,Viva_Adul_Hat_SC2,Helm of Faith II (Shadow Chaser),Armor
400193,C_Navy_Drooping_Kitty,Costume Navy Drooping Kitty,Armor
400194,NostalgiaCherryBlossom,Nostalgia Cherry Blossom,Armor
400195,C_Pizza_Hat_J,Costume Pepperoni Pizza,Armor
400196,C_Autumnal_Flavor_J,Costume Autumn Flavor(Upper),Armor
400197,C_Sweet_Chef_Hat,Costume Sweet Chef Hat,Armor
400198,Viva_Adul_Hat_RA1,Helm of Faith (Ranger),Armor
400199,Viva_Adul_Hat_RA2,Helm of Faith II (Ranger),Armor
400200,Viva_Adul_Hat_LG1,Helm of Faith (Royal Guard),Armor
400201,Viva_Adul_Hat_LG2,Helm of Faith II (Royal Guard),Armor
400203,Wolf_Officer_Hat,Wolf Officer Hat,Armor
400204,C_Cat_Ear_Red_Hat_TW,Costume Cat Ear Red Witch Hat,Armor
400205,C_Bun_Twin_Tail_BU,Costume Odango Twintails (Blue),Armor
400206,C_Bun_Twin_Tail_RD,Costume Odango Twintails (Red),Armor
400207,C_Bun_Twin_Tail_YL,Costume Odango Twintails (Yellow),Armor
400208,C_Bun_Twin_Tail_GN,Costume Odango Twintails (Green),Armor
400209,C_Bun_Twin_Tail_BL,Costume Odango Twintails (Black),Armor
400210,C_Bun_Twin_Tail_WH,Costume Odango Twintails (White),Armor
400211,C_Bun_Twin_Tail_OM,Costume Odango Twintails (Brown),Armor
400212,C_Bun_Twin_Tail_PP,Costume Odango Twintails (Purple),Armor
400213,Faith_Of_Yggdrasil,Faith of Yggdrasil,Armor
400214,C_Faith_Of_Yggdrasil,Costume: Faith of Yggdrasl,Armor
400216,Viva_Adul_Hat_GC1,Helm of Faith (Guillotine Cross),Armor
400217,Viva_Adul_Hat_GC2,Helm of Faith II (Guillotine Cross),Armor
400218,Viva_Adul_Hat_SO1,Helm of Faith (Sorcerer),Armor
400219,Viva_Adul_Hat_SO2,Helm of Faith II (Sorcerer),Armor
400221,C_Jasper_Crest,Costume Jasper Crest,Armor
400223,C_Fantastic_Wig,Costume Fantastic Wig,Armor
400224,C_Navy_Beret,Costume Navy Hat,Armor
400225,C_Fluffy_Rabbit_Cape,Costume Fluffy Rabbit Cape,Armor
400226,Viva_Adul_Hat_RK1,Helm of Faith (Rune Knight),Armor
400227,Viva_Adul_Hat_RK2,Helm of Faith II (Rune Knight),Armor
400228,Viva_Adul_Hat_WM1,Helm of Faith (Minstrel & Wanderer),Armor
400229,Viva_Adul_Hat_WM2,Helm of Faith II (Minstrel & Wanderer),Armor
400230,Viva_Adul_Hat_NC1,Helm of Faith (Mechanic),Armor
400231,Viva_Adul_Hat_NC2,Helm of Faith II (Mechanic),Armor
400232,C_Crushed_Snow_Man,Costume Crushed Snow Man,Armor
400233,Viva_Adul_Hat_GN1,Helm of Faith (Genetic),Armor
400234,Viva_Adul_Hat_GN2,Helm of Faith II (Genetic),Armor
400235,Viva_Adul_Hat_KO1,Helm of Faith (Kagerou & Oboro),Armor
400236,Viva_Adul_Hat_KO2,Helm of Faith II (Kagerou & Oboro),Armor
400237,Viva_Adul_Hat_RL1,Helm of Faith (Rebellion),Armor
400238,Viva_Adul_Hat_RL2,Helm of Faith II (Rebellion),Armor
400239,Viva_Adul_Hat_SP1,Helm of Faith (Soul Reaper),Armor
400240,Viva_Adul_Hat_SP2,Helm of Faith II (Soul Reaper),Armor
400241,Viva_Adul_Hat_SJ1,Helm of Faith (Star Emperor),Armor
400242,Viva_Adul_Hat_SJ2,Helm of Faith II (Star Emperor),Armor
400243,Viva_Adul_Hat_SU1,Helm of Faith (Summoner),Armor
400244,Viva_Adul_Hat_SU2,Helm of Faith II (Summoner),Armor
400245,King_Tiger_Doll_Hat_LT,Tiger King Doll Hat-LT,Armor
400246,Baksojin_Hat_LT,Bacsojin Hat-LT,Armor
400250,C_RTC2021_Reward_1_TH,Costume The Winner of RTC 2021,Armor
400251,C_RTC2021_Reward_2_TH,Costume First Runner Up of RTC 2021,Armor
400252,C_RTC2021_Reward_3_TH,Costume Second Runner Up of RTC 2021,Armor
400253,C_Macaron_Bunny_Head,Costume Macaron Bunny Headdress,Armor
400254,C_Gothic_Heart_Wing_V,Costume Gothic Wing Headband,Armor
400256,2022_LunarNewYears_band,Costume New Year Headband,Armor
400257,Choco_Banana,Choco Banana Bonnet,Armor
400258,C_Wanderer_Curl,Costume Wanderer Curl,Armor
400259,C_Notation_Hairband,Costume Music Note Hairband,Armor
400260,C_Aladdin_Lamp_J,Costume Magic lamp,Armor
400261,Sagittarius_DiademK_LT,Sagittarius Celestial Coronet-LT,Armor
400262,Scorpio_Diadem_K_LT,Scorpio Celestial Coronet-LT,Armor
400263,Large_Sorcerer_Crown_LT,Great Magician's Ceremonial Crown-LT,Armor
400264,Stripe_Hat_LT,Stripe Hat-LT,Armor
400265,Phantom_Cap_LT,Phantom Cap-LT,Armor
400266,Ignis_CapK_LT,Ignis Cap-LT,Armor
400267,Clock_Casket_RD_LT,Red Clock Casquette-LT,Armor
400268,Rose_Crispinette,Rose Crespinette,Armor
400269,C_NostalgiaCherry,Costume Nostalgia Cherry Blossom,Armor
400270,C_Kannam_On_Head,Costume Kannam On Head,Armor
400271,C_Shovel_Hat,Costume Shovel Hat,Armor
400272,C_Many_Flowers_Prayer,Costume Hakuba's Wish,Armor
400273,Comp_Smoky_TransformHat,[Not For Sale] Smokie Transformation Leaf,Armor
400274,Comp_VanarHelm_ROC,[Not for Sale] Vanargandr Helm,Armor
400275,Comp_Skull_Cap_ROC,[Not For Sale] Skull Cap,Armor
400276,Comp_Bright_Fury_ROC,[Not For Sale] Sinulog Hat,Armor
400277,C_Felock_Cap_,Costume Felrock's Hat,Armor
400278,C_Drooping_Omega,Costume: Drooping Omega,Armor
400279,Comp_Silk_Hat_Of_Earth_,[Not For Sale] Silk Hat of Earth,Armor
400280,C_AI_Nabi,Costume: AI Nabi Minimi,Armor
400286,Comp_Hunting_Cap_Gust,[Not For Sale] Hunting Cap of Gust,Armor
400287,Legacy_of_Wise_One_J,Legacy of Wise One,Armor
400289,C_Umbrella_Hat_ROC,Costume Umbrella Hat,Armor
400290,C_Pink_Angel_Hairband,Costume Pink Angel Hairband,Armor
400291,Wing_Of_Bless,Wing of Bless,Armor
400292,C_Proba_Angel_Blessing,Costume Little Angle Gift,Armor
400295,Comp_Knit_Cap_Of_Water,[Not For Sale] Knit Cap Of Water,Armor
400305,C_KAKAO_Sky_Hat,Costume Sky Hat,Armor
400307,Ally_of_the_Demons,Ally of the Demons,Armor
400309,C_20th_Anniversary_Hat,Costume 20th Anniversary Hat,Armor
400310,C_Indomitable_Crown,Costume Indomitable Crown,Armor
400311,C_Reliance_Crown,Costume Helmet of Light and Darkness,Armor
400312,C_Tiraya_Bonnet_ROC,Costume Tiraya Bonnet,Armor
400313,C_Galaxy_Circlet,Costume Galaxy Circlet,Armor
400314,C_Northern_Cross,Costume Northern Cross,Armor
400315,C_2012RMSCNO4,Costume Blue Emotion,Armor
400319,C_Poringnoodle_Head,Poring in a Bowl of Costume Noodles,Armor
400320,C_Black_Moon_Cat_kr_J,Costume Drum Hood (Black),Armor
400321,C_Academy_Freshman_Hat,Costume Academy Freshman Hat,Armor
400325,C_Wondering_Wolf_V,Costume Wandering Wolf Hat,Armor
400326,C_Bull_Hat,Costume Cowhide Hat,Armor
400327,C_RA_Hair_PK,Costume Sleek Pink Half-Updo,Armor
400336,Hs_Helm,Herosria Helm,Armor
400337,Hs_Apple_Of_Archer,Herosria Apple of Archer,Armor
400338,Hs_Wizardry_Hat,Herosria Mage Hat,Armor
400339,Hs_Beret,Herosria Beret,Armor
400340,Hs_Biretta,Herosria Biretta,Armor
400341,C_Can_Hat,Costume Empty Can Hat,Armor
400342,aegis_400342,Costume Pure White Horn,Armor
400343,C_Fox_Bamboo_Hat,Costume Fox Bamboo Hat,Armor
400344,Angel_Of_Happiness_ROC,Angel Of Happiness,Armor
400345,Comp_AngelHappiness_ROC,[Not For Sale] Angel Of Happiness,Armor
400347,C_Necromencer_Hood_V,Costume Necromancer Hood (Upper),Armor
400348,aegis_400348,Costume Red Cat Ear Witch Hat,Armor
400349,aegis_400349,Costume Pumpkin Hat,Armor
400350,C_Spirit_Chain_J,Costume Soul Ring,Armor
400351,C_20Y_Anniv_Helmet,Costume Poring Helmet,Armor
400354,C_Vanargandr_Helm_GL,Costume Gold Helm of Vanagandr,Armor
400355,C_Balloon_Hat_Classical,Costume Classical Balloon Hat,Armor
400356,C_Ignis_Cap_BU,Costume Denim Ignis Cap,Armor
400357,C_Dragonhelm_Gold,Costume Asia Masters 1st Dragon,Armor
400358,C_Dragonhelm_Silver,Costume Asia Masters 2nd Dragon,Armor
400359,1LvHat,1Lv Hat,Armor
400360,2LvHat,Level 2 Hat,Armor
400363,C_Book_of_Soyga_ROC,Costume Book of Soyga,Armor
400365,C_Larva_Red,Costume: Larva (Red),Armor
400366,aegis_400366,Costume Royal Beret,Armor
400367,C_Ladys_Feather_Hat_ROC,Costume Ladys Feather Hat,Armor
400368,20th_Anniversary_Hat_TW,RO 20th Anniversary Limited Cap,Armor
400369,aegis_400369,Costume Rabbit Ears And Egg Hat,Armor
400370,C_PU_EarWitchHat,Costume Purple Big Ears Witch Hat,Armor
400371,1stAniv_Hat_ROC,ROC 1st Anniversary Hat,Armor
400372,C_5th_Anniversary_Hat,Costume 5th Anniversary Hat,Armor
400373,C_Frozen_Laurel,Costume Frozen Laurel Crown,Armor
400374,GoodnEvil_Circlet_DK,Crown of Good and Evil (Dragon Knight),Armor
400375,GoodnEvil_Circlet_IG,Crown of Good and Evil (Imperial Guard),Armor
400376,GoodnEvil_Circlet_AG,Crown of Good and Evil (Arch Mage),Armor
400377,GoodnEvil_Circlet_EM,Crown of Good and Evil (Elemental Master),Armor
400378,GoodnEvil_Circlet_CD,Crown of Good and Evil (Cardinal),Armor
400379,GoodnEvil_Circlet_IQ,Crown of Good and Evil (Inquisitor),Armor
400380,GoodnEvil_Circlet_MT,Crown of Good and Evil (Meister),Armor
400381,GoodnEvil_Circlet_BO,Crown of Good and Evil (Biolo),Armor
400382,GoodnEvil_Circlet_SHC,Crown of Good and Evil (Shadow Cross),Armor
400383,GoodnEvil_Circlet_ABC,Crown of Good and Evil (Abyss Chaser),Armor
400384,GoodnEvil_Circlet_WH,Crown of Good and Evil (Windhawk),Armor
400385,GoodnEvil_Circlet_TR,Crown of Good and Evil (Trouvere & Troubadour),Armor
400386,GoodnEvil_Circlet_SS,Crown of Good and Evil (Shinkiro & Shiranui),Armor
400387,GoodnEvil_Circlet_SKE,Crown of Good and Evil (Sky Emperor),Armor
400388,GoodnEvil_Circlet_SOA,Crown of Good and Evil (Soul Ascetic),Armor
400389,GoodnEvil_Circlet_HN,Crown of Good and Evil (Hyper Novice),Armor
400390,GoodnEvil_Circlet_SH,Crown of Good and Evil (Spirit Handler),Armor
400391,GoodnEvil_Circlet_NW,Crown of Good and Evil (Night Watch - GL),Armor
400392,GoodnEvil_Circlet_NW2,Crown of Good and Evil (Night Watch - Revolver),Armor
400393,GoodnEvil_Circlet_NW3,Crown of Good and Evil (Night Watch - Gatling Gun),Armor
400394,GoodnEvil_Circlet_NW4,Crown of Good and Evil (Night Watch - Shotgun),Armor
400395,GoodnEvil_Circlet_NW5,Crown of Good and Evil (Night Watch - Rifle),Armor
400396,Ghost_Whisper,Ghost Whisper,Armor
400397,aegis_400397,Costume Pretty Rabbit Hood (Upper),Armor
400398,C_Feather_Beret_WH,Costume Feather White Beret,Armor
400399,GWar2022s3_1st_ROC,Bronze Crown,Armor
400400,Red_Baby_Dragon_LT,Baby Red Dragon Hat-LT,Armor
400401,Yggdrasil_Faith,Faith of Yggdrasil,Armor
400402,C_1st_Evt_Hat_MSP,Costume GGH 1st Anniversary Hat,Armor
400403,aegis_400403,Costume Face Crusher (Middle),Armor
400404,C_Dorothy_Doll_Hat,Costume Dorothy Doll Hat,Armor
400405,C_Ribbon_Magic_Hat,Costume Chocolate Hat,Armor
400406,C_Sweets_Captive,Costume Sweets Captivated,Armor
400407,C_Black_Rabbit_Ear,Costume Black Rabbit Ears,Armor
400408,Clockwise,Clockwise,Armor
400409,Wild_Beast,Wild Beast,Armor
400410,Heaven_Cage_ROC,Heaven Cage,Armor
400411,Comp_Heaven_Cage_ROC,[Not For Sale] Heaven Cage,Armor
400412,Old_Pink_Poo_Hat_ROC,Pink Poo Hat,Armor
400413,Kafra_Employee_Band_ROC,Kafra Employee Band,Armor
400414,C_Armored_Copo,Costume strong copo,Armor
400415,C_Egg_Copo,Fashionable Copo,Armor
400416,Squirrel_Ear_Hat_W,Squirrel Ear Hood (Albino),Armor
400417,Comp_Deep_Hairband_ROC,[Not For Sale] Deep Blue Angel Hairband,Armor
400418,NymphGreen_ROC,Nymph Green Sapphire,Armor
400419,Comp_NymphGreen_ROC,[Not For Sale] Nymph Green Sapphire,Armor
400420,Dragon_Circlet,Dragon Circlet,Armor
400421,Two_tone_Cap,Two Tone Cap,Armor
400422,C_Diabolus_Helmet_V,Costume Dark Bacilium (Upper),Armor
400423,aegis_400423,Costume World-erosive Curse,Armor
400424,C_Owlviscount_Silk_Hat,Costume Owl Viscount Silk Hat,Armor
400425,C_Falconer_Flute,Costume Falconer Flute,Armor
400426,C_Smoky_TransformHat,Costume Smoky Transform Hat,Armor
400427,C_Demi_Freyja_Hair,Costume Demi Freyja Hair,Armor
400428,C_Rabbit_Egg,Costume Bunny Ear Eggs,Armor
400429,C_Mountain_Helmet,Costume Mountain Helmet,Armor
400430,C_Br_Beret,Costume Twin Casquette,Armor
400431,C_Sakura_Witch_Hat,Costume Sakura Witch Hat,Armor
400432,C_Heart_Chiffon_Rabbit,Costume Heart Chiffon Rabbit,Armor
400433,Gothic_HW_TW_LT,Fallen Wing Hairpin-LT,Armor
400434,C_Fallen_Angel_Lost_ROC,Costume Fallen Angel Lost,Armor
400435,C_Mad_Hatter_Hat,Costume Mad Hatter's Hat,Armor
400436,C_Over_Piamette_Hood,Costume Overfit Piamette's Hood,Armor
400437,Chic_Peony,Chic Peony,Armor
400438,Wildcat_Knit_Cap_W,Bobcat Knit Hat (White),Armor
400439,C_Kiss_Of_Angel,Costume Angel's Kiss,Armor
400440,Remorse_C_Crown,Penance Charm Crown,Armor
400441,Comp_FoxBellRibbon_ROC,[Not For Sale] Fox Ears Bell Ribbon,Armor
400442,Comp_Super_Scell_ROC,[Not For Sale] Super Scell,Armor
400443,Comp_Cloud_Buster_ROC,[Not For Sale] Cloud Buster,Armor
400444,C_Black_FoxRibbon_ROC,Costume Black Fox Ear Ribbon,Armor
400445,Officer_Cap_LT,Officer's Hat-LT,Armor
400446,C_Adventurer_Hat,Costume Adventurer's Hat,Armor
400447,Poenetentia_B_Crown,Confession Courage Crown,Armor
400448,C_Juan_Hat_MSP,Costume Juan Hat,Armor
400449,C_Tare_Maid_Doll_Hat,Costume Tare Maid,Armor
400450,C_Lion_Crown,Costume Lion Crown,Armor
400451,C_Rag_Origin_Hat_ROC,Costume Angeling Bread Hat,Armor
400452,C_Hoplite_Helmet_S_V,Costume Heavy Infantry Silver Helmet,Armor
400453,Striking_hat_A,Invincible Crest Hat,Armor
400454,Khalitzburg_KN_Helm_W,Khalitzburg Knight White Helm,Armor
400455,Diadem_Of_Bruenhild_ROC,Diadem Of Bruenhild,Armor
400456,Comp_D_Of_Bruenhild_ROC,[Not For Sale] Diadem Of Bruenhild,Armor
400457,Poenetentia_V_Crown,Confession Domineering Crown,Armor
400458,C_Ally_of_the_Demons,Costume Ally of the Demons,Armor
400459,C_Naval_Officer_Hat,Costume Naval Officer Hat,Armor
400460,C_Burst_Flame,Costume Burst Flame,Armor
400461,C_Pirates_Pride,Costume Red Pirate Hat,Armor
400462,C_Sailor_Cap,Costume Sailor Cap,Armor
400463,Up_Apple_Of_Archer_IL,Opened Illusion Apple of Archer,Armor
400464,Up_Nurse_Cap_IL,Opened Illusion Nursing Cap,Armor
400465,Dolor_HatK_LT,Drooping Thanatos's Dolor-LT,Armor
400466,C_Rainbow_Popcorn,Costume Rainbow Popcorn,Armor
400467,Tiara_Norte_BR,Northern Tiara,Armor
400468,MomChicken_Hat_ROC,Mom Chicken Hat,Armor
400469,Poenetentia_D_Crown,Penance Crown,Armor
400470,Tiara_Sul_BR,Southern Tiara,Armor
400471,C_Angry_Fish,Costume: Angry Fish,Armor
400472,Circlet_Of_Phoenix_ROC,Circlet Of Phoenix,Armor
400473,Comp_CircletPhoenix_ROC,[Not For Sale] Circlet Of Phoenix,Armor
400474,Remorse_Crown,Remorse Crown,Armor
400475,C_Bulb_Wreath,Costume Neon Poring Circlet,Armor
400476,Boina_Sustenida_BR,Sustained Beret,Armor
400477,Ferramentas_BR,Agricultural Tools,Armor
400478,Red_Commando_ROC,Red Commando Beret,Armor
400479,Comp_Red_Commando_ROC,[Not For Sale] Red Commando Beret,Armor
400480,C_Cat_Straw_Hat,Costume Cat Straw Hat,Armor
400481,Flash_of_Lightning,The Brandishing,Armor
400482,Poenetentia_H_Crown,Penance Glory Crown,Armor
400483,Up_Cap_IL,Opened Illusion Cap,Armor
400484,aegis_400484,Costume Bomb Hat,Armor
400485,aegis_400485,Costume Twinkling Star,Armor
400486,Coroa_Monarca_BR,Monarch's Crown,Armor
400487,Up_Fancy_Flower_IL,Opened Illusion Fancy Flower,Armor
400488,aegis_400488,Hairband Of Asmodeus,Armor
400489,aegis_400489,[Not For Sale] Hairband Of Asmodeus,Armor
400490,aegis_400490,[Not for Sale] Boxer Glove,Armor
400491,C_Faixa_Brasileira,Costume Citrus Bandana (Middle),Armor
400495,C_Crescent_Helm_V,Costume Crescent Helm (Upper),Armor
400496,C_Horo_Ears_WH,Costume White Fox Ears,Armor
400497,C_A_Graduating_Cap,Costume Academy 1st Completion Hat,Armor
400498,aegis_400498,Germes Horn,Armor
400499,aegis_400499,[Not For Sale] Germes Horn,Armor
400500,aegis_400500,Gigant Helm,Armor
400501,aegis_400501,[Not For Sale] Gigant Helm,Armor
400502,C_Sonic_Ring,Costume Ring,Armor
400503,C_Hosangto_Hat,Costume Bunny Ear Hat,Armor
400504,C_Autumn_Piece,C Autumn Piece,Armor
400505,StripedRibbonHat,Striped Ribbon Hat,Armor
400506,Altair_Hat,Altair Hat,Armor
400509,aegis_400509,Costume Golden Whickebein's Ears,Armor
400510,C_Blue_Baby_Cat_Ears,Costume Blue Kitten Ears,Armor
400511,Q_Scaraba_Crown_TW,Queen Scaraba Helmet,Armor
400512,aegis_400512,Hat of Desert,Armor
400513,aegis_400513,[Not For Sale] Hat of Desert,Armor
400516,C_Skull_Jhood_V,Costume Skull hood,Armor
400517,C_Fairy_Poison_Apple,Costume Fairy Tale Poison Apple,Armor
400518,C_Eye_Of_Juno_JP,Costume Juno's Eye,Armor
400519,aegis_400519,Costume Majestic Goat of Dawn,Armor
400520,C_Comp_Gold_Magestic,[Not for Sale] Costume Golden Magestic Goat,Armor
400528,Escarlate_Hat_BR,Scarlet Beret,Armor
400529,Time_DM_R_Crown_DK,Time Dimensions Rune Crown (Dragon Knight),Armor
400530,Time_DM_R_Crown_IG,Time Dimensions Rune Crown (Imperial Guard),Armor
400531,Time_DM_R_Crown_MT,Time Dimensions Rune Crown (Meister),Armor
400532,Time_DM_R_Crown_BO,Time Dimensions Rune Crown (Biolo),Armor
400533,Time_DM_R_Crown_SHC,Time Dimensions Rune Crown (Shadow Cross),Armor
400534,Time_DM_R_Crown_ABC,Time Dimensions Rune Crown (Abyss Chaser),Armor
400535,Time_DM_R_Crown_AG,Time Dimensions Rune Crown (Arch Mage),Armor
400536,Time_DM_R_Crown_EM,Time Dimensions Rune Crown (Elemental Master),Armor
400537,Time_DM_R_Crown_CD,Time Dimensions Rune Crown (Cardinal),Armor
400538,Time_DM_R_Crown_IQ,Time Dimensions Rune Crown (Inquisitor),Armor
400539,Time_DM_R_Crown_WH,Time Dimensions Rune Crown (Windhawk),Armor
400540,Time_DM_R_Crown_TR,Time Dimensions Rune Crown (Troubadour & Trouvere),Armor
400541,Time_DM_R_Crown_SS,Time Dimensions Rune Crown (Shinkiro & Shiranui),Armor
400542,Time_DM_R_Crown_NW,Time Dimensions Rune Crown (Night Watch),Armor
400543,Time_DM_R_Crown_SKE,Time Dimensions Rune Crown (Sky Emperor),Armor
400544,Time_DM_R_Crown_SOA,Time Dimensions Rune Crown (Soul Ascetic),Armor
400545,Time_DM_R_Crown_HN,Time Dimensions Rune Crown (Hyper Novice),Armor
400546,Time_DM_R_Crown_SH,Time Dimensions Rune Crown (Spirit Handler),Armor
400547,2023Seppay_02,The Truth of Creation and Soul-LT,Armor
400548,2023Seppay_03,Genlin Heirs-LT,Armor
400549,2023Seppay_04,Elite Force Cap-LT,Armor
400550,2023Seppay_05,The Meow Family's Paycheck-LT,Armor
400551,2023Seppay_06,Potential to Inspire Adventure Cap-LT,Armor
400556,Inquisitor_Veil,Inquisitor's Veil,Armor
400557,C_Evt_Egg_Picky,Costume Egg Picky Doll,Armor
400558,C_Snow_Head,Costume Snowman Experience,Armor
400565,C_Small_Deviling_Hat,Costume Small Deviling Hat,Armor
400566,Awaking_Bloom,Awaking Bloom,Armor
400567,C_Awaking_Bloom,Costume Awaking Bloom,Armor
400574,ROZ_Bijou_Hat_Str,Bijou's Hat (Strength),Armor
400575,ROZ_Bijou_Hat_Agi,Bijou's Hat (Agility),Armor
400576,ROZ_Bijou_Hat_Vit,Bijou's Hat (Vitality),Armor
400577,ROZ_Bijou_Hat_Int,Bijou's Hat (Intelligence),Armor
400578,ROZ_Bijou_Hat_Dex,Bijou's Hat (Dexterity),Armor
400579,ROZ_Bijou_Hat_Luk,Bijou's Hat (Lucky),Armor
400581,Passion_Rabbit_Ribbon,Rabbit Ribbon of Overflowing Passion,Armor
400582,Wolf_Rayet,Wolf Rayet,Armor
400584,Z_Boost_Hat,Boosting Headband,Armor
400585,C_SnowmanHat,Costume Snowman Hat,Armor
400588,C_Lucky_Purse,Costume Lucky Purse,Armor
400592,YellowKitty_HeadPhone,Yellow Kitty Headphone,Armor
400593,PGstone_Knit_Hat_GR,Squishy Tootsy Stomphoot,Armor
400594,C_Clockwise,Costume Clockwise,Armor
400595,aegis_400595,Costume Mary's Charity (Upper),Armor
400596,C_Petit_Choco_Hat,Costume Petit Chocolate Hat,Armor
400597,Kiwawa_Cowboy_BR,Kiwawa Cowboy,Armor
400599,C_Merlion_Hat_MSP,Costume Merlion,Armor
400600,aegis_400600,Costume Numbawan GGH,Armor
400601,Steamroller,Steamroller,Armor
400602,White_Fox_Bamboo_Hat,White Fox Bamboo Hat,Armor
400604,C_Ribbon_Beret_B,Costume Black Ribbon Beret,Armor
400605,C_VIP_Poring_Cake_Cap,Costume Birthday Cake Hat,Armor
400606,aegis_400606,Costume Crown of Mistress,Armor
400607,aegis_400607,Costume Riot Chip,Armor
400608,FuriousCirclet_WH,Furious Crown (Windhawk),Armor
400609,FuriousCirclet_CD,Furious Crown (Cardinal),Armor
400610,FuriousCirclet_SKE,Furious Crown (Sky Emperor),Armor
400614,Areias_Helm_BR,Helm of the Sands,Armor
400619,Khalitz_Helm_BR,Knight's Helm,Armor
400622,Tiger_Glass_BR,Tiger Glasses,Armor
400624,White_Cat_Witch_Hat,White Neko Witch Hat,Armor
400628,FuriousCirclet_DK,Furious Crown (Dragon Knight),Armor
400629,FuriousCirclet_ABC,Furious Crown (Abyss Chaser),Armor
400630,FuriousCirclet_SH,Furious Crown (Spirit Handler),Armor
400631,aegis_400631,Themis Helm,Armor
400632,aegis_400632,[Not For Sale] Themis Helm,Armor
400633,C_Chic_Peony,Costume Chic Peony,Armor
400634,C_Ghost_Whisper,Costume Devil's Whisper,Armor
400635,C_Flower_S_Knit_Hat,Costume Flower Summer Knit Hat,Armor
400642,Unyielding_Crown_MSP,[NFS] Crown of Unyielding Force,Armor
400643,Supremacy_Crown_MSP,[NFS] Crown of Arcane Supremacy,Armor
400644,Soul_Mastery_Crown,Soul Mastery Crown,Armor
400645,Garden_Of_Heaven,Garden of Heaven,Armor
400646,TiaraCrown_Magic_BR,Magic Crown of Ashes,Armor
400647,TiaraCrown_Melee_BR,Mighty Crown of Ashes,Armor
400648,TiaraCrown_Ranged_BR,Crown of Ashes,Armor
400649,Satanic_Crown,Satanic Crown,Armor
400650,FuriousCirclet_IG,Furious Crown (Imperial Guard),Armor
400651,FuriousCirclet_SHC,Furious Crown (Shadow Cross),Armor
400652,FuriousCirclet_SS,Furious Crown (Shinkiro & Shiranui),Armor
400655,C_Octopus_Leg_I_M_V,Costume Octopus Leg In Mouth,Armor
400656,C_Khalitzburg_KN_Helm_W,Costume Khalitzburg Knight White Helm,Armor
400657,C_Hyegun_Hat_V,Costume Hyegun Hat (Upper),Armor
400658,aegis_400658,Fairy's Crown,Armor
400659,aegis_400659,[Not For Sale] Fairy's Crown,Armor
400660,aegis_400660,Ultra Helm,Armor
400661,FuriousCirclet_MT,Furious Crown (Meister),Armor
400662,FuriousCirclet_EM,Furious Crown (Elemental Master),Armor
400663,FuriousCirclet_SOA,Furious Crown (Soul Ascetic),Armor
400664,C_CLB_SS_DF,Costume Shiba Says Fei-Chai,Armor
400667,Peco_Warrior_Hat_US,Peco Warrior Hat,Armor
400670,C_CatCoffeeCup_WH,Costume White Cat Coffee Cup,Armor
400671,C_Broken_Egg,Costume Fried Egg,Armor
400672,Marin_Pattern_Hat,Marin Pattern Hat,Armor
400673,FuriousCirclet_TR,Furious Crown (Troubadour & Trouvere),Armor
400674,FuriousCirclet_BO,Furious Crown (Biolo),Armor
400675,FuriousCirclet_HN,Furious Crown (Hyper Novice),Armor
400676,aegis_400676,Flaward Hat,Armor
400677,aegis_400677,[Not For Sale] Flaward Hat,Armor
400679,aegis_400679,Pink Shampoo Hat,Armor
400680,aegis_400680,[Not For Sale] Pink Shampoo Hat,Armor
400682,C_White_Cat_Hood_V,Costume White Cat Hood (Upper),Armor
400683,C_Bell_Flower_Hat,Costume Bell Flower,Armor
400684,C_Jerboa_Headband,Costume Jerboa Headband,Armor
400688,Magma_Ignis_Cap,Magma Ignis Cap,Armor
400692,C_Gold_Paeonia,Costume Gold Paeonia,Armor
400693,C_Red_Paeonia,Costume Red Paeonia,Armor
400694,FuriousCirclet_AG,Furious Crown (Arch Mage),Armor
400695,FuriousCirclet_IQ,Furious Crown (Inquisitor),Armor
400696,FuriousCirclet_NW,Furious Crown (Night Watch),Armor
400697,FullFaith_Crown_US,Full Faith Crown,Armor
400699,Astraea_Helm_LT,Asteria's Helm-LT,Armor
400703,C_Altair_Hat,Costume Altair Hat,Armor
400704,C_Cat_Shampoo_Hat,Costume Splash Cat Hat,Armor
400708,C_Wolf_Officer_Hat,Costume Wolf Officer Hat,Armor
400709,C_Puppy_Hat_WH,Costume Sitting Dog (White),Armor
400710,DarkSnake_Crown,Snake Queen Crown,Armor
400711,Many_Flowers_Love,Many Flowers Love,Armor
400712,aegis_400712,Costume Tiger Mask (Upper),Armor
400715,Rising_Circlet,Rising Circlet,Armor
400716,aegis_400716,Costume Orange Cat Ear Witch Hat,Armor
400717,aegis_400717,Costume: Yakgwa Headband,Armor
400721,Sakura_Witch_Hat_W,Sakura White Witch Hat,Armor
400722,M_Plant_Hat_W,White Mechanical Plant Hat,Armor
400723,Yorscalp_P_Circlet,Yorscalp Crown of Execution,Armor
400724,Yorscalp_M_Circlet,Yorscalp Crown of Judgment,Armor
400725,C_G_S_Captain_Hat,Costume: Ghost Ship Captain Hat,Armor
400727,C_Doram_Headband,Costume Doram Hairband,Armor
400728,C_Mira_Tower_Hat,Costume Research Team Hat,Armor
400729,C_Drops_Mascot_Costume,Costume Drops' Headgear,Armor
400730,C_Angeling_H,Costume Angeling Hairband,Armor
400739,C_Marin_Pattern_Hat,Costume Archangeling Bread Hat,Armor
400740,aegis_400740,thRO 3rd Anniversary Hat,Armor
400741,aegis_400741,Costume RWC 2013 Hat,Armor
400742,Leviathan_Helm,Leviathan Helm,Armor
400743,aegis_400743,Costume Winter Tree,Armor
400744,C_CLB_KP_Po,Costume Stretched Poe Doll,Armor
400745,C_CLB_KP_DC,Costume Dragon Warrior Hat,Armor
400746,C_CLB_KP_Ta,Costume Drooping Tigress,Armor
400747,C_CLB_KP_SF,Costume Drooping Shifu,Armor
400748,C_CLB_KP_Zh,Costume Drooping Zhen,Armor
400749,C_Guide_Of_Dead_Cap,Costume Afterlife Guide Cap,Armor
400750,aegis_400750,Khalitzburg Knight Blue Helm,Armor
400751,C_YellowKitty_HeadPhone,Costume Yellow Kitty Headphone,Armor
400752,C_PGstone_Knit_Hat_GR,Costume Cat Paw Decorated Knit Hat (Green),Armor
400753,aegis_400753,[Not For Sale] Khalitzburg Knight Blue Helm,Armor
400754,C_Squirrel_Ear_Hat_W,Costume Squirrel Ear Hood (Albino),Armor
400755,C_Ulle_Cap,Costume Ulle's Cap,Armor
400756,aegis_400756,Costume Veil of Sacred Gems,Armor
400757,C_WH_Fox_Hood_Twin,Costume White Fox Hood Twin,Armor
400758,Cat_FF_Hat,Meow Meow Meatball Potential Hat,Armor
400759,Cat_FF_Hat2,Meow Meow Meatball Growth Hat,Armor
400760,C_Wedjat,Costume Wadjet,Armor
400766,Mech_Feather_Hairband_B,Mecha Feather Blue Hairband,Armor
400761,C_Work_Cap,Costume Work Cap,Armor
400762,C_Red_Head_Dress,Costume Red Head Dress,Armor
400767,C_VIP_Hair_2025,Costume Oriental Style Wig,Armor
400787,Blue_Astrologer_Hat,Astrologer Triangle Hat,Armor
400788,aegis_400788,Costume Queen Scaraba Helmet (Upper),Armor
400789,C_C_F_Aureola_RD,Costume Desecrate Fides Aureola,Armor
400792,C_Garden_Of_Heaven,Costume Garden of Heaven,Armor
400793,C_Satanic_Crown,Costume Satanic Crown,Armor
400794,C_Many_Flowers_Love,Costume Many Flowers Love,Armor
400795,C_Thornbush_Hairband_BU,Costume Thornbush Hairband (Blue),Armor
400799,C_JP_EV18,Costume Kumamon Bald Person,Armor
400801,C_FumiHausu_Doll,Costume Fumi Hausu Doll,Armor
400803,C_Muka_Sombrero,Costume Muka Sombrero,Armor
400818,C_CLB_HM_Uzagi,Costume Ujagi Hat,Armor
400898,C_Sakura_Witch_Hat_W,Costume Cherry Blossom Witch Hat,Armor
400899,C_Striking_hat_A,Costume Invincible Crest Hat,Armor
400900,C_Majestic_Helmet_BL,Costume Majestic Helmet (Black),Armor
400901,C_Frog_Cap_BW,Costume Frog Cap (Brown),Armor
400913,C_CLB_DT_TS_Mini,Costume: Toothless Mini,Armor
400914,C_CLB_DT_TS_Drooping,Costume: Toothless Floppy,Armor
400918,aegis_400918,Costume White Cat Witch Hat,Armor
400919,C_Petal_Hood,Costume Petal Hood,Armor
400920,C_Chick_Hat_BU,Costume Blue Chick Hat,Armor
400921,C_Ear_Of_Puppy_OM,Costume Puppy Headband (Brown),Armor
400930,C_Steamroller,Costume Wolf Masquerade(White),Armor
400931,aegis_400931,Costume Silver Globe Hat,Armor
400932,C_Stardust_Hairband_BU,Costume Blue Stardust Hairband,Armor
400951,C_2508_Salt_Hat,Costume Night Market Special Salt,Armor
400952,aegis_400952,Costume Indian Feather Headband,Armor
400953,C_Summer_Sunglasses,Costume Summer Sunglasses,Armor
400956,C_Chestnut_Helmet,Costume Chestnut Mask,Armor
400963,C_Ear_Of_Nyar_WH,Costume Nyar's White Ears,Armor
400964,C_Ear_Of_Nyar_GY,Costume Nyar's Gray Ears,Armor
400965,C_Divine_Veil,Costume Divine Veil,Armor
400975,Frontier_R_Crown_DK,Frontier Rune Crown (Dragon Knight),Armor
400976,Frontier_R_Crown_IG,Frontier Rune Crown (Imperial Guard),Armor
400977,Frontier_R_Crown_MT,Frontier Rune Crown (Meister),Armor
400978,Frontier_R_Crown_BO,Frontier Rune Crown (Biolo),Armor
400979,Frontier_R_Crown_SHC,Frontier Rune Crown (Shadow Cross),Armor
400980,Frontier_R_Crown_ABC,Frontier Rune Crown (Abyss Chaser),Armor
400981,Frontier_R_Crown_AG,Frontier Rune Crown (Arch Mage),Armor
400982,Frontier_R_Crown_EM,Frontier Rune Crown (Elemental Master),Armor
400983,Frontier_R_Crown_CD,Frontier Rune Crown (Cardinal),Armor
400984,Frontier_R_Crown_IQ,Frontier Rune Crown (Inquisitor),Armor
400985,Frontier_R_Crown_WH,Frontier Rune Crown (Windhawk),Armor
400986,Frontier_R_Crown_TR,Frontier Rune Crown (Troubadour & Trouvere),Armor
400987,Frontier_R_Crown_SS,Frontier Rune Crown (Shinkiro & Shiranui),Armor
400988,Frontier_R_Crown_NW,Frontier Rune Crown (Night Watch),Armor
400989,Frontier_R_Crown_SKE,Frontier Rune Crown (Sky Emperor),Armor
400990,Frontier_R_Crown_SOA,Frontier Rune Crown (Leader),Armor
400991,Frontier_R_Crown_HN,Frontier Rune Crown (Hyper Novice),Armor
400992,Frontier_R_Crown_SH,Frontier Rune Crown (Spirit Master),Armor
400993,C_M_Plant_Hat_W,Costume White Mechanical Plant Hat,Armor
400994,C_Mech_Feath_Hairband_B,Costume Blue Mechanical Feather,Armor
401000,C_Liamette_Hair_Band,Costume Liamette Hair Band,Armor
401001,C_N_Piamette_Bonnet,Costume Piamette Bonnet,Armor
401014,aegis_401014,Costume Two-Tone Cap,Armor
401015,aegis_401015,Costume Inquisitor Veil,Armor
401016,aegis_401016,Costume Mage Hat (Brown),Armor
401046,C_Warm_PoongCha,Costume Warm PoongCha,Armor
401055,Stardust_Crown_SV,Silver Stardust Crown,Armor
401056,Stardust_Crown_SC,Scarlet Stardust Crown,Armor
401057,Stardust_Crown_VI,Violet Stardust Crown,Armor
401058,Sky_Rune_Crown_IG,Celestial Rune Crown (Imperial Guard),Armor
401059,Sky_Rune_Crown_ABC,Celestial Rune Crown (Abyss Chaser),Armor
401060,Sky_Rune_Crown_SH,Rune Crown of the Sky (Spiritualist),Armor
401062,aegis_401062,Costume Ignis Cap (Red),Armor
401113,C_Rune_Helm_Ice,Costume Snow Rune Helm,Armor
401114,C_Asgard_Circlet_TH,Costume Asgard Wing Hairband,Armor
401115,Sky_Rune_Crown_MS,Sky Rune Crown (Meister),Armor
401116,Sky_Rune_Crown_WH,Sky Rune Crown (Windhawk),Armor
401117,Sky_Rune_Crown_HN,Sky Rune Crown (Hyper Novice),Armor
401118,Sky_Rune_Crown_CD,Sky Rune Crown (Cardinal),Armor
401119,Sky_Rune_Crown_IQ,Sky Rune Crown (Inquisitor),Armor
401120,Sky_Rune_Crown_SKE,Sky Rune Crown (Sky Emperor),Armor
401148,aegis_401148,Costume Blue Poring Hairpin,Armor
401194,aegis_401194,Costume Passion Rabbit Ribbon,Armor
401196,aegis_401196,Costume Striped Ribbon Hat,Armor
401207,C_CLB_GAT_button,Costume Honor Eagle Five Brothers,Armor
401213,C_Jaow_Pirun,Costume Jaow Pirun Sra Yok,Armor
401239,Hs_Sun_God,Herosria Hat of Sun God,Armor
401240,Hs_Loard_Circlet,Herosria Grand Circlet,Armor
401241,Hs_Crown,Herosria Crown,Armor
401242,Hs_Magestic_Goat,Herosria Majestic Goat,Armor
401243,Hs_Corsair,Herosria Corsair,Armor
401246,aegis_401246,Costume Fafnir Helm,Armor
401247,aegis_401247,Costume Wolf Rayet,Armor
401248,C_Apprentice_Witch_Hat,Costume Apprentice Witch Hat,Armor
401294,aegis_401294,Costume Tulip Hairpin (Yellow),Armor
401295,C_Nymph_Ear,Costume Nymph's Ear,Armor
401300,C_LG_Feather_Hat,Costume Light Green Feather Hat,Armor
401303,C_Ruck_Keeper,Costume Ruck Keeper,Armor
401320,aegis_401320,Costume Astrologer's Tricorne (Blue),Armor
410000,Resonate_Taego_J,Ancient Resonance,Armor
410001,Phalanx,Phalanx,Armor
410002,711_Headphone,7-Eleven Headphones,Armor
410003,711_Headphone_,7-Eleven Headphones,Armor
410004,Gambler_Seal_,Gambler's Seal,Armor
410005,C_Magic_Heir_TW,Costume Magic Heir,Armor
410006,C_Sudden_Wealth_TW,Costume Sudden Wealth,Armor
410007,JP_Helm31_L,[Rental] Citrus Ribbon,Armor
410008,JP_Helm32_L,[Rental] Phalanx,Armor
410009,Rainbow_Star_,Rainbow Star,Armor
410010,Eyes_Of_Illusion_,Eyes of Illusion,Armor
410011,C_Dark_Blindfold,Costume Dark Blinkers,Armor
410012,EXP_Processor,EXP Advisor,Armor
410013,EXP_Processor_,EXP Advisor,Armor
410014,Cor_Core_Headset,Cor Core Headphone,Armor
410015,Cor_Core_Headset_,Cor Core Headphone,Armor
410016,Battle_Processor,Battle Processor,Armor
410017,Battle_Processor_,Battle Processor,Armor
410018,Booster_Mask_A,Booster Mask A-type,Armor
410019,Booster_Mask_B,Booster Mask B-type,Armor
410020,Booster_Mask_C,Booster Mask C-type,Armor
410021,C_Resonate_Taego_J,Costume Ancient Resonance,Armor
410022,C_Peking_b_mask_J,Costume Blue Mask,Armor
410023,Ribbon_Of_Life_J,Brazil Twin Ribbon,Armor
410024,Ribbon_Of_Life_J_,Twin Ribbon of Gemini,Armor
410025,Magic_Heir_J,Floating Artifacts,Armor
410026,Magic_Heir_J_,Floating Artifacts,Armor
410027,Wonder_Egg_Basket,Wonder Egg Basket,Armor
410028,Wonder_Egg_Basket_,Wonder Egg Basket,Armor
410029,C_Wonder_Egg_Basket,Costume Wonder Egg Basket,Armor
410030,C_Country_Tail_BU,Costume Country Tail (Blue),Armor
410031,C_Country_Tail_RD,Costume Country Tail (Red),Armor
410032,C_Country_Tail_YL,Costume Country Tail (Yellow),Armor
410033,C_Country_Tail_GN,Costume Country Tail (Green),Armor
410034,C_Country_Tail_BL,Costume Country Tail (Black),Armor
410035,C_Country_Tail_WH,Costume Country Tail (White),Armor
410036,C_Country_Tail_OM,Costume Country Tail (Brown),Armor
410037,C_Country_Tail_PP,Costume Country Tail (Purple),Armor
410038,C_Braid_Half_Up_BU,Costume Braid Half Up (Blue),Armor
410039,C_Braid_Half_Up_RD,Costume Braid Half Up (Red),Armor
410040,C_Braid_Half_Up_YL,Costume Braid Half Up (Yellow),Armor
410041,C_Braid_Half_Up_GN,Costume Braid Half Up (Green),Armor
410042,C_Braid_Half_Up_BL,Costume Braid Half Up (Black),Armor
410043,C_Braid_Half_Up_WH,Costume Braid Half Up (White),Armor
410044,C_Braid_Half_Up_OM,Costume Braid Half Up (Brown),Armor
410045,C_Braid_Half_Up_PP,Costume Braid Half Up (Purple),Armor
410046,C_18y_Hat_JP,Costume 18th Anniversary Board,Armor
410047,C_Mask_of_Hero,Costume Hero Mask,Armor
410048,C_Tiger,Costume Tiger,Armor
410049,C_Blink_Eyes_Golden,Costume Blinking Golden Eyes,Armor
410050,C_Puriku_Pcha,Costume Puriku White Tea,Armor
410051,C_Falling_Snow,Costume Falling Snow,Armor
410053,C_Exosrcist_Glass,Costume Exorcist Glasses,Armor
410054,C_Long_Ribbon,Costume Long Ribbon,Armor
410055,C_Floating_Parasol,Costume Floating Parasol,Armor
410056,C_Poulet_TW,Costume Poulet,Armor
410057,YinYang_Earring_Y,Yinyang Earring (Yellow),Armor
410058,YinYang_Earring_Y_,Yinyang Earring (Yellow),Armor
410059,C_ZoMask_Green_TW,Costume Ghoul Mask,Armor
410060,C_Ghost_Bat_TW,Costume Ghost Bat,Armor
410061,C_Deviruchi_Apron,Costume Deviruchi Apron,Armor
410062,C_Carefree_Face,Costume Carefree Face,Armor
410063,C_Cherry_Ribbon,Costume Cherry Ribbon,Armor
410064,Diving_Goggles,Diving Goggles,Armor
410065,Diving_Goggles_,Diving Goggles,Armor
410066,Professor_MiniGlass,Professor's Mini Glasses,Armor
410067,Professor_MiniGlass_,Professor's Mini Glasses,Armor
410068,C_Fish_Marche,Costume Fish Marche,Armor
410069,C_Pet_Popcorn_Box,Costume Pet Popcorn Box,Armor
410070,Demons_Familiar,Demon's Familiar,Armor
410071,Demons_Familiar_,Demons Familiar,Armor
410072,C_Demons_Familiar,Costume Demons Familiar,Armor
410073,C_Diadem_V,Costume Diadem,Armor
410074,C_Gravekeeper_Blinker,Costume Gravekeeper Blinker,Armor
410075,C_Pig_Boy_J,Costume Hagu Hagu Poring,Armor
410076,C_Pig_Girl_J,Costume Hagu Hagu Marin,Armor
410077,C_Happy_Balloon,Costume Happy Balloon,Armor
410078,C_2021RTC_Headset_TW,Costume 2021RTC Gaming Headset,Armor
410079,Deepblue_Sunglasses,Deep Blue Sunglasses,Armor
410080,Deepblue_Sunglasses_,Deep Blue Sunglasses,Armor
410081,C_Released_Ground,Costume Released Ground,Armor
410082,C_BirthDay_Balloon_TW,Costume Happy Carnival Balloon,Armor
410083,C_Scuba_Mask,Costume Scuba Mask,Armor
410084,Melon_Headphone_J_,Premium Melon Headphones,Armor
410085,Melon_Headphone_J,Premium Melon Headphones,Armor
410086,C_Melon_Headphone_J,Costume Melon Headphone,Armor
410087,C_Demons_Familiar_K,Costume Robotic Watcher,Armor
410088,Supplement_P_Income,Powered Income,Armor
410089,Supplement_P_Income_,Powered Income,Armor
410090,Love_Cheek_TW,Love Redness,Armor
410091,Cor_Core_Booster,Cor Core Booster,Armor
410092,Cor_Core_Booster_,Cor Core Booster,Armor
410093,Chain_Of_Seal,Sealed Chain,Armor
410094,Chain_Of_Seal_,Sealed Chain,Armor
410095,C_White_Cat_On_Shoulder,Costume White Cat on Shoulder,Armor
410096,Pope_Ribbon_R,Red Pope Ribbon,Armor
410097,Pope_Ribbon_R_,Red Pope Ribbon,Armor
410098,C_Nero_Mask,Costume Nero Mask,Armor
410099,C_Avenger,Costume Avenger,Armor
410100,2021RTC_Headset_1_TW,2021RTC Champion Gaming Headset,Armor
410101,2021RTC_Headset_2_TW,2021RTC Runner-Up Gaming Headset,Armor
410102,2021RTC_Headset_3_TW,2021RTC 3rd Place Gaming Headset,Armor
410103,C_Silk_Of_Soul,Costume Soul Silk,Armor
410104,C_Lude_Mask_V,Costume Lude Mask,Armor
410105,C_Cube_Mask_V,Costume Cube Mask,Armor
410107,C_Straw_Rice_Bag_V,Costume Rice Bale (Middle),Armor
410108,C_B_Shiba_Inu_TW,Costume Black Shiba Inu,Armor
410109,Fluffy_Lovely_Fox,Fluffy Lovely Fox,Armor
410110,Fluffy_Lovely_Fox_,Fluffy Lovely Fox,Armor
410111,C_Intake_BU,Costume Intake(Blue),Armor
410112,C_Intake_RD,Costume Intake(Red),Armor
410113,C_Intake_YL,Costume Intake(Yellow),Armor
410114,C_Intake_GN,Costume Intake(Green),Armor
410115,C_Intake_BL,Costume Intake(Black),Armor
410116,C_Intake_WH,Costume Intake(White),Armor
410117,C_Intake_OM,Costume Intake(Orange),Armor
410118,C_Intake_PP,Costume Intake(Purple),Armor
410119,Guardian_Helm,Guardian Helm,Armor
410120,Guardian_Helm_,Guardian Helm,Armor
410121,C_Guardian_Helm,Costume Guardian Helm,Armor
410122,C_B_Thin_Eyes_B_TW,Costume Blinking Small Eyes,Armor
410123,C_Bear_Head_J,Costume Bear Head,Armor
410124,Grisly_Soul,Ears of Grisly Soul,Armor
410125,Grisly_Soul_,Ears of Grisly Soul,Armor
410126,C_Professor_MiniGlass,Costume Professor's Mini Glass,Armor
410127,C_Spot_Light,Costume Spotlight,Armor
410128,C_Supplement_P_Income,Costume Powered Income,Armor
410129,Phantom_Ear,Phantom Ears,Armor
410130,Phantom_Ear_,Phantom Ears,Armor
410131,C_Tiger_WH,Costume Tiger (White),Armor
410132,C_Tiger_BL,Costume Tiger (Black),Armor
410133,C_Belka_Strelka,Costume Puppy Diverse,Armor
410136,Raven_Of_Tomb,Raven Of Tomb,Armor
410137,Comp_Raven_Of_Tomb,[Not for Sale] Raven Of Tomb,Armor
410138,C_Flowerpot_Mask_V,Costume Flower Pot Mask (Middle),Armor
410139,Hairband_Of_Asmodeus,Wings of Asmodeus,Armor
410140,Hairband_Of_Asmodeus_,Wings of Asmodeus,Armor
410141,GorgonCoronet,Gorgon Coronet,Armor
410142,GorgonCoronet_,Gorgon Coronet,Armor
410143,C_Charlie_Beard,Costume Charlie's Mustache,Armor
410144,C_Omega_Golf_Bag,Costume: Omega Golf Bag,Armor
410145,C_Agnes_Mini,Costume: Agnes Minimi,Armor
410146,C_Debris_Mini,Costume: De Vries Minimi,Armor
410147,C_ElenaVolkova_Mini,Costume: Elena Volkova Minimi,Armor
410148,C_Elumina_Mini,Costume: Elumina Minimi,Armor
410149,C_Berner_Mini,Costume: Eisen Werner Minimi,Armor
410154,C_Flowery_Vision_ROC,Costume Flowery Vision,Armor
410155,C_Twin_Margaret_ROC,Costume Twin Margaret,Armor
410156,C_Bouquet_Valletta,Costume Bouquet Valletta,Armor
410157,C_Happening_Clover,Costume Happening Clover,Armor
410158,Magic_Celestial_Globe,Magic Celestial Globe,Armor
410159,Magic_Celestial_Globe_,Magic Celestial Globe,Armor
410160,C_Magic_Celestial_Globe,Costume Magic Celestial Globe,Armor
410167,aegis_410167,Costume Popcorn,Armor
410168,C_LoveLove_Balloon_J,Costume Heart balloon,Armor
410169,C_Fluffy_Lovely_Fox,Costume Fluffy Lovely Fox,Armor
410170,C_Star_Eyepatch,Costume Star Eyepatch,Armor
410171,C_Wish_Tree_Hat_J,Costume Wishing Tree Hat,Armor
410178,C_Princess_Headphone,Costume Princess Headphones,Armor
410179,C_Queen_Headphone,Costume Queen Melon Headphones,Armor
410182,C_Traveller_Oil_Lantern,Costume Traveler's Oil Lantern,Armor
410185,Rebel_Pocket_Watch,Rebellion Pocket Watch,Armor
410186,Rebel_Pocket_Watch_,Rebellion Pocket Watch,Armor
410187,C_Diving_Goggles,Costume Diving Goggles,Armor
410188,C_King_Mini,Costume: King Mini-Me,Armor
410189,C_Angeling_Mini,Costume: Angeling Mini-Me,Armor
410190,C_Seyren_Mini,Costume: Seyren Mini-Me,Armor
410191,C_Spica_Mini,Costume: Spica Nerius Minimi,Armor
410192,C_Evil_Mini,Costume: Evil Minimi,Armor
410193,C_Gulaling_Mini,Costume: Gularing Mini-Me,Armor
410194,C_Fox_Hat_J_V,Costume White Fox Mask (Middle),Armor
410195,C_Fluffy_Lovely_Fox_J,Costume Fluffy Lovely Fox,Armor
410196,C_YinYang_Earring_Y,Costume Yinyang Earrings (Yellow),Armor
410198,C_2022Cosutama_Imp_JP,Costume Deviruchi Party,Armor
410199,C_Midnight_Candle,Costume Midnight Candle,Armor
410200,C_Serving_Rabbit,Costume Butler Bunny,Armor
410201,C_Spinning_Skulls,Costume Haunting Skull,Armor
410202,C_ROROGO,Costume Poring Scooter,Armor
410205,C_Marlbron_Mini,Costume: Marlbron Minimi,Armor
410206,C_Lehar_Mini,Costume: Lehar Minimi,Armor
410207,aegis_410207,Silk of Soul,Armor
410208,1LvGlass,1Lv Glasses,Armor
410209,2LvGlass,Level 2 Glasses,Armor
410210,Little_Abyss_Dragon,Little Abyss Dragon,Armor
410211,Little_Abyss_Dragon_,Little Abyss Dragon,Armor
410212,C_Little_Abyss_Dragon,Costume Little Abyss Dragon,Armor
410213,Ear_OF_Bloody,Bloody Ears,Armor
410214,C_Larva_Yellow_Mini,Costume: Larva Yellow Minimi,Armor
410215,Ear_OF_Spirit,Spirit Ears,Armor
410216,Ear_OF_Abyss,Abyss Ears,Armor
410217,C_Yesterday_Once_More_K,Costume Magic Cards,Armor
410218,C_Soccer_Ball,Costume Soccer Ball,Armor
410219,C_Jumbo_Rabbit,Costume Jumbo Rabbit,Armor
410220,C_Blink_Eyes_Frozen,Costume Twinkling Frozen Eyes,Armor
410221,C_white_tteok,Costume White Rice Cake,Armor
410222,C_blacksesame_tteok,Costume Black Sesame Rice Cake,Armor
410223,C_bean_tteok,Costume Soybean Rice Cake,Armor
410224,C_Pope_Ribbon_R,Costume Pope Ribbon (Red),Armor
410226,C_Black_Rabbit,Costume Black Rabbit,Armor
410228,aegis_410228,Costume Tomboy Fairy,Armor
410229,C_Serpent_Crystal,Costume Serpentine Crystal,Armor
410230,C_Ribbon_Of_Life_J,Costume Twin Ribbon,Armor
410231,C_Teaparty_Wonderland,Costume Tea Party in Wonderland,Armor
410232,Gambler_Seal_KR,Gambler's Seal,Armor
410233,Gambler_Seal_KR_,Gambler's Seal,Armor
410234,C_Rebel_Pocket_Watch,Costume Rebellion Pocket Watch,Armor
410235,Handiness_Telescope,Rescue Binoculars,Armor
410236,C_Bird_Cage_Candle_Hold,Costume Birdcage Candle Holders,Armor
410238,C_Adventurer_Pope_Mini,Costume Adventurer Pope Mini-Me,Armor
410239,C_Flying_Tilby,Costume Flying Tilby,Armor
410240,C_Gods_Rabbit_Pet,Costume White Rabbit,Armor
410241,C_Cookie_PinkRibbon_V,Costume Ribbon Sweets Party,Armor
410242,C_Wanderer_Grim_Reaper,Costume Wanderer Grim Reaper,Armor
410243,Wanderer_Grim_Reaper,Wanderer Grim Reaper,Armor
410244,Wanderer_Grim_Reaper_,Wanderer Grim Reaper,Armor
410245,C_Brother_Keen_Eye,Costume Brother Keen Eye,Armor
410247,Lightning_Savage,Lightning Savage,Armor
410248,C_Tuktuk,Costume Tuk Tuk,Armor
410251,C_Alien_Sunglass_BU,Costume Alien Sunglasses (Blue),Armor
410252,C_Alien_Sunglass_RD,Costume Alien Sunglasses (Red),Armor
410253,C_Alien_Sunglass_GN,Costume Alien Sunglasses (Green),Armor
410254,Old_Moroc_Acc,Ancient Morocc Noble Jewelry,Armor
410255,aegis_410255,Costume Red & White Headband,Armor
410256,Magic_Star_TW_LT,Magic Star-LT,Armor
410257,aegis_410257,Costume Happy Droopy Lunatic Ear,Armor
410258,C_Kabuki_Mask_V,Costume Kabuki Mask,Armor
410261,C_King_Headphone,Costume King Melon Headphones,Armor
410262,C_Sonic_Mini,Costume Mini Sonic,Armor
410263,C_Super_Sonic_Mini,Costume Mini Super Sonic,Armor
410264,C_Tails_Mini,Costume Mini Tails,Armor
410265,C_S_Attack_Ring,Costume Ring (Hit),Armor
410266,C_H_N_Hat,Costume Miss Rabbit and Little Dog,Armor
410267,C_Cinnamon,Costume Cinnamoroll,Armor
410268,C_Cinnamon2,Costume Cinnamoroll in the Sky,Armor
410269,Comp_Crow_Tengu_Mask,[NFS] Crow Tengu Mask,Armor
410270,aegis_410270,Cultist's Circlet (Strength),Armor
410271,aegis_410271,Cultist's Circlet (Agility),Armor
410272,aegis_410272,Cultist's Circlet (Vitality),Armor
410273,aegis_410273,Cultist's Circlet (Intelligence),Armor
410274,aegis_410274,Cultist's Circlet (Dexterity),Armor
410275,aegis_410275,Cultist's Circlet (Lucky),Armor
410276,C_Grisly_Soul,Costume Vengeful Ghost Ears,Armor
410277,C_Ragdoll,Costume Ragdoll,Armor
410278,C_Blink_Eyes_Bloody,Costume Twinkling Bloody Eye,Armor
410279,aegis_410279,Costume Autumn Fullmoon,Armor
410280,aegis_410280,Costume Niflheim Night Sky,Armor
410281,aegis_410281,Costume Tiger Face (Middle),Armor
410282,C_1st_Evt_Balloon_MSP_V,Costume Balloon Release,Armor
410283,aegis_410283,Costume Wing Headphone,Armor
410284,EvilEye_of_FalseGods,Evil Eyes of False God,Armor
410285,EvilEye_of_FalseGods_,Evil Eyes of False God,Armor
410286,C_EvilEye_of_FalseGods,Costume Evil Eyes of False God,Armor
410287,C_Cosmic_Connection_V,Costume Cosmic Connection (Garment),Armor
410288,aegis_410288,Costume P-Shu & Pink Bunny,Armor
410289,C_Baby_Gloom,Costume Baby Gloom Under Night,Armor
410290,C_Jellyfish,Costume Jellyfish,Armor
410291,aegis_410291,Little Abyss Dragon,Armor
410292,aegis_410292,Costume Little Abyss Dragon,Armor
410293,aegis_410293,Costume Red Baby Dragon,Armor
410294,Little_Abyss_DragonTH_,Little Abyss Dragon,Armor
410295,C_WinterNightBells,Costume Winter Night Bells,Armor
410296,C_One_Sho_Bottle,Costume One Liter Bottle,Armor
410297,C_Blink_Eyes_A_Dragon,Costume Blinking A Dragon,Armor
410298,Comp_Floating_Ball,[Not For Sale] Floating Ball,Armor
410299,Comp_Sunglasses_,[NFS] Sunglasses,Armor
410300,aegis_410300,Costume Lady Tanee,Armor
410301,C_Comp_Dragon_Hat,[NFS] Costume Little Abyss Dragon,Armor
410302,Wisdom_Core_Headphones,Wisdom Core Headphones,Armor
410303,Little_Abyss_Dragon_MSP,[NFS] Little Abyss Dragon,Armor
410304,aegis_410304,Diabolus Wing,Armor
410305,aegis_410305,[Not For Sale] Diabolus Wing,Armor
410306,Demons_Eye_BR,Illusionary Lens,Armor
410308,C_Heine_Tab_1,Costume: Heine’s Tablet,Armor
410309,C_Heine_Tab_2,Costume: Heine’s Tablet (Rose),Armor
410310,C_Heine_Tab_3,Costume: Heine’s Tablet (Silver),Armor
410311,C_GorgonCoronet,Costume Gorgon Coronet,Armor
410312,C_Clover_Hairpin,Costume Clover Hairpin,Armor
410313,Eye_Of_Storm_TH,Eye of the Storm,Armor
410314,Comp_EyeStorm_TH,[Not For Sale] Eye of the Storm,Armor
410315,aegis_410315,Costume Sacred Religious Decoration,Armor
410316,Bear_Candy_Cart,Costume Bear Candy Cart,Armor
410317,C_Eye_Mask,Costume Eyes Mask,Armor
410318,C_Lord_of_Death_V,Costume Lord of Death Helmet (Middle),Armor
410319,C_Tha_Maero_Mask_J_V,Costume Thanatos's Maero Mask (Middle),Armor
410320,C_Blink_Eyes_D_Freyja,Costume Demi-Freya's Twinkling Eyes,Armor
410322,Interdimensional_Rift,Interdimensional Rift,Armor
410323,Interdimensional_Rift_,Interdimensional Rift,Armor
410324,aegis_410324,Costume Guardian of Abyss (Middle),Armor
410325,aegis_410325,Costume Interdimensional Rift,Armor
410326,C_CLB_SS_EA,Costume Shiba Says A-Ji,Armor
410328,C_Fluffy_Bakery,Costume Fluffy Bakery,Armor
410329,C_Dragon_Green_Aura,Costume Green Aura Dragon,Armor
410330,C_Dragon_Red_Aura,Costume Red Aura Dragon,Armor
410331,C_Dragon_Yellow_Aura,Costume Yellow Aura Dragon,Armor
410332,Karasu_TenguMask,Karasu Tengu Mask,Armor
410333,Karasu_TenguMask_,Karasu Tengu Mask,Armor
410334,WishingTree,Wishing Tree,Armor
410335,WishingTree_,Wishing Tree,Armor
410336,CherubCoronet,Cherub Coronet,Armor
410337,CherubCoronet_,Cherub Coronet,Armor
410338,C_Helm_Of_Ra_KR,Costume Sun God,Armor
410339,Handiness_Telescope_LT,Lightweight Telescope-LT,Armor
410340,Interdimensional_Rift2,Interdimensional Rift (Effect Off),Armor
410341,Interdimensional_Rift2_,Interdimensional Rift (Effect Off),Armor
410342,Purified_Pigeon_US,Purified Pigeon,Armor
410343,C_Injured_Eyepatch_JP,Costume Injured Eyepatch,Armor
410344,Clown_Smiling,Clown Smiling,Armor
410345,Clown_Smiling_,Clown Smiling,Armor
410346,Imperial_Earwing,Imperial Ear Wing,Armor
410347,Imperial_Earwing_,Imperial Ear Wing,Armor
410348,D_Protect_Shields,Divine Protect Shield,Armor
410349,aegis_410349,Adventurous Poring,Armor
410350,C_Carabao_MSP,Costume Carabao,Armor
410351,C_Buoyant_Parasol_B,Costume Fluffy Parasol,Armor
410352,C_Buoyant_Parasol_R,Costume Fluffy Red Parasol,Armor
410353,C_Eyes_Phen,Costume Phen's Eyes,Armor
410357,C_Lightning_Savage,Costume Lightning Savage,Armor
410358,C_Jaguar_Hat_J_V,Costume Jaguar Face (Middle),Armor
410359,C_Great_Pyrenees,Costume Great Pyrenees,Armor
410360,C_Hockey_Mask_V,Costume Goal Tender Mask (Middle),Armor
410361,C_Injured_Eyepatch,Costume Wounded Eye Patch,Armor
410362,Exiled_Ninja_US,Exiled Ninja's Eyes,Armor
410363,C_Aura_Of_Ghost_S,Costume Aura of Ghost Ship,Armor
410364,C_Wisdom_Core_Headphone,Costume: Wisdom Core Headphones,Armor
410367,aegis_410367,Costume Atokwe Poenitentia (Middle),Armor
410368,C_Perm_Frost_Oblivion,Costume Permafrost Oblivion,Armor
410370,C_Happy_Pierrot_Mask_V,Costume Happy Clown Mask (Middle),Armor
410371,C_Eyes_Closed,Costume Closed Eyes,Armor
410384,C_Blink_Eyes_WH_Serpent,Costume Blink Eyes White Serpent,Armor
410385,C_Libra_Of_Judgement,Costume Judgement Scales,Armor
410387,C_Maid_Frill,Costume Maid Frill,Armor
410388,C_Victory_Ear_JP,Costume Ear of Victory,Armor
410392,aegis_410392,Costume Thanatos's Dolor Mask,Armor
410393,aegis_410393,Costume Blink Eyes Rigel,Armor
410396,C_Dark_Night_Veil_V,Costume Dark Night Veil,Armor
410397,C_Doughkun,Costume DoughKun,Armor
410399,C_Capybara,Costume Capybara,Armor
410429,C_Dokkebi_Mask_V,Costume Dokkebi Mask (Middle),Armor
410430,C_Blink_Eyes_Forest,Costume Blinking Forest Eyes,Armor
410440,C_CLB_DT_TS_Hat,Costume: Toothless Head,Armor
410441,C_Phantom_Ear,Costume Phantom Ears,Armor
410442,C_N_Forest_Cat,Costume Norwegian Forest Cat,Armor
410447,C_Handiness_Telescope,Costume Telescope (Blue),Armor
410448,C_Blink_Eyes_Cosmic,Costume Cosmic Blink Eyes,Armor
410456,C_WH_Cat_Eyes,Costume White Cat's Eye,Armor
410457,C_YL_Cat_Eyes,Costume Yellow Cat's Eye,Armor
410458,C_Divine_Twinkling,Costume Divine Twinkling,Armor
410470,aegis_410470,Costume Alarm Mask (Middle),Armor
410471,C_Gear_Monocle,Costume Gear Monocle,Armor
410474,C_Chained_Bear,Costume Chained Bear,Armor
410485,C_Spot_Mike,Costume Idol Standing Mic,Armor
410487,C_Spot_Flower,Costume Idol's Flower Stage,Armor
410489,aegis_410489,Costume Opera Mask (Middle),Armor
410491,C_Violet_Starlight,Costume Violet Starlight,Armor
410508,C_Midgard_Integrity,Costume Celestial Integrity,Armor
410556,C_Emperor_Penguin,Costume Emperor Penguin,Armor
410574,C_Blink_Eyes_Chocolate,Costume Blink Eyes Chocolate,Armor
410576,C_Eye_of_Necromancer,Costume Eye of Necromancer,Armor
410582,C_Nursing_Poring,Costume Nursing Poring,Armor
410587,aegis_410587,Mermaid Headphones (Global Cooldown),Armor
410588,aegis_410588,Mermaid Headphones (Variable Casting),Armor
410589,aegis_410589,Mermaid Headphones (MAXHP),Armor
410590,26_3_MidHat1_,Mermaid Headphones (Global Cooldown),Armor
410591,26_3_MidHat2_,Mermaid Headphones (Variable Casting),Armor
410592,26_3_MidHat3_,Mermaid Headphones (MAXHP),Armor
420000,Isabella_Carrot,Isabella Carrot,Armor
420003,CD_In_MouthK,CD in Mouth,Armor
420004,Nine_Tail_Fox_Hair,Fox Hair,Armor
420005,Love_Feeling_TW,Feeling of Love,Armor
420006,Vassalage_Necklace,Vassalage Necklace,Armor
420010,C_Cons_Of_Darkness,Costume Dark Master,Armor
420011,C_Gluttony_CAPOO_TW,Costume Gluttony CAPOO,Armor
420013,Spirit_Of_Chung_E_J,Spirit of Chun Yi,Armor
420014,C_Japanes_Hair,Costume Japanese Hair,Armor
420015,C_Onihime_Camellia,Costume Camellia Demon Ribbon,Armor
420016,C_Katashiro_Flying,Costume Katashiro Flying,Armor
420017,Tree_Of_Sprout_STR,Young Leaf of World Tree (Str),Armor
420018,Tree_Of_Sprout_DEX,Young Leaf of World Tree (Dex),Armor
420019,Tree_Of_Sprout_AGI,Young Leaf of World Tree (Agi),Armor
420020,Tree_Of_Sprout_LUK,Young Leaf of World Tree (Luk),Armor
420021,Tree_Of_Sprout_VIT,Young Leaf of World Tree (Vit),Armor
420022,Tree_Of_Sprout_INT,Young Leaf of World Tree (Int),Armor
420023,C_Mintgum_In_Mouth,Costume Mintgum In Mouth,Armor
420024,C_Deviruchi_Balloon_J,Costume Deviruchi Balloon,Armor
420025,C_OneEyedJack,Costume One Eyed Jack,Armor
420026,C_Ribbon_Piamat_J,Costume Piamette Ribbon,Armor
420027,C_Fishbone_Hair,Costume Fishbone Hair,Armor
420028,Imperial_Glory,Imperial Glory,Armor
420029,C_Imperial_Glory,Costume Imperial Glory,Armor
420030,Falconer_Flute_C,Feather In Mouth,Armor
420031,Mask_Of_Orochimaru_C,Ninja's Blue Mask,Armor
420032,TwinCannon_TW,Double Barrel Cannon,Armor
420033,C_Airy_Two_Side_Up_WH,Costume Airy Twin Tails (White),Armor
420034,C_Long_Wave_BD,Costume Long Wave(Blonde),Armor
420035,C_Long_Wave_SV,Costume Long Wave(Silver),Armor
420036,C_Fluffy_Semi_Long_LB,Costume Fluffy Semi-Long Hair(Light Blue),Armor
420037,C_Fluffy_Semi_Long_CB,Costume Fluffy Semi-Long Hair(Cherry Blossom),Armor
420038,C_Fluffy_Semi_Long_YL,Costume Fluffy Semi-Long Hair(Yellow),Armor
420039,C_Fluffy_Semi_Long_BG,Costume Fluffy Semi-Long Hair(Turquoise),Armor
420040,C_Fluffy_Semi_Long_JBL,Costume Fluffy Semi-Long Hair(Jet Black),Armor
420041,C_Fluffy_Semi_Long_WH,Costume Fluffy Semi-Long Hair(White),Armor
420042,C_Fluffy_Semi_Long_OM,Costume Fluffy Semi-Long Hair(Orange),Armor
420043,C_Fluffy_Semi_Long_LPP,Costume Fluffy Semi-Long Hair(Light Purple),Armor
420044,C_Sailor_Collar_WH,Costume Sailor's White Lapel,Armor
420046,C_Royal_Mantle,Costume Royal Mantle,Armor
420047,C_H_Knight_Cloak,Costume Honorable Knight Cloak,Armor
420048,C_White_Corone,Costume White Coronet,Armor
420050,C_Hair_Bun_Wave,Costume Dumbling Wave,Armor
420051,C_ZilantNecklace,Costume Fire and Lightning Witch Necklace,Armor
420052,C_Spirit_Of_Chung_E_J,Costume Chungee's Soul,Armor
420053,C_Shadow_Devil,Costume Shadow Devil,Armor
420054,C_Smokie_Muffler,Costume Smokie Muffler,Armor
420055,Cherryblossom_Fan,Cherry Blossom Fan,Armor
420056,C_Schmidt_Helm_J,Costume Schmitz's Helm,Armor
420057,C_AB_Hair_RD,Costume Ponytail Hair(Red),Armor
420058,C_AB_Hair_YL,Costume Ponytail Hair (Yellow),Armor
420059,C_AB_Hair_BU,Costume Ponytail Hair (Blue),Armor
420060,C_AB_Hair_GN,Costume Ponytail Hair (Green),Armor
420061,C_AB_Hair_PK,Costume Ponytail Hair (Pink),Armor
420062,C_AB_Hair_PP,Costume Ponytail Hair (Purple),Armor
420063,C_Piece_Of_White_Cloth,Costume White Sunshade Headscarf,Armor
420064,Noble_Hankie_TW,Noble Handkerchief,Armor
420065,Angeling_Balloon_TW,Eternal Poring Balloon,Armor
420066,SurviveOrb_K_LT,Survive Orb-LT,Armor
420067,C_Hopping_Twin_Pigtail,Costume Hopping Twin Pigtail,Armor
420068,Lord_of_Royals,Lord of Royals,Armor
420069,C_Lord_of_Royals,Costume King Schmidt's Cape,Armor
420070,C_Cap_Of_Blindness_V,Costume Blind Hood (Low),Armor
420071,C_Feather_Stola,Costume Feather Stola,Armor
420072,C_L_Knitting_Low_Twin_W,Costume Lightly Braided Low Twin (White),Armor
420073,C_2021RTC_Wing_TW,Costume 2021RTC Supporting Wings,Armor
420074,Limesoda_In_Mouth,Lime Soda in Mouth,Armor
420075,C_Floating_Gioia_J,Costume Floating Gioia,Armor
420076,Choker_Of_Restriction,Bondage Necklace,Armor
420077,C_Cat_Footprints,Costume Cat Footprints,Armor
420078,C_Ghost_Bat_J,Costume Ghost Bat(Lower),Armor
420079,C_Inner_Color_Long,Costume Inner Color Long,Armor
420081,C_Carrot_In_Mouth_J,Costume Carrot in Mouth,Armor
420082,C_WL_Hair_BU,Costume Side Roll Pony,Armor
420083,C_L_Ribbon_M_WH,Costume Large Ribbon Muffler (White),Armor
420084,C_Mermaid_Wig_Peach,Costume Mermaid Wig (Peach),Armor
420085,C_Kururinpa_Hair_BD,Costume Curly Hair (Blonde),Armor
420086,C_Long_Wave_LBW,Costume Long Wave (Light Brown),Armor
420087,Magic_Circle_TW,Magic Star Array,Armor
420088,C_Heart_Angel_TW,Costume Heart Angel,Armor
420089,SLD_Mob_Scarf,[Rental] Sealed Mob Scarf,Armor
420091,C_Silky_Long_BD,Costume Silky Long(Blonde),Armor
420092,C_Silky_Long_SV,Costume Silky Long(Silver),Armor
420093,Einherial_Mantle,Einherjar Manteau,Armor
420094,C_Einherial_Mantle,Costume Cloak of Einherjar,Armor
420095,C_Braid_Half_Up_WH_K,Costume Pigtails Half Up(White),Armor
420096,C_Braid_Half_Up_OM_K,Costume Pigtails Half Up(Orange),Armor
420097,C_Braid_Half_Up_PP_K,Costume Pigtails Half Up(Purple),Armor
420098,C_Braid_Half_Up_BL_K,Costume Pigtails Half Up(Black),Armor
420099,C_Braid_Half_Up_BU_K,Costume Pigtails Half Up(Blue),Armor
420100,C_Braid_Half_Up_YL_K,Costume Pigtails Half Up(Yellow),Armor
420101,C_Braid_Half_Up_RD_K,Costume Pigtails Half Up(Red),Armor
420102,C_Braid_Half_Up_GN_K,Costume Pigtails Half Up(Green),Armor
420103,C_Charm_Of_Mistic_Froze,Costume Charm of Mystic Frozen,Armor
420104,C_SR_Hair_SV,Costume Wild Long Hair,Armor
420105,Curse_Eats_the_World,World-erosive Curse,Armor
420106,Temporal_Sprout_TW,Exotic Temporal Young Leaf,Armor
420107,C_Twinkle_Twin,Costume Twinkle Twin,Armor
420108,C_Chocolate_Bomb,Costume Chocolate Bomb,Armor
420109,C_Charm_Of_Flame_Heart,Costume Charm of Flame Heart,Armor
420110,ScarfOfHero_J,Old Camouflage Scarf,Armor
420111,C_Rocking_Short,Costume Rocking Short,Armor
420112,Guardian_Claus,Guardian Claus,Armor
420113,C_WL_Hair_BL,Costume Side Roll Pony (Black),Armor
420114,C_WL_Hair_GN,Costume Side Roll Pony (Green),Armor
420115,C_WL_Hair_OM,Costume Side Roll Pony (Brown),Armor
420116,C_WL_Hair_PK,Costume Side Roll Pony (Pink),Armor
420117,C_WL_Hair_PP,Costume Side Roll Pony (Purple),Armor
420118,C_WL_Hair_RD,Costume Side Roll Pony (Red),Armor
420119,C_WL_Hair_WH,Costume Side Roll Pony (White),Armor
420120,C_WL_Hair_YL,Costume Side Roll Pony (Yellow),Armor
420121,C_SR_Hair_BL,Costume Wild Long Hair (Black),Armor
420122,C_SR_Hair_GN,Costume Wild Long Hair (Green),Armor
420123,C_SR_Hair_OM,Costume Wild Long Hair (Brown),Armor
420124,C_SR_Hair_PK,Costume Wild Long Hair (Pink),Armor
420125,C_SR_Hair_PP,Costume Wild Long Hair (Purple),Armor
420126,C_SR_Hair_RD,Costume Wild Long Hair (Red),Armor
420127,C_SR_Hair_WH,Costume Wild Long Hair (White),Armor
420128,C_SR_Hair_YL,Costume Wild Long Hair (Yellow),Armor
420129,Wei_Brush_Tattoo,Wei Brush Tattoo,Armor
420130,Fumi_Fan,Fumi Fan,Armor
420131,Comp_Fumi_Fan,[Not for Sale] Fumi Fan,Armor
420132,C_Charm_Of_Great_Nature,Costume Charm of Great Nature,Armor
420133,C_Dreaming_Rose_Long,Costume Dreaming Rose,Armor
420134,Sprit_Of_World,The Spirit Of World,Armor
420135,Comp_Isabella_Carrot,[Not For Sale] Isabella Carrot,Armor
420136,Comp_Sprit_Of_World,[Not For Sale] The Spirit Of World,Armor
420137,FlyingGalapago_ROC,Frenzy Galapago,Armor
420138,Poker_Card_In_Mouth_ROC,Poker Card In Mouth,Armor
420139,Comp_FlyingGalapago_ROC,[Not For Sale]Frenzy Galapago,Armor
420140,C_Alpha_Long_Pony,Costume Alpha Long Ponytail,Armor
420141,Flutter_Butterfly,Flutter Butterfly,Armor
420150,C_Twinkle_Twin_B,Costume Twinkle Twin (Blue),Armor
420151,C_Cons_Of_Light_Dark_,Costume Master of Light and Darkness (bind),Armor
420152,C_Cons_Of_Light_Dark,Costume Light and Dark Master,Armor
420153,Booster_Scarf_A,Booster Scarf A-type,Armor
420154,Booster_Scarf_B,Booster Scarf B-type,Armor
420155,Booster_Scarf_C,Booster Scarf C-type,Armor
420156,C_Flower_L_Knitting,Costume Flower Knitting,Armor
420158,Yesterday_Once_More,Yesterday Once More,Armor
420159,C_Yesterday_Once_More,Costume Yesterday Once More,Armor
420160,Cons_Of_Earth_J,Tyrant of Earth,Armor
420161,C_Starry_Long_Wave,Costume Starry Long Wave,Armor
420162,C_Starry_Ribbon_Twin,Costume Starry Ribbon Twin Tail,Armor
420163,C_Protect_Cloth_B,Costume: Protect Cloth,Armor
420164,Sleep_RedSheep,Dreaming Red Sheep,Armor
420165,C_Tent,Costume Tent,Armor
420168,C_bullhead_J,Costume Cow mask,Armor
420169,C_Pipe_Of_Jiraiya,Costume Pipe of Jiraiya,Armor
420170,C_Silky_Long_BL,Costume Silky Long Hair (Black),Armor
420171,C_Spike_Scarf,Costume Thorn Scarf,Armor
420172,C_Braid_Ring,Costume Braid Ring,Armor
420174,Cons_Of_Wind_J,Raging Tempest,Armor
420177,C_Valkyrie_Hair_J,Costume Valkyrie Hair,Armor
420178,1LvMask,1Lv Mask,Armor
420179,2LvMask,2Lv Mask,Armor
420180,Eis_Spinne,Eispinne,Armor
420181,C_Eis_Spinne,Costume Eis Spinne,Armor
420182,Book_of_Sorcery,Book of Sorcery,Armor
420185,C_Sailor_Collar_RD_ROC,Costume Red Sailor Collar,Armor
420186,20th_Anniversary_TW,20th Anniversary Balloon,Armor
420187,Sacred_Lapel,Sacred Lapel,Armor
420190,C_Mask_Of_Orochimaru,Costume Orochimaru's Mask,Armor
420191,C_Snow_Rabbit_Wig,Costume Snow Rabbit Wig,Armor
420192,C_Friendly_White_Fox,Costume White Fox Friendly,Armor
420193,C_L_Ribbon_M_BU,Costume Giant Bow Scarf (Blue),Armor
420194,Rescue_whistle,Survival Whistle,Armor
420195,C_1st_Evt_Balloon_MSP,Costume GGH 1st Anniversary Balloons,Armor
420196,C_Sugared_Fruit_Stick,Costume Fruit Stick,Armor
420197,C_Twinkle_Wave,Costume Twinkle Wave,Armor
420198,Sanctus,Sanctus,Armor
420199,Ghost_Fire,Phantom Fireball,Armor
420201,C_White_Serpent_Hair,Costume White Snake Demon Wig,Armor
420204,C_VIP_Hair_2023,Costume Yunkea Wig,Armor
420205,aegis_420205,Costume Memorial Claus,Armor
420206,aegis_420206,Costume Samambaia (Lower),Armor
420207,C_Eternal_Rose,Costume Eternal Rose,Armor
420208,C_Chocolat_Rabbit_Hair,Costume Chocolate Rabbit Hair,Armor
420209,C_Cookie_PinkRibbon,Costume Cookie Ribbon,Armor
420210,Heart_Ace_Melee,Ace of Hearts in Mouth (Melee Physical),Armor
420211,C_Sleep_RedSheep,Costume Sleep Sheep (Red),Armor
420212,C_Guardian_Claus,Costume Protect Cloth (Red),Armor
420213,Spade_Ace_Melee,Ace of Spades in Mouth (Magical),Armor
420214,C_FAngel_Valletta_ROC,Costume Fallen Angel Valletta,Armor
420215,Gang_Scarf_ROC,Gang Scarf,Armor
420216,Comp_Gang_Scarf_ROC,[Not For Sale] Gang Scarf,Armor
420218,C_Wanderer_Curl_WH,Costume Wonderer Curl (white),Armor
420219,C_Come_On_Melon,Melon when clothes come,Armor
420220,Diamond_Ace_Range,Ace of Diamonds in Mouth (Long Ranged Physical),Armor
420221,C_Skia_Two_Side_Up,Costume Skia Two Side Up,Armor
420222,C_Consecrate_F_Aureola,Costume Consecrate Fides Aureola,Armor
420223,Consecrate_F_Aureola,Consecrate Fides Aureola,Armor
420224,C_Ocean_Color_Long,Costume Ocean Color Long,Armor
420225,Octopus_Leg_In_Mouth,Octopus Leg In Mouth,Armor
420230,aegis_420230,Costume Consecrate Fides Aureola (Garment),Armor
420231,MD_Hol_Protection,Constellation's Protection,Armor
420232,C_Cheesy_Snack_In_Mouth,Costume Cheese Stick,Armor
420233,C_TV_Hair_PK,Costume Trouvere Side-Tail,Armor
420234,C_Festival_Stalls,Costume Festival Stalls,Armor
420235,Mobile_Support_Systems,Portable Support System,Armor
420236,Moroc_Slave_TW,Loyal Servant of the Demon Lord Morroc,Armor
420237,C_Tiger_Muffler_MSP,Costume Tiger Muffler,Armor
420238,Morcegos_BR,Illusionary Bat,Armor
420239,Adventure_Clover,Adventure Clover,Armor
420240,C_Scroll_Of_Tsunade,Costume Tsunade's Scroll,Armor
420241,C_Temari_Candy_Hair,Costume Temari Candy Hair,Armor
420242,C_Fluttering_Haze,Costume Fluttering Haze,Armor
420244,C_HwaHoJumJung_V,Costume Fierce Tiger Headgear,Armor
420246,Arbitrator_Shawl_US,Arbitrator Shawl,Armor
420247,Comp_Tengu_Scroll,[NFS] Tengu Scroll,Armor
420248,ThirdEyeGod_ROC,Third Eye God,Armor
420249,Comp_ThirdEyeGod_ROC,[Not For Sale] Third Eye God,Armor
420250,Comp_Panda_Balloon,[NFS] Panda Bear Balloon,Armor
420251,Faisca_Ilusional_BR,Illusionary Spark,Armor
420252,Pires_Ilusional_BR,Illusional Saucer,Armor
420253,Republic_Scarf_BR,Republic scarf,Armor
420254,C_Bushy_Moustache,Costume Wizard's Beard,Armor
420255,C_GC_Hair_OM,Costume Guillotine Cross Low Pony,Armor
420256,aegis_420256,Imperial Glory,Armor
420257,aegis_420257,[Not For Sale] Imperial Glory,Armor
420258,Protect_Cloth_B,Hero Cloth,Armor
420264,C_Cat_Straight_Long_WH,Costume White Cat Ear Wig,Armor
420269,Clover_Ace_Defense,Ace of Clovers in Mouth (Defense),Armor
420270,Cosmic_Connection,Cosmic Connection,Armor
420271,C_Cosmic_Connection,Costume Cosmic Connection,Armor
420272,aegis_420272,Costume Evil Eyes of False God (Garment),Armor
420273,C_Rose_Wave_BD,Costume Rose wave (Blonde),Armor
420274,C_Rose_Wave_BDP,Costume Rose wave (Blonde Pink),Armor
420275,C_Rose_Wave_SV,Costume Rose Wave (Silver),Armor
420276,C_Rose_Wave_SVB,Costume Rose Wave (Silver Blue),Armor
420277,C_GCM_Hair_BG,Costume Guillotine Cross Short (Light Green),Armor
420278,C_GCM_Hair_YL,Costume Guillotine Cross Short (Yellow),Armor
420279,C_GCM_Hair_CB,Costume Guillotine Cross Short (Sakura),Armor
420280,C_GCM_Hair_LB,Costume Guillotine Cross Short (Light Blue),Armor
420281,C_GCM_Hair_LPP,Costume Guillotine Cross Short (Light Purple),Armor
420282,C_GCM_Hair_JBL,Costume Guillotine Cross Short (Jet Black),Armor
420283,C_GCM_Hair_WH,Costume Guillotine Cross Short (White),Armor
420284,C_GCM_Hair_OM,Costume Guillotine Cross Short (Red),Armor
420285,C_MN_Hair_BG,Costume Mechanic Outside Hanebob (Light Green),Armor
420286,C_MN_Hair_YL,Costume Mechanic Outside Hanebob (Yellow),Armor
420287,C_MN_Hair_CB,Costume Mechanic Outside Hanebob (Sakura),Armor
420288,C_MN_Hair_LB,Costume Mechanic Outside Hanebob (Light Blue),Armor
420289,C_MN_Hair_LPP,Costume Mechanic Outside Hanebob (Light Purple),Armor
420290,C_MN_Hair_JBL,Costume Mechanic Outside Hanebob (Jet Black),Armor
420291,C_MN_Hair_WH,Costume Mechanic Outside Hanebob (White),Armor
420292,C_MN_Hair_OM,Costume Mechanic Outside Hanebob (Red),Armor
420293,C_RA_Hair_BG,Costume Ranger Half-Up (Light Green),Armor
420294,C_RA_Hair_YL,Costume Ranger Half-Up (Yellow),Armor
420295,C_RA_Hair_CB,Costume Ranger Half-Up (Sakura),Armor
420296,C_RA_Hair_LB,Costume Ranger Half-Up (Light Blue),Armor
420297,C_RA_Hair_LPP,Costume Ranger Half-Up (Light Purple),Armor
420298,C_RA_Hair_JBL,Costume Ranger Half-Up (Jet Black),Armor
420299,C_RA_Hair_WH,Costume Ranger Half-Up (White),Armor
420300,C_RA_Hair_OM,Costume Ranger Half-Up (Red),Armor
420302,Sound_of_Catbell,Ring-ging Nyan Catbell,Armor
420303,C_Chaos_Emerald,Costume Chaos Emerald,Armor
420304,C_NightSkyOfRutie,Costume Night Sky of Lutie,Armor
420305,C_Octopus_Leg_In_Mouth,Costume Mini Tentacle,Armor
420306,C_Kotatsu,Costume Kotatsu,Armor
420307,C_Meer_Hair,Costume Twin Wave Roll Hair,Armor
420308,Comp_Mob_Scarf,[NFS] Mob Scarf,Armor
420310,Frozen_Flower_US,Plastic Blue Rose,Armor
420312,Faisca_US,Sparkling Stick,Armor
420313,Pires_US,Mysterious Red Plate,Armor
420314,White_Fox_US,Calming White Fox,Armor
420315,Morcegos_US,Naughty Bats,Armor
420316,TwinCannon_LT_TW,Twin Cannon-LT,Armor
420317,C_White_Rabbit_Hair,Costume White Rabbit Hair,Armor
420319,C_Solo_Play_Box2_V,Costume Card Board Box (Lower),Armor
420320,C_Charm_Of_Rough_Wind,Costume Charm of Rough Wind,Armor
420321,C_Neon_Half_Long,Costume Neon Half Long,Armor
420323,CharmOfAnywhere,Charm of Anywhere,Armor
420324,Twin_Canon_BR,Auto Parts - Cannons,Armor
420325,C_Chewy_Low_Twin,Costume Chewy Low Twin,Armor
420327,Cat_Ears_Cape_Blue,Nekomimi Cape (Blue),Armor
420329,Twinhead_DragonScale_US,Twinhead Dragon Scale,Armor
420333,C_Randgris_Hair,Costume Randgris Hair,Armor
420334,Queen_of_Calamity,Queen of Calamity,Armor
420335,aegis_420335,Costume Guardian of Abyss (Lower),Armor
420336,C_Queen_of_Calamity,Costume Queen of Calamity,Armor
420337,C_Ancient_Rune,Costume Ancient Runes,Armor
420338,C_CLB_SS_LL,Costume Shiba Says Luke,Armor
420340,C_Kitchen_Car,Costume Kitchen Car,Armor
420341,C_Signon_Loop,Costume Signon Loop,Armor
420342,WL_Security_Drone_TH,Wireless Security Drone,Armor
420343,Rescue_whistle_LT,Survival Whistle-LT,Armor
420344,C_Book_of_Sorcery,Costume Book of Sorcery,Armor
420345,C_Ribbon_Braid_Hair,Costume Ribbon Braid Hair,Armor
420346,C_Angel_Berry_Wig,Costume Angel's Raspberry Wig,Armor
420347,C_Undead_Seal_Rose,Costume Jet Black Rose,Armor
420349,C_Blue_Sunbed,Costume Blue Sunbed,Armor
420350,C_Green_Sunbed,Costume Green Sunbed,Armor
420351,C_Auspicloud,Costume Auspicious Clouds,Armor
420352,C_Pool,Costume Pool,Armor
420353,C_Cha_Ex_Twin,Costume Charisma Extension Twin,Armor
420354,aegis_420354,Costume Candle Set,Armor
420356,Book_Of_Destruction,Book of Destruction,Armor
420357,C_Baby_Seal,Costume Baby Seal,Armor
420358,C_Experiment_Mind,Costume Experiment Mind,Armor
420359,C_Sound_of_Catbell,Costume Ring-Ring Nyanka Bell,Armor
420360,C_Bell_Cat_Hair,Costume Bell Cat Hair,Armor
420365,aegis_420365,Costume Secret Society Hood (Lower),Armor
420366,C_Angel_Berry_Wig_N,Costume Angel's Raspberry Wig (without decoration),Armor
420367,C_Cat_Whisper_Cloth,Costume Whisper Cat Ears Cloth,Armor
420368,Reaper_Of_Tomb,Reaper Of Tomb,Armor
420369,EarthStone_In_Mouth,Earth Stone In Mouth,Armor
420370,Comp_ES_in_Mouth,[Not For Sale] Earth Stone In Mouth,Armor
420376,C_Traditors_Low_Tail,Costume: Traditor's Low Tail,Armor
420377,C_Braids_Wave,Costume: Braid Wave,Armor
420381,Atque_Poenitentia,Atokwe Poenitentia,Armor
420382,C_Atque_Poenitentia,Costume Atokwe Poenitentia,Armor
420383,C_Sparkly_Rainbow_Hair,Costume Sparkly Rainbow Hair,Armor
420384,C_Commentary_Booth,Costume Commentary Booth,Armor
420385,C_Adventurer_Map,Costume Adventurer's Map,Armor
420389,Model_Kankrai_TH,Kankrai,Armor
420390,Model_Khon_TH,Khon,Armor
420391,Model_Kradat_TH,Kradat,Armor
420392,Twin_Canon_TH_LT,Twin Cannon-LT,Armor
420393,C_S_Two_Side_Up_BD,Costume Straight two-side up (Blonde),Armor
420394,C_S_Two_Side_Up_BDP,Costume Straight two-side up (Blonde Pink),Armor
420395,C_S_Two_Side_Up_SV,Costume Straight two-side up (Sliver),Armor
420396,C_S_Two_Side_Up_BLP,Costume Straight two-side up (Black Pink),Armor
420397,C_HN_Hair_BG,Costume Hyper Novice Pony (Blue-Green),Armor
420398,C_HN_Hair_YL,Costume Hyper Novice Pony (Yellow),Armor
420399,C_HN_Hair_CB,Costume Hyper Novice Pony (Sakura),Armor
420400,C_HN_Hair_LB,Costume Hyper Novice Pony (Light Blue),Armor
420401,C_HN_Hair_LPP,Costume Hyper Novice Pony (Light Purple),Armor
420402,C_HN_Hair_JBL,Costume Hyper Novice Pony (Jet Black),Armor
420403,C_HN_Hair_WH,Costume Hyper Novice Pony (White),Armor
420404,C_HN_Hair_OM,Costume Hyper Novice Pony (Red),Armor
420405,C_RAM_Hair_BG,Costume Ranger Wolf Shorts (Blue-Green),Armor
420406,C_RAM_Hair_YL,Costume Ranger Wolf Shorts (Yellow),Armor
420407,C_RAM_Hair_CB,Costume Ranger Wolf Shorts (Sakura),Armor
420408,C_RAM_Hair_LB,Costume Ranger Wolf Shorts (Light Blue),Armor
420409,C_RAM_Hair_LPP,Costume Ranger Wolf Shorts (Light Purple),Armor
420410,C_RAM_Hair_JBL,Costume Ranger Wolf Shorts (Jet Black),Armor
420411,C_RAM_Hair_WH,Costume Ranger Wolf Shorts (White),Armor
420412,C_RAM_Hair_OM,Costume Ranger Wolf Shorts (Red),Armor
420413,C_Wanderer_Curl_BG,Costume Wanderer Curl (Blue-Green),Armor
420414,C_Wanderer_Curl_YL,Costume Wanderer Curl (Yellow),Armor
420415,C_Wanderer_Curl_CB,Costume Wanderer Curl (Sakura),Armor
420416,C_Wanderer_Curl_LB,Costume Wanderer Curl (Light Blue),Armor
420417,aegis_420417,Costume Wanderer Curl (Light Purple),Armor
420418,aegis_420418,Costume Wanderer Curl (Jet Black),Armor
420419,aegis_420419,Costume Wanderer Curl (Snow White),Armor
420420,aegis_420420,Costume Wanderer Curl (Red),Armor
420421,C_Cat_Ears_Cape_Blue,Costume Blue Cat Ears Cape,Armor
420422,Red_Bat_US,Bat Von Blood,Armor
420423,C_InkPainting_Day,Costume Ink Painting (Daytime),Armor
420424,C_InkPainting_Night,Costume Ink Painting (Night),Armor
420425,Mob_Scarf_LT,Mob Scarf-LT,Armor
420426,C_WH_Fox_Hood_Twin_N,Costume White Fox Hood Twin (No Decoration),Armor
420427,C_Lunatic_Kamakura,Costume Lunatic Kamakura,Armor
420429,C_Guide_Of_Dead_Text,Costume Guide's Letter,Armor
420430,C_Medjed_Text,Costume Guardian's Letter,Armor
420432,C_Baby_Seal2,Costume Baby Seal,Armor
420433,C_Knit_Ribbon_Lowtwin,Costume Braided Twin Ribbons,Armor
420434,C_Knit_Ribbon_Lowtwin_N,Costume Braided Twin Ribbons (No Decoration),Armor
420435,C_Sberry_Donut_In_Mouth,Costume Strawberry Donut in Mouth,Armor
420439,C_Kitchen_Car2,Costume Food Truck,Armor
420440,C_Rigel_Hair,Costume Rigel Hair,Armor
420447,aegis_420447,Costume Emerald Rose,Armor
420448,C_Deep_You_N,Costume Abyssal,Armor
420449,C_Deep_You,Costume Abyssal Hair,Armor
420451,C_CLB_HM_Munch,Costume Successful Munch,Armor
420499,C_CB_Fullb_Twintails,Costume Sakura Twin tails,Armor
420500,C_CB_Fullb_Twosideup,Costume Sakura Two side up,Armor
420501,C_Hot_Spring,Costume Hot Spring,Armor
420511,C_Over_Cloud,Costume Over the Clouds,Armor
420512,C_Aurora_On_Clouds,Costume Aurora on Clouds,Armor
420514,C_Wonderful_Long_N,Costume Wonderful Long (No Decoration),Armor
420515,C_Wonderful_Long,Costume Wonderful Long,Armor
420524,C_Twin_Milkyway_N,Costume Twin Milkyway (Undecorated),Armor
420525,C_Twin_Milkyway,Costume Twin Milkyway,Armor
420516,C_Forest_Friends,Costume Forest Friends,Armor
420532,C_Immortal_H_Power,Costume Immortal Monarch's Might,Armor
420545,C_Vacation_Pope_Hair,Costume Vacation Pope Hair,Armor
420546,C_Miriam_Hair,Costume Miriam Ponytail,Armor
420547,C_Come_On_Soda,Costume Blueberry Popsicle,Armor
420552,C_Divine_Sky_Invite,Costume Divine Invitation,Armor
420553,C_Snug_Nyar_Hair,Costume Fluffy Nyar Hair,Armor
420554,C_Waggy_Nyar_Hair,Costume Fluttering Nyar Hair,Armor
420570,C_Feather_Hair_TT,Costume Winged Twin Hair,Armor
420571,C_Feather_Hair_BD,Costume Feather Blonde Hair,Armor
420575,C_N_Piamette_RollHair,Costume Piamette Rollhair,Armor
420576,C_Nightmare_Chain,Costume Nightmare Chain,Armor
420593,C_Halloween_Candy_Hair,Costume Halloween Candy Hair,Armor
420594,C_HalloCandy_Hair_N,Costume Halloween Candy Hair (No Decoration),Armor
420595,C_Medjed_Cloth,Costume Medjed Cloth,Armor
420596,C_Blink_Eyes_Halloween,Costume Blink Eyes Halloween,Armor
420602,C_Red_Bat,Costume Red Bat,Armor
420618,C_SS_Recognition,Costume Solid State Recognition,Armor
420642,C_OpenAir_Headset_Red,Costume Open Air Headset (Red),Armor
420647,C_L_Knitting_Wave_BD,Costume Loose Braided Waves (Bronze),Armor
420648,C_L_Knitting_Wave_RBD,Costume Loose Braided Waves (Royal Bronze),Armor
420649,C_L_Knitting_Wave_SV,Costume Loose Braided Waves (Silver),Armor
420650,C_L_Knitting_Wave_RSV,Costume Loose Braided Waves (Royal Silver),Armor
420702,C_Eclipse_Muffler,Costume Eclipse Muffler,Armor
420703,C_Aurelie_Hair,Costume Aurelie Hair,Armor
420726,aegis_420726,Costume Orange Rear Ribbon,Armor
420727,C_Lots_Braided_Hair,Costume Lots Braided Hair,Armor
420728,C_Love_Piece_BL,Costume Heart Chocolate in Mouth,Armor
420729,C_CLB_GAT_bye,Costume Goodbye Five Eagle Brothers,Armor
420730,C_CLB_GAT_go,Costume Let's go Five Eagle Brothers,Armor
420731,C_CLB_GAT_doc,Costume Emergency Communication,Armor
420743,C_Spirit_Cat_TH,Costume Spirit Cat,Armor
420747,Wishing_Sky_Lantern_TH,Costume Wishing Sky Lantern,Armor
420750,C_Seyren_Hair,Costume Seyren Hair,Armor
420751,C_Magaleta_Hair,Costume Magaleta Hair,Armor
420774,aegis_420774,Costume Poporin Bubble Pipe,Armor
420775,C_Petal_Twin,Costume Petal Twin,Armor
420776,C_Petal_Twin_N,Costume Petal Twin (No Decoration),Armor
430001,C_Helm_Of_Ra,Costume Hat of the Sun God,Armor
430002,Rachel_Helmet,Awakened Glacier Helm,Armor
430003,Comp_F_P_Mask_ROC,[Not For Sale] Fancy Phantom Mask,Armor
430005,C_White_Tiger_Glass,Costume White Tiger Glasses,Armor
430006,Wanderers_Sakkat_ROC,Wanderer's Sakkat,Armor
430007,Comp_WandererSakkat_ROC,[Not For Sale] Wanderer's Sakkat,Armor
430008,Comp_Lord_of_Death,[NFS] Helm of Death,Armor
430010,C_Yorker_Hood,Costume: Yorker Hood,Armor
430025,C_CLB_GAT_BK,Costume Leader of the Galaxy,Armor
430026,C_CLB_GAT_G1,Costume Eagle Ken,Armor
430027,C_CLB_GAT_G2,Costume Condor Joe,Armor
430028,C_CLB_GAT_G3,Costume Swan Jun,Armor
430029,C_CLB_GAT_G4,Costume Swallow Jinpei,Armor
430030,C_CLB_GAT_G5,Costume Owl,Armor
435000,C_Sausage,Costume Sausage Princess,Armor
436000,Tha_Maero_MaskK,Thanatos's Maero Mask,Armor
436001,Tha_Despero_MaskK,Thanatos's Despero Mask,Armor
436002,Thanatos_Mal_MaskK,Thanatos's Odium Mask,Armor
436003,Thanatos_Mal_MaskK_,Thanatos's Odium Mask,Armor
436004,Tha_Despero_MaskK_,Thanatos's Despero Mask,Armor
436005,Tha_Maero_MaskK_,Thanatos's Maero Mask,Armor
436006,C_Ep19_Rgan,Costume Rgan Disguise Tool,Armor
436007,C_Ep19_Iwin,Costume Irwin Cold Hat,Armor
436008,C_HwaHoJumJung,Costume Big Tiger Hat,Armor
436010,C_spiding,Costume Gumming,Armor
440000,C_SharkHead,Costume Shark Hat,Armor
440001,C_Wunderkammer,Costume Wunderkammer,Armor
440002,C_Happy_Cat_TW,Costume Happy Cat,Armor
440003,C_Pretty_Rabbit_Hood_E,Costume Novice Rabbit Hood,Armor
440004,C_Close_Helmet,Costume Close Helmet,Armor
440005,C_Diabolus_Helmet,Costume Dark Bacilium,Armor
440006,C_Black_Cat_Hood_kr,Costume Black Cat Hood,Armor
440007,C_Squirrel_Ear_Hat_Kr,Costume Beginner Squirrel Ear Hat,Armor
440008,C_Master,Costume Master,Armor
440009,C_Black_Moon_Cat_kr,Costume Beginner Black Moon Cat,Armor
440010,C_Bear_Head,Costume Teddy Bear Mask,Armor
440012,C_Dr_Eggman_Mask,Costume Dr. Eggman Mask,Armor
440013,C_2024ROS_Hat_1st,Costume ROS Korea 1st Place Hat,Armor
440014,C_2024ROS_Hat_2nd,Costume ROS Korea 2nd Place Hat,Armor
440015,C_2024ROS_Hat_3rd,Costume ROS Korea 3rd Place Hat,Armor
440016,C_2024ROS_Hat_4th,Costume ROS Korea Participant Hat,Armor
440017,C_Jormun_Cape,Costume: Jormungandr Church Cape,Armor
440018,C_Helm_Of_Galaxia,Costume Helm of Galaxia,Armor
440019,C_Alecsander,Costume Alexander,Armor
440020,C_Cassandra,Costume Cassandra,Armor
440035,C_Malangmalang,Costume Malangmalang,Armor
450000,IDTest_armor,IDTest armor,Armor
450001,Atker_Plate,Attacker Booster Plate,Armor
450002,Ele_Robe,Elemental Booster Robe,Armor
450003,Defn_Robe,Defender Booster Robe,Armor
450004,Ran_Suits,Ranger Booster Suits,Armor
450010,Europa_Robe_J,Europa Robe,Armor
450011,Capricon_Mail_J,Capricon Mail,Armor
450012,Siege_Robe_2Tier,Intermediate Guild Member's Robe,Armor
450013,Siege_Suits_2Tier,Intermediate Guild Member's Suit,Armor
450014,Siege_Plate_2Tier,Intermediate Guild Member's Plate,Armor
450015,Virgo_Mail_J,Virgo Mail,Armor
450017,Kukulkan_Skin_TW,Kukulkan Skin,Armor
450018,Noblesse_Breath_Armor,Noblesse Breath Armor,Armor
450019,Noblesse_Knight_Armor,Noblesse Knight Armor,Armor
450020,Noblesse_Spear_Armor,Noblesse Spear Armor,Armor
450021,Noblesse_Genesis_Armor,Noblesse Genesis Armor,Armor
450022,Noblesse_Sharp_Suit,Noblesse Sharp Suit,Armor
450023,Noblesse_Aim_Suit,Noblesse Aimed suit,Armor
450024,Noblesse_Severe_Suit,Noblesse Severe Suit,Armor
450025,Noblesse_Reverb_Suit,Noblesse Reverb Suit,Armor
450026,Noblesse_Adora_Robe,Noblesse Adora Robe,Armor
450027,Noblesse_Duple_Robe,Noblesse Duple Robe,Armor
450028,Noblesse_Tonado_Armor,Noblesse Tornado Armor,Armor
450029,Noblesse_Vulcan_Armor,Noblesse Vulcan Armor,Armor
450030,Noblesse_Kart_Suit,Noblesse Cart Cannon Suit,Armor
450031,Noblesse_Kart_Suit2,Noblesse Cart Tornado Suit,Armor
450032,Noblesse_Rolling_Suit,Noblesse Rolling Suit,Armor
450033,Noblesse_Assasin_Suit,Noblesse Assassin Suit,Armor
450034,Noblesse_Fatal_Suit,Noblesse Fatal Suit,Armor
450035,Noblesse_Stalker_Suit,Noblesse Stalker Suit,Armor
450036,Noblesse_Picky_Robe,Noblesse Picky Robe,Armor
450037,Noblesse_Carrot_Robe,Noblesse Catnip Robe,Armor
450038,Noblesse_Trip_Suit,Noblesse Trip Suit,Armor
450039,Noblesse_Firerain_Suit,Noblesse Fire Rain Suit,Armor
450040,Noblesse_Crimson_Robe,Noblesse Crimson Robe,Armor
450041,Noblesse_Frost_Robe,Noblesse Frost Robe,Armor
450042,Noblesse_Psychic_Robe,Noblesse Psychic Robe,Armor
450043,Noblesse_Dust_Robe,Noblesse Dust Robe,Armor
450044,Noblesse_Sun_Suit,Noblesse Sun Suit,Armor
450045,Noblesse_Moon_Suit,Noblesse Moon Suit,Armor
450046,Noblesse_Ninja_Suit,Noblesse Ninja Suit,Armor
450047,Noblesse_Kunai_Suit,Noblesse Kunai Suit,Armor
450048,Noblesse_Swhoo_Robe,Noblesse Eswhoo Robe,Armor
450049,Noblesse_Explosion_Robe,Noblesse Explosion Robe,Armor
450050,Noblesse_Knuckle_Suit,Noblesse Knuckle Suit,Armor
450051,Noblesse_Tiger_Suit,Noblesse Tiger Suit,Armor
450052,Imperial_Breath_Armor,Imperial Breath Armor,Armor
450053,Imperial_Knight_Armor,Imperial Knight Armor,Armor
450054,Imperial_Spear_Armor,Imperial Spear Armor,Armor
450055,Imperial_Genesis_Armor,Imperial Genesis Armor,Armor
450056,Imperial_Sharp_Suit,Imperial Sharp Suit,Armor
450057,Imperial_Aim_Suit,Imperial Aimed Suit,Armor
450058,Imperial_Severe_Suit,Imperial Severe Suit,Armor
450059,Imperial_Reverb_Suit,Imperial Reverb Suit,Armor
450060,Imperial_Adora_Robe,Imperial Adora Robe,Armor
450061,Imperial_Duple_Robe,Imperial Duple Robe,Armor
450062,Imperial_Knuckle_Suit,Imperial Knuckle Suit,Armor
450063,Imperial_Tiger_Suit,Imperial Tiger Suit,Armor
450064,Imperial_Tonado_Armor,Imperial Tornado Armor,Armor
450065,Imperial_Vulcan_Armor,Imperial Vulcan Armor,Armor
450066,Imperial_Kart_Suit,Imperial Cart Cannon Suit,Armor
450067,Imperial_Kart_Suit2,Imperial Cart Tornado Suit,Armor
450068,Imperial_Rolling_Suit,Imperial Rolling Suit,Armor
450069,Imperial_Assasin_Suit,Imperial Assassin Suit,Armor
450070,Imperial_Fatal_Suit,Imperial Fatal Suit,Armor
450071,Imperial_Stalker_Suit,Imperial Stalker Suit,Armor
450072,Imperial_Picky_Robe,Imperial Picky Robe,Armor
450073,Imperial_Carrot_Robe,Imperial Catnip Robe,Armor
450074,Imperial_Trip_Suit,Imperial Trip Suit,Armor
450075,Imperial_Firerain_Suit,Imperial Fire Rain Suit,Armor
450076,Imperial_Crimson_Robe,Imperial Crimson Robe,Armor
450077,Imperial_Frost_Robe,Imperial Frost Robe,Armor
450078,Imperial_Psychic_Robe,Imperial Psychic Robe,Armor
450079,Imperial_Dust_Robe,Imperial Dust Robe,Armor
450080,Imperial_Sun_Suit,Imperial Sun Suit,Armor
450081,Imperial_Moon_Suit,Imperial Moon Suit,Armor
450082,Imperial_Ninja_Suit,Imperial Ninja Suit,Armor
450083,Imperial_Kunai_Suit,Imperial Kunai Suit,Armor
450084,Imperial_Swhoo_Robe,Imperial Eswhoo Robe,Armor
450085,Imperial_Explosion_Robe,Imperial Explosion Robe,Armor
450086,Grace_Breath_Armor,Grace Breath Armor,Armor
450087,Grace_Knight_Armor,Grace Knight Armor,Armor
450088,Grace_Spear_Armor,Grace Spear Armor,Armor
450089,Grace_Genesis_Armor,Grace Genesis Armor,Armor
450090,Grace_Sharp_Suit,Grace Sharp Suit,Armor
450091,Grace_Aim_Suit,Grace Aimed Suit,Armor
450092,Grace_Severe_Suit,Grace Severe Suit,Armor
450093,Grace_Reverb_Suit,Grace Reverb Suit,Armor
450094,Grace_Adora_Robe,Grace Adora Robe,Armor
450095,Grace_Duple_Robe,Grace Duple Robe,Armor
450096,Grace_Knuckle_Suit,Grace Knuckle Suit,Armor
450097,Grace_Tiger_Suit,Grace Tiger Suit,Armor
450098,Grace_Tonado_Armor,Grace Tornado Armor,Armor
450099,Grace_Vulcan_Armor,Grace Vulcan Armor,Armor
450100,Grace_Kart_Suit,Grace Cart Cannon Suit,Armor
450101,Grace_Kart_Suit2,Grace Cart Tornado Suit,Armor
450102,Grace_Rolling_Suit,Grace Rolling Suit,Armor
450103,Grace_Assasin_Suit,Grace Assassin Suit,Armor
450104,Grace_Fatal_Suit,Grace Fatal Suit,Armor
450105,Grace_Stalker_Suit,Grace Stalker Suit,Armor
450106,Grace_Picky_Robe,Grace Picky Robe,Armor
450107,Grace_Carrot_Robe,Grace Catnip Robe,Armor
450108,Grace_Trip_Suit,Grace Trip Suit,Armor
450109,Grace_Firerain_Suit,Grace Fire Rain Suit,Armor
450110,Grace_Crimson_Robe,Grace Crimson Robe,Armor
450111,Grace_Frost_Robe,Grace Frost Robe,Armor
450112,Grace_Psychic_Robe,Grace Psychic Robe,Armor
450113,Grace_Dust_Robe,Grace Dust Robe,Armor
450114,Grace_Sun_Suit,Grace Sun Suit,Armor
450115,Grace_Moon_Suit,Grace Moon Suit,Armor
450116,Grace_Ninja_Suit,Grace Ninja Suit,Armor
450117,Grace_Kunai_Suit,Grace Kunai Suit,Armor
450118,Grace_Swhoo_Robe,Grace Eswhoo Robe,Armor
450119,Grace_Explosion_Robe,Grace Explosion Robe,Armor
450121,Noblesse_Snovice_Suit,Noblesse Super Novice Suit,Armor
450122,Noblesse_Snovice_Robe,Noblesse Super Novice Robe,Armor
450123,Imperial_Snovice_Suit,Imperial Super Novice Suit,Armor
450124,Imperial_Snovice_Robe,Imperial Super Novice Robe,Armor
450125,Grace_Snovice_Suit,Grace Super Novice Suit,Armor
450126,Grace_Snovice_Robe,Grace Super Novice Robe,Armor
450127,Auto_Armor_A,Automatic Armor Type A,Armor
450128,Auto_Armor_B,Automatic Armor Type B,Armor
450129,Aries_Mail_J,Aries Mail,Armor
450130,Gemini_Mail_J,Gemini Mail,Armor
450131,Fallen_Angel_Armor_TW,Fallen Angel Armor,Armor
450132,Magical_Cloth,Magical Cloth,Armor
450133,Pisces_Mail_J,Pisces Mail,Armor
450135,Bloody_Celine_Dress_TW,Bloody Celine's Dress,Armor
450140,Sagittarius_Mail_J,Sagittarius Mail,Armor
450141,Kingly_Armor,Monarch Mail,Armor
450142,Orc_Load_Mail,Orc Lord Armor,Armor
450143,Samael_Dress,Red Serpent Dress,Armor
450144,Saint_Robe_IL,Illusion Saint Robe,Armor
450145,Water_Sprits_Armor_IL,Illusion Saphien's Armor of Ocean,Armor
450146,Chain_Mail_IL,Illusion Chain Mail,Armor
450147,E_Illusion_Armor_A,Illusion Armor Type A (Bound),Armor
450148,E_Illusion_Armor_B,Illusion Armor Type B (Bound),Armor
450149,MD_Geffen_Suits,Anti Conjurer Suit,Armor
450150,MD_Geffen_Robe,Magic Protector Robe,Armor
450151,Adv_Cotton_Shirt,Reinforced Cotton Shirt,Armor
450155,JP_Armor06_L,[Rental] Red Serpent Dress,Armor
450158,Triad_God_Mail_J__,Awakening Triad God Mail,Armor
450163,White_Lily_Robe_,White Lily Robe,Armor
450164,Egirnion_Armor,Aegirnion Armor,Armor
450165,Striking_Mail,Striking Mail,Armor
450166,Vague_Star_Robe,Faint Star's Robe,Armor
450167,Vague_Star_Suit,Faint Star's Suit,Armor
450168,Vague_Star_Armor,Faint Star's Armor,Armor
450169,Star_Armor_Of_Pow,Nebula Armor of Power,Armor
450170,Star_Armor_Of_Sta,Nebula Armor of Stamina,Armor
450171,Star_Suit_Of_Con,Nebula Suit of Concentration,Armor
450172,Star_Suit_Of_Crt,Nebula Suit of Creative,Armor
450173,Star_Robe_Of_Spl,Nebula Robe of Spell,Armor
450174,Star_Robe_Of_Wis,Nebula Robe of Wisdom,Armor
450175,Temporal_Armor_TW,Exotic Temporal Armor,Armor
450176,Supplement_Part_Wing,Powered Wing,Armor
450177,Gray_W_Suits,Gray Wolf Suit,Armor
450178,Gray_W_Robe,Gray Wolf Robe,Armor
450179,Celine_Dress,Celine's Dress,Armor
450180,Cute_Frog_Raincoat,Cute Frog Raincoat,Armor
450181,White_Lily_Robe__,Awakened White Lily Robe,Armor
450182,Sprint_Mail_IL,Illusion Sprint Mail,Armor
450183,1Para_Armor_A,Paradise Suit,Armor
450184,1Para_Armor_B,Paradise Robe,Armor
450185,2Para_Armor_A,Paradise Luxury Suit,Armor
450186,2Para_Armor_B,Advanced Paradise Robe,Armor
450188,Cursed_Devils_Mail_A,Awakening Magic Curse Mail,Armor
450189,Oceanus_Blessing,Oceanus Blessing,Armor
450190,Rachel_Robe,Awakened Glacier Robe,Armor
450191,ST_Orleans_Gown,Engraved Orlean's Gown,Armor
450192,ST_Naga_Armor,Engraved Naga's Scale Armor,Armor
450198,Evt_RagFes_Shirts,Ragfest Cotton Shirt for Refining,Armor
450199,Barmund_Armor,Varmundt Rune Armor,Armor
450200,Barmund_Flame_Armor,Varmundt Fire Rune Armor,Armor
450201,Barmund_Plain_Armor,Varmundt Glade Rune Armor,Armor
450202,Barmund_Death_Armor,Varmundt Death Rune Robe,Armor
450203,Barmund_Ice_Armor,Varmundt Ice Rune Armor,Armor
450205,Orc_Load_Mail_,Awakened Orc Load Armor,Armor
450206,Snowflower_Armor,Snowflower Armor,Armor
450207,Snowflower_Robe,Snowflower Robe,Armor
450208,Paracelsus_Coat,Paracelsus Coat,Armor
450209,Imp_Powered_Suit,Imp Powered Suit,Armor
450210,Fluffy_Shark_Pajama,Fluffy Shark Pajama,Armor
450211,Guardian_Mail,Guardian Mail,Armor
450214,Dark_Triad,Dark Triad,Armor
450215,Aramazd_revelation,Revelation of Aramazd,Armor
450216,Twinhead_dragon_Mail_J,Twinhead Dragon Mail,Armor
450217,Phreeoni_Wing_Suits,Phreeoni Wing Suit,Armor
450218,E_Auto_Armor_A,Automatic Armor A-type (Bound),Armor
450219,E_Auto_Armor_B,Automatic Armor B-type (Bound),Armor
450220,Chrome_Plate_Armor,Chrome Metal Plate,Armor
450222,Requiescat_in_Pace,Requiescat in Pace,Armor
450224,Ruler_Robe_J_,Robe of Dominator,Armor
450225,Ruler_Robe_J__,Awakened Ruler's Robe,Armor
450226,Four_of_a_kind,Four of a Kind,Armor
450229,Hs_Mail,Herosria Mail,Armor
450230,Hs_Tights,Herosria Tights,Armor
450231,Hs_Suits,Herosria Suit,Armor
450232,Hs_Robe,Herosria Magic Robe,Armor
450233,Hs_Plate,Herosria Full Plate,Armor
450234,Flame_Rune_Armor,Rune Armor of Flame,Armor
450242,Elemental_Possession,Elemental Possession,Armor
450243,Plain_Rune_Armor,Rune Armor of Plain,Armor
450244,Ice_Rune_Armor,Rune Armor of Ice,Armor
450245,Death_Rune_Armor,Rune Robe of Death,Armor
450246,BN_H_AD_Suits,Baron Adventurer Suit,Armor
450247,Brilliant,Brillance,Armor
450249,1Lv_Shirt,1Lv Shirts,Armor
450250,2Lv_Shirt,Level 2 Shirt,Armor
450251,Assault_Suit,Assault Suits,Armor
450252,Death_Bringer,Death Bringer,Armor
450257,Platinum_Arbitrator,Platinum Arbitrator,Armor
450258,Loud_Park,Loud Park,Armor
450259,P_90Lv_Mail,Booster Adventurer's Premium Mail,Armor
450260,P_90Lv_Cloth,Booster Adventurer's Premium Cloth,Armor
450261,P_90Lv_Robe,Booster Adventurer's Premium Robe,Armor
450262,P_90Lv_Dress,Booster Adventurer's Premium Clothing,Armor
450263,Lunar_E_Armor_LT,Lunar Eclipse Armor-LT,Armor
450264,Glacier_Armor,Glacier Armor,Armor
450265,Glacier_Robe,Glacier Robe,Armor
450266,Glacier_Manteau,Glacier Manteau,Armor
450267,Glacier_Muffler,Glacier Muffler,Armor
450268,Glacier_Shoes,Glacier Shoes,Armor
450269,Kafra_Suit_ROC,Kafra Suit,Armor
450270,D_Glacier_Armor,Dim Glacier Armor,Armor
450271,D_Glacier_Robe,Dim Glacier Robe,Armor
450272,B_Celine_D_LT_TW,Celine's Dress-LT,Armor
450274,Flame_E_R_Armor,Fiery Earth Rune Armor,Armor
450279,Ice_S_R_Suits,Icy Storm Rune Suit,Armor
450280,Soul_P_R_Robe,Soul Purifying Rune Robe,Armor
450281,Corrupt_P_R_Cloth,Corrupted Poison Rune Cloth,Armor
450282,Flame_E_R_Armor2,Engraved Fiery Earth Rune Armor,Armor
450283,Ice_S_R_Suits2,Engraved Icy Storm Rune Suit,Armor
450284,Soul_P_R_Robe2,Engraved Soul Purifying Rune Robe,Armor
450285,Corrupt_P_R_Cloth2,Engraved Corrupted Poison Rune Cloth,Armor
450286,Robe_of_Devotee_A,Awakened Robe of Worshiper,Armor
450287,Robe_of_Devotee,Robe of Worshiper,Armor
450291,Amazing_Grace,Amazing Grace,Armor
450293,Ceres_Armor_TW_LT,Ceres Leather Armor-LT,Armor
450294,Jupiter_Armor_TW_LT,Jupiter Light Armor-LT,Armor
450295,Apollo_Armor_TW_LT,Apollo Armor-LT,Armor
450296,Mars_Armor_TW_LT,Mars Armor-LT,Armor
450297,Vinus_Armor_TW_LT,Venus Feather Armor-LT,Armor
450298,Vulcan_Armor_TW_LT,Vulcanus Armor-LT,Armor
450299,Temporal_Armor_TW_LT,Exotic Temporal Armor-LT,Armor
450300,Z_Boost_Armor,Boosted Adventurer's Armor,Armor
450301,Z_Boost_Set1_Armor,Boosting Forged Mail Type A,Armor
450302,Z_Boost_Set2_Armor,Boosting Forged Mail Type B,Armor
450303,Z_Boost_Set3_Armor,Boosting Forged Mail Type C,Armor
450304,Z_Boost_Set4_Armor,Boosting Forged Mail Type D,Armor
450309,Grace_of_Seth,Grace of Seth,Armor
450333,Gray_W_Suits_JP,[Not For Sale] Gray Wolf Suit,Armor
450335,Gray_W_Robe_JP,[Not For Sale] Gray Wolf Robe,Armor
450336,Snowflower_Armor_JP,[Not For Sale] Snowflake Mail,Armor
450337,Snowflower_Robe_JP,[Not For Sale] Snowflake Robe,Armor
450338,Screaming_Ghoost_Party,Screaming Ghost Party,Armor
450340,Z_Boost_Set1_Armor_01,Boosting Mail Type A,Armor
450341,Z_Boost_Set2_Armor_01,Boosting Mail Type B,Armor
450342,Z_Boost_Set3_Armor_01,Boosting Mail Type C,Armor
450343,Z_Boost_Set4_Armor_01,Boosting Mail Type D,Armor
450350,Gaebolg_Armor,Gaebolg Armor,Armor
450351,Gaebolg_Robe,Gaebolg Robe,Armor
450368,Howling_Tiger_Pajama,Howling Tiger Pajama,Armor
450371,aegis_450371,Ultra Armor,Armor
450372,Vohu_Manah,Vohu Manah,Armor
450373,Soft_Fawn_Robe,Softy Fawn Robe,Armor
450375,aegis_450375,Fallen Violet Armor,Armor
450376,aegis_450376,[Not For Sale] Fallen Violet Armor,Armor
450377,aegis_450377,Fallen Flame Armor,Armor
450378,aegis_450378,[Not For Sale] Fallen Flame Armor,Armor
450379,Lycanthrope,Lykantropos,Armor
450385,Astraea_Armor_LT,Asteria's Armor-LT,Armor
450386,Bacchus_Armor_LT,Bacchus Armor-LT,Armor
450387,Neptune_Uniform_LT,Neptune Uniform-LT,Armor
450388,Diana_Suits_LT,Diana Suit-LT,Armor
450389,Mercury_Suits_LT,Mercury Suit-LT,Armor
450390,Janus_Armor,Janus Armor,Armor
450391,Janus_Armor_LT,Janus Armor-LT,Armor
450401,Speculation,Speculation,Armor
450402,Costume_Petal_W,Petal Costume (Albino),Armor
450403,Virtuous_Light_US,Virtuous Lightbringer,Armor
450404,Bougainvillea,Bougainvillea,Armor
450405,aegis_450405,Convertible Physical Armor,Armor
450406,aegis_450406,Convertible Magical Armor,Armor
450407,aegis_450407,Convertible Critical Armor,Armor
450410,Hatred_Darkness,Hatred Darkness,Armor
450411,Tirnanog,Tirnanog,Armor
450412,Yorscalp_Armor,Yorscalp Armor,Armor
450413,Yorscalp_Robe,Yorscalp Robe,Armor
450416,Lycanthrope_US,Lycanthrope Armor,Armor
450417,aegis_450417,Robe of Morpheus's,Armor
450419,World_All,World All,Armor
450420,Radiant_purify,Radiant Purify,Armor
450421,Royal_H_Mail_A,Royal Hunting Mail A-type,Armor
450422,Royal_H_Mail_B,Royal Hunting Mail B-type,Armor
450423,Sheratan,Sheratan,Armor
450424,The_RO_Shirts_ROC,The Ragnarok T-Shirts,Armor
450425,Striped_Holy_Robe,Striped Holy Robe,Armor
450426,Santa_Suit_US,Santa Suit,Armor
450427,Diabolic_Armor_US,Cursed Diabolical Armor,Armor
450432,Power_Machine_Suit,Power Machine Suit,Armor
450438,Prana_Suit,Prana Suit,Armor
450440,Entwined_Armor,Entwined Magical Armor,Armor
450441,Entwined_Robe,Entwined Magical Robe,Armor
460002,Aries_Shield_J,Aries Shield,Armor
460003,Feather_Shield,Feather Shield,Armor
460004,Illusion_Shield_A,Illusion Shield I,Armor
460005,MD_Geffen_Shield,Magic Absorber,Armor
460006,MD_Geffen_Shield2,Encyclopedia Complete Edition,Armor
460009,Apocalypse_Of_Destiny,Apocalypse of the Saint,Armor
460010,Witchslayer_Greatshield,Witch Hunt Shield,Armor
460012,Avd_Guard,Reinforced Shield,Armor
460013,Poenetentia_Aegis,Poenitentia Aegis,Armor
460014,Illusion_Shield_B,Illusion Shield II,Armor
460015,Auto_Shield_A,Automatic Shield I,Armor
460016,Auto_Shield_B,Automatic Shield II,Armor
460017,Guard_IL,Illusion Guard,Armor
460018,Siver_Guard_IL,Illusion Silver Guard,Armor
460020,Mad_Bunny_K_LT,Mad Bunny-LT,Armor
460021,ST_Orleans_Server,Engraved Orlean's Server,Armor
460022,ST_Naga_Shield,Engraved Naga's Scale Shield,Armor
460023,Shield_Of_Phoenix,Shield of Phoenix,Armor
460025,Spenta_Mainyu,Spenta Mainyu,Armor
460027,Titan_Shield_TW,Titan Shield,Armor
460030,Fake_Alloy_Pot,Bionic Aluminum Planter,Armor
460034,Hs_Brutal_Shield,Herosria Brutal Shield,Armor
460035,Hs_Cranial_Shield,Herosria Cranial Shield,Armor
460036,Hs_Brutal_Guard,Herosria Brutal Guard,Armor
460037,Hs_Cranial_Guard,Herosria Cranial Guard,Armor
460038,Nob_Lib_Shield,Noble Libra's Shield,Armor
460040,Glacier_Guard,Glacier Guard,Armor
460046,Black_Mithril_Guard,Black Mythril Guard,Armor
460048,1LvGuard,1Lv Shield,Armor
460049,2LvGuard,Level 2 Shield,Armor
460050,Symbol_Of_Eden,Symbol of Eden,Armor
460052,Striking_Armguard,Striking Gauntlet,Armor
460053,Feather_Shield_LT_TW,Feather Shield-LT,Armor
460057,Spenta_Armaiti,Spenta Armaiti,Armor
460064,Rose_Quartz_Shield,Rose Quartz Shield,Armor
460065,Comp_Rose_Quartz_Shield,[Not For Sale] Rose Quartz Shield,Armor
460066,Fake_Alloy_Pot_LT,Fake Alloy Pot-LT,Armor
460072,Shield_Furious,Furious Shield,Armor
460073,aegis_460073,Ultra Shield,Armor
460074,Glacies_Aranea,Gracies Aranea,Armor
460075,Prta_Mil_Shield,Prontera Army Shield,Armor
460077,GEMS_DarkBlood,God-Devouring Demonic Shield,Armor
460078,GEMS_DarkBlood_LT,God-Devouring Demonic Shield-LT,Armor
460079,Mesarthim,Mesarthim,Armor
460083,Forbidden_Grimoire2_TH,Forbidden Grimoire II,Armor
460084,Alice_Pillow_US,Alice Body Pillow,Armor
460088,Shingaimutou,Shingaimutou,Armor
460089,Cursed_Prince_Guard,Cursed Prince Guard,Armor
460092,Ancient_Prontera_US,Ancient Prontera Book,Armor
460093,Ninja_Sheild,Hissatsu: Falling Bloom,Armor
460094,Aegis_Illusive_TH,Aegis of the Illusive,Armor
460095,Aegis_Illusive_TH_LT,Aegis of the Illusive-LT,Armor
460096,Hightech_Shield_US,High-tech Shield,Armor
460097,Forbidden_Grimoire2_LT,Forbidden Grimoire II-LT,Armor
470000,Atker_Greave,Attacker Booster Greaves,Armor
470001,Ele_Shoes,Elemental Booster Shoes,Armor
470002,Defn_Shoes,Defender Booster Shoes,Armor
470003,Ran_Boots,Ranger Booster Boots,Armor
470006,Sniping_Shoes_J,Sniping Shoes,Armor
470007,Sniping_Shoes_J_,Sniping Shoes,Armor
470008,Fluffy_DandelionShoes_J,Fluffy Dandelion Shoes,Armor
470009,Fluffy_DandeShoes_J_,Fluffy Dandelion Shoes,Armor
470010,Capricon_Shoes_J,Capricon Shoes,Armor
470011,Siege_Shoes_2Tier,Intermediate Guild Member's Shoes,Armor
470012,Siege_Boots_2Tier,Intermediate Guild Member's Boots,Armor
470013,Siege_Greave_2Tier,Intermediate Guild Member's Greaves,Armor
470014,Virgo_Shoes_J,Virgo Shoes,Armor
470016,Noblesse_Attack_Boots,Noblesse Attack Boots,Armor
470017,Noblesse_Magic_Boots,Noblesse Magic Boots,Armor
470018,Imperial_Attack_Boots,Imperial Attack Boots,Armor
470019,Imperial_Magic_Boots,Imperial Magic Boots,Armor
470020,Grace_Attack_Boots,Grace Attack Boots,Armor
470021,Grace_Magic_Boots,Grace Magic Boots,Armor
470022,Auto_Leg_A,Automatic Leg Type A,Armor
470023,Auto_Leg_B,Automatic Leg Type B,Armor
470024,Aries_Shoes_J,Aries Shoes,Armor
470025,Pretty_PigShoes,Cute Little Boar Shoes,Armor
470026,Pretty_PigShoes_,Cute Little Boar Shoes,Armor
470027,Juggernaut,Juggernaut,Armor
470028,Juggernaut_,Juggernaut,Armor
470030,Discord_Particles_Shoes,Discord Thoughtform Shoes,Armor
470031,Discord_Particles_Shoe_,Discord Thoughtform Shoes,Armor
470032,Gemini_Shoes_J,Gemini Shoes,Armor
470033,Elemental_BootsK,Elemental Boots,Armor
470034,Virtue_Particles_Shoes,Immoral Thoughtform Shoes,Armor
470035,Virtue_Particles_Shoes_,Immoral Thoughtform Shoes,Armor
470036,Military_Boots_IL,Illusion Military Boots,Armor
470037,Military_Boots_IL_,Illusion Military Boots,Armor
470038,Pisces_Shoes_J,Pisces Shoes,Armor
470045,Sagittarius_Shoes_J,Sagittarius Shoes,Armor
470046,Kingly_Boots,Monarch Boots,Armor
470047,Awakening_Nergal_Shoes,Awakened Fire Thunder Great Boots,Armor
470048,Striking_Shoes,Striking Shoes,Armor
470054,E_Illusion_Leg_A,Illusion Leg Type A (Bound),Armor
470055,E_Illusion_Leg_B,Illusion Leg Type B (Bound),Armor
470056,Chaser_Shoes,Chaser's Shoes,Armor
470057,Chaser_Shoes_,Pursuiter Shoes,Armor
470058,Disillusion_P_Shoes,Disillusion Thoughtform Shoes,Armor
470059,Disillusion_P_Shoes_,Disillusion Thoughtform Shoes,Armor
470060,Cylinder_Boots,Cylinder Boots,Armor
470061,Cylinder_Boots_,Cylinder Boots,Armor
470062,Lethargy_P_Shoes,Lethargy Thoughtform Shoes,Armor
470063,Lethargy_P_Shoes_,Lethargy Thoughtform Shoes,Armor
470066,Sprint_Shoes_IL,Illusion Sprint Shoes,Armor
470067,1Para_Boots_A,Paradise Boots,Armor
470068,1Para_Boots_B,Paradise Shoes,Armor
470069,2Para_Boots_A,Paradise Luxury Boots,Armor
470070,Egirnion_Shoes,Aegirnion Shoes,Armor
470071,MD_Airboat_Boots,Unknown Strength Boots,Armor
470072,MD_Airboat_Boots2,Unknown Dexterity Boots,Armor
470073,MD_Airboat_Boots3,Unknown Vitality Boots,Armor
470074,MD_Airboat_Boots4,Unknown Intelligence Boots,Armor
470075,Peep_Toe_Sandals,Peep Toe Sandals,Armor
470076,MD_Airboat_Boots5,Unknown Agility Boots,Armor
470077,MD_Airboat_Boots6,Unknown Luck Boots,Armor
470078,Indecisive_P_Shoes,Indecisive Thoughtform Shoes,Armor
470079,Indecisive_P_Shoes_,Indecisive Thoughtform Shoes,Armor
470080,Arrogance_P_Shoes,Arrogant Thoughtform Shoes,Armor
470081,Arrogance_P_Shoes_,Arrogant Thoughtform Shoes,Armor
470082,Regeneration_P_Shoes,Regeneration Thoughtform Shoes,Armor
470083,Regeneration_P_Shoes_,Regeneration Thoughtform Shoes,Armor
470084,Rune_Greave_JP,Rune Greaves,Armor
470085,Rune_Greave_JP_,Rune Greaves,Armor
470086,Lapine_Pray_Shoes,Lapine Prayer Shoes,Armor
470087,Gray_W_Boots,Gray Wolf Boots,Armor
470088,Gray_W_Shoes,Gray Wolf Shoes,Armor
470089,Runaway_P_Shoes,Runaway Thoughtform Shoes,Armor
470090,Runaway_P_Shoes_,Runaway Thoughtform Shoes,Armor
470091,Disappointment_P_Shoes,Despair Thoughtform Shoes,Armor
470092,Disappointment_P_Shoes_,Despair Thoughtform Shoes,Armor
470093,2Para_Boots_B,Advanced Paradise Shoes,Armor
470094,Hero_Boots_LT,Hero Boots-LT,Armor
470095,Destroy_World_Boots,Destroyer Boots,Armor
470096,Cursed_Devils_Boots_A,Awakening Magic Curse Boots,Armor
470097,HalfBloodPrincess_Shoes,Demon Hunting Shoes,Armor
470098,EC_Boots_TW,Jade Crystal Boots,Armor
470099,Rachel_Boots,Awakened Glacier Boots,Armor
470105,Shoes_Of_Judex,Purge Shoes,Armor
470106,Shoes_Of_Judex_,Shoes of Purge,Armor
470107,Barmund_Greave,Varmundt Rune Greaves,Armor
470108,Barmund_Plain_Boots,Varmundt Glade Rune Boots,Armor
470109,Barmund_Flame_Boots,Varmundt Fire Rune Boots,Armor
470110,Barmund_Death_Boots,Varmundt Death Rune Boots,Armor
470111,Barmund_Ice_Boots,Varmundt Ice Rune Boots,Armor
470112,Moaning_of_EvilSpirits,Moaning of Evil Spirits,Armor
470113,Hollow_Shoes_,Awakening Hollow Shoes,Armor
470115,Snowflower_Boots,Snowflower Boots,Armor
470116,Snowflower_Shoes,Snowflower Shoes,Armor
470117,Guardian_Greave,Guardian Greave,Armor
470120,Scrap_Remodel_Shoes_TW,Mechanical Aluminum Modified Boots,Armor
470122,Beast_Leather_Shoes,Beast's Leather Shoes,Armor
470123,Hunting_Shoes,Hunting Shoes,Armor
470125,E_Auto_Leg_A,Automatic Leg A-type (Bound),Armor
470126,E_Auto_Leg_B,Automatic Leg B-type (Bound),Armor
470127,Wine_Shoes,Crimson Magic Boots,Armor
470129,Corruption_Boots,Fallen Gods Chant Magic Boots,Armor
470130,End_of_the_World,End of the World,Armor
470153,Hs_Speed_Boots,Herosria Speed Boots,Armor
470154,Hs_Casting_Shoes,Herosria Casting Shoes,Armor
470155,Hs_Critical_Shoes,Herosria Critical Shoes,Armor
470156,Hs_Fix_Sandle,Herosria Fix Sandals,Armor
470157,Hs_Delay_Sandle,Herosria Cool Sandals,Armor
470158,Temporal_Dex_Boots_ROC,Temporal Boots Dex,Armor
470159,Temporal_STR_Boots_ROC,Temporal Boots Str,Armor
470160,Temporal_Int_Boots_ROC,Temporal Boots Int,Armor
470161,Temporal_Agi_Boots_ROC,Temporal Boots Agi,Armor
470162,Temporal_Vit_Boots_ROC,Temporal Boots Vit,Armor
470163,Temporal_Luk_Boots_ROC,Temporal Boots Luk,Armor
470164,Temporal_Agi_Boots_ROC_,Temporal Boots Agi,Armor
470165,Temporal_Vit_Boots_ROC_,Temporal Boots Vit,Armor
470166,Temporal_Dex_Boots_ROC_,Temporal Boots Dex,Armor
470167,Temporal_STR_Boots_ROC_,Temporal Boots Str,Armor
470168,Temporal_Int_Boots_ROC_,Temporal Boots Int,Armor
470169,Temporal_Luk_Boots_ROC_,Temporal Boots Luk,Armor
470170,Temporal_Boots_ROC,Temporal Boots,Armor
470171,ROZ_FV_Cassock_Boots,Shining Priest's Boots,Armor
470172,ROZ_FV_Rachel_Boots,Frost Ice Snow Boots,Armor
470173,Flame_Rune_Boots,Rune Boots of Flame,Armor
470174,Plain_Rune_Boots,Rune Boots of Plain,Armor
470175,Ice_Rune_Boots,Rune Boots of Ice,Armor
470176,Death_Rune_Boots,Rune Boots of Death,Armor
470177,Walk_Of_DarkVoid,Void Darkness Boots,Armor
470178,1LvSandals,1Lv Sandals,Armor
470179,2LvSandals,Level 2 Sandals,Armor
470180,Starry_Sky_Twin_Prime,Starry Sky Twin Prime,Armor
470181,Comp_Ancient_Hero_Boots,[Not For Sale] Ancient Hero Boots,Armor
470182,Agenda_Boots_LT_TW,Boots of Judgment-LT,Armor
470183,Temporal_Boots_LT_TW,Exotic Temporal Boots-LT,Armor
470184,Shoes10_ROC,Shoes10,Armor
470185,Shoes20_ROC,Shoes40,Armor
470186,Shoes30_ROC,Shoes70,Armor
470187,Beast_Area_Shoes,Beast Territory Boots,Armor
470188,P_90Lv_Greave,Booster Adventurer's Premium Greaves,Armor
470189,P_90Lv_Boots,Booster Adventurer's Premium Boots,Armor
470190,P_90Lv_Shoes,Booster Adventurer's Premium Shoes,Armor
470191,P_90Lv_Sandal,Booster Adventurer's Premium Magic Shoes,Armor
470192,Fifth_Element,Fifth Element,Armor
470193,Military_Boots_TH,Military Boots TH,Armor
470194,Comp_Military_Boots_TH,[Not for Sale] Military Boots TH,Armor
470196,Glacier_Boots,Glacier Boots,Armor
470197,D_Glacier_Boots,Dim Glacier Boots,Armor
470198,D_Glacier_Shoes,Dim Glacier Shoes,Armor
470199,Wine_Shoes_LT,Crimson Magic Boots-LT,Armor
470204,Corruption_Boots_K,Moan of Corruption,Armor
470205,Astraea_Shoes_LT,Asteria's Boots-LT,Armor
470206,Prana_Boots,Prana Boots,Armor
470207,FateSin_Boots_CD,Boots of Good and Evil (Cardinal),Armor
470208,FateSin_Boots_IQ,Boots of Good and Evil (Inquisitor),Armor
470209,FateSin_Boots_SOA,Boots of Good and Evil (Soul Ascetic),Armor
470210,FateSin_Boots_BO,Boots of Good and Evil (Biolo),Armor
470211,FateSin_Boots_DK,Boots of Good and Evil (Dragon Knight),Armor
470212,FateSin_Boots_SH,Boots of Good and Evil (Spirit Handler),Armor
470213,FateSin_Boots_EM,Boots of Good and Evil (Elemental Master),Armor
470214,FateSin_Boots_WH,Boots of Good and Evil (Windhawk),Armor
470215,FateSin_Boots_SKE,Boots of Good and Evil (Sky Emperor),Armor
470216,Z_Boost_Greave,Boosted Adventurer's Boots,Armor
470217,Z_Boost_Set1_Boots,Boosting Forged Boots Type A,Armor
470218,Z_Boost_Set2_Boots,Boosting Forged Boots Type B,Armor
470219,Z_Boost_Set3_Boots,Boosting Forged Boots Type C,Armor
470220,Z_Boost_Set4_Boots,Boosting Forged Boots Type D,Armor
470221,FateSin_Boots_MT,Boots of Good and Evil (Meister),Armor
470222,FateSin_Boots_SHC,Boots of Good and Evil (Shadow Cross),Armor
470223,FateSin_Boots_SS,Boots of Good and Evil (Shinkiro & Shiranui),Armor
470224,FateSin_Boots_ABC,Boots of Good and Evil (Abyss Chaser),Armor
470225,FateSin_Boots_TR,Boots of Good and Evil (Troubadour & Trouvere),Armor
470226,FateSin_Boots_HN,Boots of Good and Evil (Hyper Novice),Armor
470227,aegis_470227,Golden Attack Upgrade Boots,Armor
470228,aegis_470228,Golden Magic Upgrade Shoes,Armor
470229,aegis_470229,Shoes,Armor
470230,aegis_470230,Boots,Armor
470231,Z_Sandals,Sandals,Armor
470232,aegis_470232,Shoes,Armor
470233,aegis_470233,Boots,Armor
470234,aegis_470234,Greaves,Armor
470235,aegis_470235,Novice Shoes,Armor
470236,FateSin_Boots_IG,Boots of Good and Evil (Imperial Guard),Armor
470237,FateSin_Boots_AG,Boots of Good and Evil (Arch Mage),Armor
470238,FateSin_Boots_NW,Boots of Good and Evil (Night Watch),Armor
470239,Gray_W_Boots_JP,[Not For Sale] Gray Wolf Boots,Armor
470240,Gray_W_Shoes_JP,[Not For Sale] Gray Wolf Shoes,Armor
470241,Snowflower_Boots_JP,[Not For Sale] Snowflake Boots,Armor
470242,Snowflower_Shoes_JP,[Not For Sale] Snowflake Shoes,Armor
470243,Two_Side_Diamond_Boots,Two Side Diamond Boots,Armor
470245,Comp_Destroy_W_Boots,[Not For Sale] Destroyer Boots,Armor
470247,Mid_Knight_Shoes,Knight's Boots of Midgard,Armor
470248,Dragon_Slayer_Shoes,Dragon Slayer Shoes,Armor
470249,Comp_Drago_Slayer_Shoes,[Not For Sale] Dragon Slayer Shoes,Armor
470250,Z_Boost_Set1_Boots_01,Boosting Boots Type A,Armor
470251,Z_Boost_Set2_Boots_01,Boosting Boots Type B,Armor
470252,Z_Boost_Set3_Boots_01,Boosting Boots Type C,Armor
470253,Z_Boost_Set4_Boots_01,Boosting Boots Type D,Armor
470254,KenZen_Ichinyo,Will of Sword and Zen,Armor
470255,Zodiac_Boots_SM,Zodiac Boots (Swordsman),Armor
470256,Comp_Zodiac_Boots_SM,[Not For Sale] Zodiac Boots (Swordsman),Armor
470258,Zodiac_Boots_MG,Zodiac Boots (Mage),Armor
470259,Comp_Zodiac_Boots_MG,[Not For Sale] Zodiac Boots (Mage),Armor
470260,Gaebolg_Boots,Gaebolg Boots,Armor
470261,Gaebolg_Shoes,Gaebolg Shoes,Armor
470263,Zodiac_Boots_AC,Zodiac Boots (Archer),Armor
470264,Comp_Zodiac_Boots_AC,[Not For Sale] Zodiac Boots (Archer),Armor
470265,FuriousBoots,Furious Boots,Armor
470266,Mythical_Moonlight_US,Mythical Moonlight Paw,Armor
470267,Zodiac_Boots_MC,Zodiac Boots (Merchant),Armor
470268,Comp_Zodiac_Boots_MC,[Not For Sale] Zodiac Boots (Merchant),Armor
470269,EC_Boots__LT_TW,Jade Crystal Boots-LT,Armor
470270,Zodiac_Boots_AL,Zodiac Boots (Acolyte),Armor
470271,Comp_Zodiac_Boots_AL,[Not For Sale] Zodiac Boots (Acolyte),Armor
470272,Zodiac_Boots_TF,Zodiac Boots (Thief),Armor
470273,Comp_Zodiac_Boots_TF,[Not For Sale] Zodiac Boots (Thief),Armor
470274,Twinhead_dragon_Boots,Twinhead Dragon Boots,Armor
470277,aegis_470277,Ultra Shoes,Armor
470278,Daybreak_Stargazer,Daybreak Stargazer,Armor
470279,aegis_470279,Enforcer Shoes,Armor
470280,aegis_470280,Enforcer Shoes,Armor
470281,aegis_470281,[Not For Sale] Enforcer Shoes,Armor
470282,aegis_470282,[Not For Sale] Elemental Boots,Armor
470283,Scrap_Remodel_Shoes_LT,Mechanical Aluminum Modified Boots-LT,Armor
470284,aegis_470284,Nameless Swordsman Boots,Armor
470287,SST_Prime_TH,Starry Sky Twin Prime,Armor
470288,Comp_SST_Prime_TH,[Not For Sale] Starry Sky Twin Prime,Armor
470289,Mecha_Greaves_US,Ancient Mechanic Greaves,Armor
470290,aegis_470290,Mjolnir Mine Shoes,Armor
470291,Astrolo_Dawn_Boots,Astrologer's Dawn Boots,Armor
470292,Hermit_Shoes_US,Evil Hermit Shoes,Armor
470293,Virtue_Shoes_BR,Phantom Boots,Armor
470294,aegis_470294,Phantom Boots,Armor
470295,Lethargy_Shoes_BR,Phantom Combat Boots,Armor
470296,aegis_470296,Phantom Combat Boots,Armor
470297,Disillusion_Shoes_BR,Phantom Sneakers,Armor
470298,aegis_470298,Phantom Sneakers,Armor
470299,Discord_Shoes_BR,Phantom Heels,Armor
470300,aegis_470300,Phantom Heels,Armor
470303,Yorscalp_Boots,Yorscalp Boots,Armor
470304,Yorscalp_Shoes,Yorscalp Shoes,Armor
470306,Hollow_Aggressor,Hollow Aggressor,Armor
470312,Kshatra_Vairya,Kshatra Vairya,Armor
470313,Royal_H_Boots_A,Royal Hunting Boots A-type,Armor
470314,Royal_H_Boots_B,Royal Hunting Boots B-type,Armor
470317,aegis_470317,Ghost Galoshes,Armor
470318,aegis_470318,Ghost Galoshes,Armor
470325,Thanos_Boots1,Thanos Boots (Warrior),Armor
470326,Thanos_Boots2,Thanos Boots (Shooter),Armor
470327,Thanos_Boots3,Thanos Boots (Magic),Armor
470328,Thanos_Boots4,Thanos Boots (Fighter),Armor
470329,Ranger_Shoes_US,Ancient Ranger Shoes,Armor
470330,Santa_Boots,Santa Claus Boots,Armor
470333,Entwined_Boots,Entwined Magical Boots,Armor
470334,Entwined_Shoes,Entwined Magical Shoes,Armor
470335,Dimension_B_Greave,Dimension World Battle Greaves,Armor
470336,Dimension_H_Boots,Dimension World Hunting Boots,Armor
470337,Dimension_S_Shoes,Dimension World Spell Shoes,Armor
470338,Dimension_M_Shoes,Dimension World Magic Shoes,Armor
470339,Dimension_E_Boots,Dimension World Executioner Boots,Armor
480000,Atker_Manteau,Attacker Booster Manteau,Armor
480001,Ele_Muffler,Elemental Booster Muffler,Armor
480002,Defn_Muffler,Defender Booster Muffler,Armor
480003,Ran_Manteau,Ranger Booster Manteau,Armor
480006,Capricon_Manteau_J,Capricon Manteau,Armor
480007,Siege_Muffler_2Tier,Intermediate Guild Member's Muffler,Armor
480008,Siege_Manteau_2Tier,Intermediate Guild Member's Manteau,Armor
480009,Virgo_Manteau_J,Virgo Manteau,Armor
480011,Skin_Of_AzidaHaka,Azi Dahaka's Skin,Armor
480012,Noblesse_Attack_Manteau,Noblesse Attack Manteau,Armor
480014,Noblesse_Magic_Manteau,Noblesse Magic Manteau,Armor
480015,Kukulkan_Feather_TW,Kukulkan Feather,Armor
480016,Imperial_Attack_Manteau,Imperial Attack Manteau,Armor
480017,Imperial_Magic_Manteau,Imperial Magic Manteau,Armor
480018,Grace_Attack_Manteau,Grace Attack Manteau,Armor
480019,Grace_Magic_Manteau,Grace Magic Manteau,Armor
480020,Auto_Engine_A,Automatic Engine Wing Type A,Armor
480021,Auto_Engine_B,Automatic Engine Wing Type B,Armor
480022,Aries_Manteau_J,Aries Manteau,Armor
480023,Arabian_Manteau,Arabian Manteau,Armor
480024,Subject_Cape_TW,Great Fallen Manteau,Armor
480025,Owl_Baron_Mantle,Owl Baron Mantle,Armor
480026,Gemini_Manteau_J,Gemini Manteau,Armor
480041,Pisces_Manteau_J,Pisces Manteau,Armor
480045,Guardian_Soul,Guardian Soul,Armor
480050,Sagittarius_Manteau_J,Sagittarius Manteau,Armor
480051,Kingly_Manteau,Monarch Manteau,Armor
480052,C_Sakura_Fes_TW,Costume Sakura Ribbon,Armor
480053,Behemoth_Muffler,Behemoth Muffler,Armor
480054,Morrigane_Manyeau_IL,Illusion Morrigane's Manteau,Armor
480055,C_Wing_Of_Angel_Move_RD,Costume Celestial Red Angel Wings,Armor
480056,C_Wing_Of_Angel_Move_BK,Costume Heavenly Fallen Angel Wings,Armor
480058,C_Wing_Of_Angel_Move_GD,Costume Wavy Golden Angel Wings,Armor
480060,C_Wing_Of_Angel_Move_GR,Costume Wavy Green Angel Wings,Armor
480062,E_Illusion_Engine_A,Illusion Engine Wing Type A (Bound),Armor
480063,E_Illusion_Engine_B,Illusion Engine Wing Type A (Bound),Armor
480064,Storm_Muffler,Storm Muffler,Armor
480065,MD_Geffen_Hood,Magic Barrier Manteau,Armor
480066,MD_Geffen_Hood2,Magic Barrier Muffler,Armor
480067,MD_Geffen_Hood3,Ravage Magic Manteau,Armor
480068,MD_Geffen_Hood4,Ravage Magic Muffler,Armor
480069,C_Wing_Of_Angel_Move,Costume Heavenly Angel Wings,Armor
480071,Calabash,Costume Calabash,Armor
480075,Baby_Boar_Bib,Baby Boar Bib,Armor
480076,Temporal_Cape_TW,Exotic Temporal Manteau,Armor
480077,Magma_Manteau,Magma Manteau,Armor
480081,Glotoneria,Glotoneria,Armor
480082,C_Sandalphon_Wing_TW,Costume Sandalphon Wings,Armor
480083,Egirnion_Manteau,Aegirnion Manteau,Armor
480084,Fafnir_Manteau,Fafnir Breath,Armor
480085,Devil_Manteau_JP,Devils Garment,Armor
480086,C_CAPOO_Bag_TW,Costume CAPOO Bag,Armor
480088,Ultio_Cape_TW,Ultio Holy Magic Cloak,Armor
480090,Gray_W_Muffler,Gray Wolf Muffler,Armor
480091,Gray_W_Manteau,Gray Wolf Manteau,Armor
480092,C_Sudden_Wealth_J,Costume Sudden Wealth,Armor
480093,C_Scepter,Costume Scepter,Armor
480094,ErymanthianSkin,Erymanthian Skin,Armor
480095,C_Giant_White_Rabbit,Costume Giant White Rabbit,Armor
480096,C_Put_On_Coat,Costume Haori Coat,Armor
480097,C_Snow_Powder,Costume Snow Powder,Armor
480103,1Para_Manteau_A,Paradise Manteau,Armor
480104,1Para_Manteau_B,Paradise Muffler,Armor
480105,2Para_Manteau_A,Advanced Paradise Manteau,Armor
480106,2Para_Manteau_B,Advanced Paradise Muffler,Armor
480107,C_Kings_Twin_Sword,Costume Kings Twin Sword,Armor
480108,C_Poring_Basket,Costume Poring Basket,Armor
480109,WhiteKnight_Mantle,White Knight's Cloak,Armor
480110,C_Adventure_Cat_Bag,Costume Adventure Bag,Armor
480111,C_Flower_Wing,Costume Flower Wing,Armor
480114,Striking_Mikoshi,Striking Mikoshi,Armor
480115,Light_Of_World_TW,Light of the World Asprika,Armor
480116,Cursed_Devils_Manteau_A,Awakening Magic Curse Cloak,Armor
480117,C_Elec_Guitar_Of_Phen,Costume: Electric Guitar Of Phen,Armor
480118,C_G_DaeHyon_Sword_TW,Costume General Daehyon Falchion,Armor
480119,C_Niflheim_Key,Costume Niflheim Key,Armor
480120,Guardian_Soul_TH,Guardian Soul,Armor
480121,C_Striking_Mikoshi,Costume Striking Mikoshi,Armor
480122,C_Samba_Carnival,Costume Samba Carnival,Armor
480123,C_Nydhog_Rumor,Costume Nydhog's Rumor,Armor
480124,Cvt_Physical_Wing,Convertible Physical Wing,Armor
480125,Cvt_Magical_Wing,Convertible Magical Wing,Armor
480126,C_Giant_Shark,Costume Giant Shark,Armor
480127,C_Hooked_Straw_Hat,Costume Hooked Straw Hat,Armor
480129,C_Triple_Ice_Cream,Costume Triple Ice Cream,Armor
480130,C_Beer_Server,Costume Beer Server,Armor
480131,C_Swirling_Flame,Costume Swirling Flame,Armor
480134,Avareco,Avareco,Armor
480135,Rachel_manteau,Awakened Glacier Manteau,Armor
480136,Thanatos_Sword,Magic Swordsman Thanatos's Sword,Armor
480137,C_Filir_Bag,Costume Filir Bag,Armor
480138,ST_Servival_Cloak,Engraved Survival Manteau,Armor
480144,Barmund_Manteau,Varmundt Rune Pauldron,Armor
480145,Barmund_Plain_Hood,Varmundt Glade Rune Manteau,Armor
480146,Barmund_Flame_Hood,Varmundt Fire Rune Manteau,Armor
480147,Barmund_Death_Hood,Varmundt Death Rune Manteau,Armor
480148,Barmund_Ice_Hood,Varmundt Ice Rune Manteau,Armor
480149,Battle_Aura_Manteau_TW,Battle Aura Manteau,Armor
480152,C_Spoon_Fork_Set,Costume Fork Spoon Set,Armor
480153,S_G_Manteau_TW,Sunshine Gravel Cloak,Armor
480154,Devil_Flame_Manteau_TW,Devil's Fire Cloak,Armor
480155,C_Vietnam_flag_hood,Costume National Flag,Armor
480156,Aegis_System,Aegis System,Armor
480158,C_Lunatic_Bag,Costume Lunatic Bag,Armor
480159,Snowflower_Manteau,Snow Flower Manteau,Armor
480160,Snowflower_Muffler,Snowflower Muffler,Armor
480161,Subject_CapeRange_TH,Subject Cape (Range),Armor
480163,Guardian_Manteau,Guardian Manteau,Armor
480166,Subject_CapeMagic_TH,Subject Cape (Magic),Armor
480167,C_Heart_Stick_Choco,Costume Heart Stick Chocolate,Armor
480168,C_Melody_Wing,Costume Melody Wings,Armor
480169,C_Diabolic_Rock_Guitar,Costume Diabolic Rock Guitar,Armor
480172,Subject_CapeMelee_TH,Subject Cape (Melee),Armor
480174,Pirate_Captain_Coat,Pirate Captain's Coat,Armor
480175,Changeable_Magic_Cape,Unpredictable Magic Cloak,Armor
480176,C_Blue_Rose_Garden,Costume Blue Rose Garden,Armor
480177,C_Clutch_Bouquet,Costume Clutch Bouquet,Armor
480181,C_Pitaya_G_Bag,Costume Dragon Backpack,Armor
480182,Bastawtozaq_Heart_,Bastawtozaq Heart,Armor
480183,Comp_Bastawtozaq_Heart_,[Not For Sale] Bastawtozaq Heart,Armor
480184,Warm_Dandelion_Cape_J,Warm Dandelion Cape,Armor
480185,E_Auto_Engine_A,Automatic Engine wing A-type (Bound),Armor
480186,E_Auto_Engine_B,Automatic Engine wing B-type (Bound),Armor
480187,C_Wedding_Ribbon,Costume Wedding Ribbon,Armor
480188,Valkyrie_Curse_blight,Valkyrie Curse Bright,Armor
480189,C_Valkyrie_Curse_blight,Costume Valkyrie Curse Blight,Armor
480192,2022RTC_V_Coat4,2022RTC Memorial Victory Coat,Armor
480193,Enforcer_Cape_ROC,Enforcer Cape,Armor
480194,AmistrBag_Heal_ROC,Heal Amistr Bag,Armor
480195,Comp_Enforcer_Cape_ROC,[Not For Sale] Enforcer Cape,Armor
480196,Comp_AmistrBag_Heal_ROC,[Not For Sale] Heal Amistr Bag,Armor
480197,Cvt_Critical_Wing,Convertible Critical Wing,Armor
480198,C_20th_Anniversary_Wing,Costume 20th Anniversary Wings,Armor
480199,C_Guardian_Wingdeco,Costume Wings of Astaroth,Armor
480200,C_Guardian_Wing,Costume Guardian Angel Wing Ears,Armor
480201,C_Guardian_Angelwing,Costume Guardian Angel Wings,Armor
480202,C_Guardian_Butterwing,Costume 20th Anniversary Fairy Wing,Armor
480203,C_Magic_Circle_BL,Costume Blue Magic Circle,Armor
480204,C_Back_Ribbon_Bell_BU,Costume Back Ribbon Bell (Blue),Armor
480205,C_Astra_Blessing,Costume Astra Blessing,Armor
480206,Comp_Anti_Manteau_TH,[Not For Sale] Anti Magic Manteau,Armor
480207,C_Traveller_Bag,Costume Traveler Bag,Armor
480215,Hs_Manteau,Herosria Manteau,Armor
480216,Hs_Muffler,Herosria Muffler,Armor
480217,Hs_Cloak,Herosria Cloak,Armor
480218,Hs_Hood,Herosria Hood,Armor
480219,Hs_Pauldron,Herosria Pauldron,Armor
480220,Whale_Shark_Float,Whale Shark Float,Armor
480221,C_Ninetail_Tail,Costume Nine Tailed Fox Tail,Armor
480222,C_J_Umbrella,Costume Japanese Umbrella,Armor
480223,C_Muranyasa,Costume Oriental Sword,Armor
480224,ROZ_FV_Cassock_Manteau,Shining Priest's Cloak,Armor
480225,ROZ_FV_Rachel_manteau,Frosty Cloak,Armor
480226,Wing_Of_Happiness_ROC,Wing Of Happiness,Armor
480227,Comp_Wing_Happiness_ROC,[Not For Sale] Wing Of Happiness,Armor
480228,Day_of_the_Dead,Dia de Muertos,Armor
480229,Comp_MenblattWing,[Not For Sale] Menblatt Wing Manteau,Armor
480230,Flame_Rune_Hood,Rune Manteau of Flame,Armor
480231,Plain_Rune_Hood,Rune Manteau of Plain,Armor
480232,Ice_Rune_Hood,Rune Manteau of Ice,Armor
480233,Death_Rune_Hood,Rune Manteau of Death,Armor
480235,C_Diabolic_Friend,Costume Diabolic Friend,Armor
480236,C_Big_Magic_Book,Costume Big Magic Book,Armor
480237,C_Katana_TenguMaster,Costume Tengu Sword,Armor
480238,Comp_Geffen_M_Muffle,[Not For Sale] Geffen Magic Muffler,Armor
480239,C_Cupid_Wing_Pink_ROC,Costume Pink Cupid Wing,Armor
480240,Mortal_Cape_ROC,Mortal Cape,Armor
480241,Comp_Mortal_Cape_ROC,[Not For Sale] Mortal Cape,Armor
480242,Tele_WG_Cape,Wind God Cloak,Armor
480243,C_JP_EV16,Costume Cinnamon Backpack,Armor
480244,C_JP_EV17,Costume Crowned Cinnamon Backpack,Armor
480245,JP_EV17,Crowned Cinnamon Backpack,Armor
480246,C_Valkyrie_Spear,Costume Valkyrie Spear,Armor
480247,C_Giant_Angeling,Costume Giant Angeling,Armor
480248,Comp_Bag_Antonio_Melee,[Not For Sale] Candy Bag Backpack (Physical),Armor
480249,1LvHood,1Lv Hood,Armor
480250,2LvHood,Level 2 Hood,Armor
480251,Mystical_Wing,Mystery Wing,Armor
480252,C_Mystical_Wing,Costume Mystery Wing,Armor
480256,DID_Cape_TH,DID Cape,Armor
480258,C_Rainbow_Shell,Costume Rainbow Carapace,Armor
480262,Comp_Golden_Wings_ROC,[Not For Sale] Golden Wings,Armor
480264,C_Harmony_Wing_ROC,Costume Wing of Harmony,Armor
480265,P_90Lv_Manteau,Booster Adventurer's Premium Cloak,Armor
480266,P_90Lv_Cloak,Booster Adventurer's Premium Scout Cloak,Armor
480267,P_90Lv_Muffler,Booster Adventurer's Premium Muffler,Armor
480268,P_90Lv_Cape,Booster Adventurer's Premium Cape,Armor
480269,N_Avenger_Cape_TW,Revenge Cloak of Naght Sieger,Armor
480270,N_Spirit_Cape_TW,Cloak of Naght Sieger,Armor
480271,C_Angelic_Long_BD,Costume Angelic Long (Blonde),Armor
480272,C_Angelic_Long_RBD,Costume Angelic Long (Royal Blonde),Armor
480273,C_Angelic_Long_SV,Costume Angelic Long (Silver),Armor
480274,C_Angelic_Long_RSV,Costume Angelic Long (Royal Silver),Armor
480275,Comp_Phreeoni_Wing,[Not For Sale] Phreeoni Wing,Armor
480276,Occult_Nature_Cape,Graceful Force of Nature Cloak,Armor
480277,Comp_Chrismas_Tree,[Not For Sale] Christmas Guardian Tree,Armor
480278,Huse_Luk_R_Wing,Garuda Wings,Armor
480279,C_Poring_Syringe,Costume Poring Syringe,Armor
480280,C_Big_Ribbon_Cloak_WH,Costume Big Milky Ribbon Cloak,Armor
480283,D_Glacier_Manteau,Dim Glacier Manteau,Armor
480284,D_Glacier_Muffler,Dim Glacier Muffler,Armor
480286,C_Serpent_Shadow,Costume Serpentine Vision,Armor
480287,C_Skia_Doll,Costume Skia Doll,Armor
480288,C_Dark_Lord_Cloak,Costume Dark Lord Cloak,Armor
480289,C_Moonlight_Bell,Costume Moonlight Flower Bell,Armor
480290,C_Lord_Of_Death_Shield,Costume Lord of Death Shield,Armor
480291,Hero_Favor,Heroic Favor Cloak,Armor
480292,Hero_Courage,Heroic Valor Cloak,Armor
480295,C_Sakura_Branch,Costume Sakura Branch,Armor
480296,C_Sakura_Fubuki,Costume Sakura Falling,Armor
480297,C_Lop_Bunny_Cloak,Costume Love Bunny Cloak,Armor
480298,C_MCircle_Wonderland,Costume Magic Wonderland,Armor
480305,C_Pope_Doll,Costume Pope Doll,Armor
480306,Dual_SW_Cape,Dual Shadow World Cloak,Armor
480307,Fallen_Angel_Wing_ROC,Fallen Angel Wing,Armor
480308,Comp_FAngel_Wing_ROC,[Not For Sale] Fallen Angel Wing,Armor
480310,C_Giant_Mad_Bunny,Costume Giant Mad Bunny,Armor
480311,C_Key_To_Happiness,Costume Key To Happiness,Armor
480312,Temporal_Cape_TW_LT,Exotic Temporal Manteau-LT,Armor
480313,Hunting_Scarf_TH,Hunting Scarf,Armor
480314,Comp_Hunting_Scarf_TH,[Not For Sale] Hunting Scarf,Armor
480315,C_Milky,Costume Skia's Sword Milky,Armor
480316,C_Labrys,Costume Labrys Axe,Armor
480317,Magic_Compression,Magic Compression,Armor
480318,C_Divine_Phoenix,Costume Divine Phoenix,Armor
480319,Divine_Phoenix,Divine Phoenix,Armor
480320,C_Aqua_Fin_Decoration,Costume Aqua Fin Decoration,Armor
480321,C_Surf_Board,Costume Surfboard,Armor
480322,aegis_480322,Opened Illusion Muffler,Armor
480323,aegis_480323,Opened Illusion Ancient Cape,Armor
480324,Thanatos_Sword_FA,Magic Swordsman Thanatos's Sword-FA,Armor
480325,2023RTC_S_Robe1,2023 ROS Champion Spark Cloak,Armor
480326,2023RTC_S_Robe2,2023 ROS Runner Up Spark Cloak,Armor
480327,2023RTC_S_Robe3,2023 ROS Third Place Spark Cloak,Armor
480328,2023RTC_S_Robe4,2023 ROS Decisive Battle Spark Cloak,Armor
480329,C_2023RTC_S_Robe4,Costume ROS 2023 Flames Coat,Armor
480330,C_Vietnam_flag_hood_JP,Costume Hero Cloak,Armor
480331,MD_Geffen_Cloth_JP,Magic Barrier Cloth,Armor
480332,Ice_Dream_Tree_BR,Dream Guardian,Armor
480333,Medical_Cape_ROC,Medical Cape,Armor
480334,Comp_Medical_Cape_ROC,[Not For Sale] Medical Cape,Armor
480335,C_Surf_Board_Poring,Costume Poring Surfboard,Armor
480336,C_Forest_S_Vacation,Costume Forest Summer Vacation,Armor
480337,C_Rifle,Costume Rifle,Armor
480338,Astraea_Cape_LT,Asteria's Cloak-LT,Armor
480339,aegis_480339,Opened Illusion Survivor's Manteau,Armor
480340,Comp_Supplement_Wing,[Not For Sale] Improved Powered Wing,Armor
480342,Kings_Twin_Sword_BR,Monarch's Swords,Armor
480343,aegis_480343,Battle Surcoat,Armor
480344,C_HDP_Scythe,Costume Half Blood Princess Scythe,Armor
480345,Season_Hood_Spring,Manteau of Mystical Beast: Spring,Armor
480346,Season_Hood_Summer,Manteau of Mystical Beast: Summer,Armor
480347,Season_Hood_Autumn,Manteau of Mystical Beast: Autumn,Armor
480348,Season_Hood_Winter,Manteau of Mystical Beast: Winter,Armor
480349,Circul_Of_Life_Spring,Circulation of Life: Spring,Armor
480350,Circul_Of_Life_Summer,Circulation of Life: Summer,Armor
480351,Circul_Of_Life_Autumn,Circulation of Life: Autumn,Armor
480352,Circul_Of_Life_Winter,Circulation of Life: Winter,Armor
480353,Z_Boost_Manteau,Boosted Adventurer's Pauldrons,Armor
480354,Z_Boost_Set1_Hood,Boosting Forged Cloak Type A,Armor
480355,Z_Boost_Set2_Hood,Boosting Forged Cloak Type B,Armor
480356,Z_Boost_Set3_Hood,Boosting Forged Cloak Type C,Armor
480357,Z_Boost_Set4_Hood,Boosting Forged Cloak Type D,Armor
480358,Dark_Shadow_Scarf_TH,Dark Shadow Scarf,Armor
480359,Comp_Shadow_Scarf_TH,[Not For Sale] Dark Shadow Scarf,Armor
480360,C_Big_Shuriken,Costume Giant Shuriken,Armor
480361,C_Evil_Double_Edged,Costume Twin Blades of Evil Soul,Armor
480362,C_Ninetail_Tail_WH,Costume White Nine-Tailed Fox's Tail,Armor
480363,C_Big_Hosangto,Costume Oversized Miss Rabbit,Armor
480364,C_BlackCatBag,Costume Black Cat Bag,Armor
480365,Fallen_Protect_Manteau,Fallen Protect Manteau,Armor
480367,Spendid_Cape_BR,Splendid Cover,Armor
480368,C_Big_Lollipop,Costume Big Lollipop,Armor
480372,Giant_Mad_Bunny_TW,Mad Bunny Backpack,Armor
480376,C_Rata_Tail,Costume Rata Tail,Armor
480377,C_Cat_Doll_WH,Costume White Cat Doll,Armor
480388,Gray_W_Muffler_JP,[Not For Sale] Gray Wolf Muffler,Armor
480389,Gray_W_Manteau_JP,[Not For Sale] Gray Wolf Cloak,Armor
480390,Snowflower_Manteau_JP,[Not For Sale] Snowflake Cloak,Armor
480391,Snowflower_Muffler_JP,[Not For Sale] Snowflake Muffler,Armor
480393,C_Loli_Ruri_Moon_B,Costume Blue Moon Loli Ruri,Armor
480401,Z_Boost_Set1_Hood_01,Boosting Cloak Type A,Armor
480402,Z_Boost_Set2_Hood_01,Boosting Cloak Type B,Armor
480403,Z_Boost_Set3_Hood_01,Boosting Cloak Type C,Armor
480404,Z_Boost_Set4_Hood_01,Boosting Cloak Type D,Armor
480405,C_SantaTeddyBear,Costume Santa Teddy Bear Doll Bag,Armor
480406,C_Comp_Valkyrie_Wing,[NFS] Costume Valkyrie Wings,Armor
480407,C_Leticia_Wing,Costume Leticia's Wings,Armor
480408,C_GreatDevilWing2,Costume Dragon Wing,Armor
480409,Comp_Arabian_Manteau,[Not For Sale] Arabian Manteau,Armor
480411,C_Rabbit_Tail,Costume White Rabbit Tail,Armor
480412,aegis_480412,Fire Dragon Coat,Armor
480413,aegis_480413,[Not for Sale] Fire Dragon Coat,Armor
480414,aegis_480414,Hood,Armor
480415,Gaebolg_Manteau,Gaebolg Manteau,Armor
480416,Gaebolg_Muffler,Gaebolg Muffler,Armor
480419,C_Cyber_Sword,Costume Cyber Sword,Armor
480420,C_Cyber_Rifle,Costume Cyber Rifle,Armor
480421,C_Defense_Shield,Costume Defense Shield,Armor
480422,C_Power_Cable,Costume Power Cable,Armor
480423,C_Unicorn_Fan_trav,Costume Unicorn Fantasy Travel,Armor
480425,Bio_CapeMelee_TH,Biolab Cape (Melee),Armor
480426,Bio_CapeMagic_TH,Biolab Cape (Magic),Armor
480427,Bio_CapeRange_TH,Biolab Cape (Range),Armor
480429,C_Cat_Donut_TW,Costume Cat Donut,Armor
480430,C_Sakura_Rod,Costume Blooming Staff,Armor
480431,C_Sweet_Flower_Garden,Costume Sweet Flower Garden,Armor
480432,C_Glass_Rose_Garden,Costume Glass Rose Garden,Armor
480433,C_Twin_Edge,Costume Twin Edge,Armor
480434,aegis_480434,Giant God Snake Skin,Armor
480435,aegis_480435,Giant God Snake Skin,Armor
480436,C_Baphomet_Scythe,Costume Baphomet's Scythe,Armor
480437,C_Hemel_Sword,Costume Himelmez's Sword,Armor
480438,C_Big_Treasure_Chest,Costume Big Treasure Chest,Armor
480439,Blackmithril_Manteau_TH,Black Mithril Manteau,Armor
480440,Comp_BM_Manteau_TH,[Not For Sale] Black Mithril Manteau,Armor
480441,aegis_480441,Ultra Cloak,Armor
480442,Guardian_Of_Abyss,Guardian of Abyss,Armor
480443,aegis_480443,Costume Guardian of Abyss,Armor
480444,aegis_480444,Costume Interdimensional Rift (Garment),Armor
480445,C_CLB_SS_LT,Costume Shiba Says Tai-Zi,Armor
480446,Moonlight_Bell_TH,Moonlight Bell,Armor
480450,C_Honey_Dipper,Costume Honey Dipper,Armor
480451,Auto_E_WingC_TH,Automatic Engine Wing C-Type,Armor
480453,Tristan_Cape_LT,Tristan Imperial Cape-LT,Armor
480454,Battle_Aura_Manteau_LT,Battle Aura Manteau-LT,Armor
480456,C_Plant_Outing_Set,Costume Houseplant Outing Set,Armor
480457,C_Galapago_Aquarium,Costume Galapago Aquarium,Armor
480458,C_FH_Lostwing,Costume Fallen Heaven Lost Wing,Armor
480459,C_Archmage_Wand,Costume Archmage Wand,Armor
480460,C_Rose_Gothic_Ribbon,Costume Rose Gothic Ribbon,Armor
480461,C_Ragdoll_Face_Bag,Costume Ragdoll Face Bag,Armor
480462,C_Hanwha_Pool_Ring,Costume Hanwha X RO Poring Tube,Armor
480469,C_Con_of_Singapura_MSP,Costume Con of Singapura,Armor
480470,C_Summer_Beach,Costume Summer Beach,Armor
480471,Olympus_Wing_LT,Wings of Olympus-LT,Armor
480472,C_Ribbon_R_Bag,Costume Big Ribbon Rabbit,Armor
480473,C_FB_EvilSprit,Costume Fallen Bishop Evil Spirit,Armor
480476,C_Poring_Cream_Soda,Costume Poring Cream Soda,Armor
480477,C_Poring_Swim_Ring,Costume Poring Float,Armor
480478,aegis_480478,Costume Hanwha X RO Poporing Tube,Armor
480479,Royal_Prontera_US,Royal Prontera Cape,Armor
480484,C_Blue_Magpie,Costume Blue Magpie Wings,Armor
480485,C_Call_Octo,Costume Call of the Deep Sea Octopus,Armor
480486,C_Shiba_Tail,Costume Shiba Inu Tail,Armor
480487,C_Paw_Bag,Costume Paw Backpack,Armor
480488,C_Juncea_Wing,Costume Wings Of Simulation Juncea,Armor
480492,C_Alice_Broom,Costume Alice's Broom,Armor
480493,C_Bloody_Murderer_Knife,Costume Bloody Murder's Knife,Armor
480494,C_Halloween_Candypouch,Costume Halloween Candy Pouch,Armor
480495,Yorscalp_Manteau,Yorscalp Manteau,Armor
480496,Yorscalp_Muffler,Yorscalp Muffler,Armor
480498,WK_Mantle_Melee_TH,White Knight Mantle (Melee),Armor
480499,WK_Mantle_Range_TH,White Knight Mantle (Range),Armor
480500,WK_Mantle_Magic_TH,White Knight Mantle (Magic),Armor
480501,C_Popcorn_Bucket,Costume Anniversary Popcorn Bucket,Armor
480502,Stellar_Gratia,Stellar Gratia,Armor
480503,C_Stellar_Gratia,Costume Stellar Gratia,Armor
480504,Royal_Payon_US,Royal Payon Cape,Armor
480505,C_ROS2024_Wing_1,2024 ROS Winner Wing,Armor
480506,C_ROS2024_Wing_2,2024 ROS 2nd Place Wing,Armor
480507,C_ROS2024_Wing_3,2024 ROS 3rd Place Wing,Armor
480508,C_ROS2024_Wing_4,2024 ROS Commemorative Wing,Armor
480509,aegis_480509,Owl Baron Cloak,Armor
480510,Royal_H_Manteau_A,Royal Hunting Manteau A-type,Armor
480511,Royal_H_Manteau_B,Royal Hunting Manteau B-type,Armor
480514,aegis_480514,[Not For Sale] Manteau of Flame Heart,Armor
480515,aegis_480515,Costume Autumn Full Moon,Armor
480516,Blessing_Of_Yggdrasil,Blessing of Yggdrasil,Armor
480517,C_CLB_KP_DMS,Costume Dragon Warrior Cloak & Staff,Armor
480518,aegis_480518,White Knight Armor,Armor
480519,aegis_480519,[Not For Sale] White Knight Armor,Armor
480520,Royal_Geffen_US,Royal Geffen Cape,Armor
480521,C_White_Fox_Tail,Costume White Fox Tail,Armor
480522,Dual_SW_Cape_LT,Twin Shadow Mirror Cloak-LT,Armor
480523,C_Libra_Wing,Costume Libra Wings,Armor
480524,C_Giant_Teddy_Bear,Costume Giant Teddy Bear,Armor
480525,C_Pitaya_GG_Parfait,Costume Pitaya Garden Parfait,Armor
480526,Occult_Nature_Cape_LT,Graceful Force of Nature Cloak-LT,Armor
480539,Royal_Nightwatch_US,Royal Nightwatch Cape,Armor
480540,Royal_Alberta_US,Royal Alberta Cape,Armor
480541,C_Demi_Freyja_Wing,Costume Demi-Freya Wing,Armor
480545,Entwined_Manteau,Entwined Magical Manteau,Armor
480546,Entwined_Muffler,Entwined Magical Muffler,Armor
480555,C_Lapine_Wing,Costume Laphine Wings,Armor
480556,C_Blue_Rose_Parasol,Costume Blue Rose Parasol,Armor
480559,C_JP_EV19,Costume Kumamon Doll,Armor
480565,C_CLB_HM_Noni,Costume Riding Noni Bag,Armor
480566,C_Immortal_H_Wing,Costume: Immortal Monarch's Wings,Armor
480581,C_I_Samurai_Sword,Costume Samurai Twin Sword,Armor
480582,C_3color_dumplings_P,Costume Three Color Dumplings,Armor
480595,C_CLB_DT_TS_Wing,Costume: Toothless Wings,Armor
480596,C_CLB_DT_TS_Hood,Costume: Toothless Hood,Armor
480603,C_Starrysky_Fountainpen,Costume Starry Sky Pen,Armor
480609,C_Dimensional_Sword,Costume Dimensional Sword,Armor
480611,C_Immortal_H_Spear,Costume: Immortal Monarch's Spear,Armor
480616,C_Qualifier_1st,Costume: Royal Knight's Rune Sword,Armor
480617,C_Qualifier_2nd,Costume: Royal Knight's Greatsword,Armor
480618,C_Qualifier_3rd,Costume: Knight's Greatsword,Armor
480619,C_Melon_Cream_Soda,Costume Melon Cream Soda,Armor
480627,C_2025RosFesta,Costume ROS 2025 Champion Coat,Armor
480629,C_Clock_Rod,Costume Clock Rod,Armor
480630,C_Mechanical_Fairy_Wing,Costume Mechanical Fairy Wings,Armor
480631,C_Detective_Mag_Glass,Costume Detective's Magnifying Glass,Armor
480632,C_N_Mad_Bunny,Costume Mad Bunny Nightmare,Armor
480648,C_Nifl_Bloom_RD,Costume Broom of Crimson,Armor
480658,C_Arcanum_Corvus_Corax,Costume Arcanum Corvus Corax,Armor
480664,C_Cursed_Serpent,Costume Cursed Serpent,Armor
480665,C_Tan_Spear,Costume Tan Spear,Armor
480666,C_Tris_Sword,Costume Herosria Sword,Armor
480669,aegis_480669,Executioner's Cloak,Armor
480670,aegis_480670,Sharpshooter Muffler,Armor
480671,aegis_480671,Fighter's Cloak,Armor
480672,aegis_480672,Champion's Cloak,Armor
480673,aegis_480673,Scholar's Muffler,Armor
480674,aegis_480674,Wizard's Cloak,Armor
480699,C_Scepter_SV,Costume Silver Scepter,Armor
480717,C_Giant_Chained_Bear,Costume Giant Chained Bear,Armor
480718,C_Sweet_Folk,Costume Sweet Folk,Armor
480725,C_Sixth_Sense_Satan,Costume Sixth Sense Satan,Armor
480742,Hs_Angelwing_W,Herosria White Angel Wing,Armor
480743,Hs_Angelwing_BK,Herosria Black Angel Wing,Armor
480744,Hs_Angelwing_BL,Herosria Blue Angel Wing,Armor
480745,Hs_Angelwing_R,Herosria Bloody Angel Wing,Armor
480746,Hs_Angelwing_G,Herosria Golden Angel Wing,Armor
480747,C_Knights_Sword_Shield,Costume Knights Sword Shield,Armor
480748,C_Doram_Paw_Hammer,Costume Doram Paw Hammer,Armor
480772,C_Angel_Gift,Costume Angel's Gift,Armor
480773,C_Sakura_Rod_PK,Costume Blooming Staff Pink,Armor
490004,Atker_Ring,Attacker Booster Ring,Armor
490005,Ele_Earing,Elemental Booster Earrings,Armor
490006,Defn_Earing,Defender Booster Earrings,Armor
490007,Ran_Brooch,Range Booster Brooches,Armor
490009,Capricon_Ring_J,Capricon Ring,Armor
490010,Virgo_Ring_J,Virgo Ring,Armor
490013,Devil_Ring,Devil Ring,Armor
490014,Noblesse_Attack_Ring,Noblesse Attack Ring,Armor
490015,Noblesse_Magic_Ring,Noblesse Magic Ring,Armor
490016,Bracelet_Of_Puppet,Puppet Bracelet,Armor
490017,Imperial_Attack_Ring,Imperial Attack Ring,Armor
490018,Imperial_Magic_Ring,Imperial Magic Ring,Armor
490019,Grace_Attack_Ring,Grace Attack Ring,Armor
490020,Grace_Magic_Ring,Grace Magic Ring,Armor
490022,TrustRing,Thunder Ring,Armor
490023,Kukulkan_Tooth_TW,Kukulkan's Tooth,Armor
490024,Auto_B_R,Automatic Booster R,Armor
490025,Auto_B_L,Automatic Booster L,Armor
490026,Auto_BC_R,Automatic Battle Chip R,Armor
490027,Auto_BC_L,Automatic Battle Chip L,Armor
490028,Aries_Ring_J,Aries Ring,Armor
490029,Geffenia_Magictool_Ice,Geffenia Ice Magic Tool,Armor
490030,Temporal_Ring_TW,Temporal Ring,Armor
490031,Petal_Tail,Petal Tail,Armor
490032,Gemini_Ring_J,Gemini Ring,Armor
490033,Fallen_Angel_tear,Fallen Angel's Tear,Armor
490034,Pisces_Ring_J,Pisces Ring,Armor
490035,Pendant_of_Solomon,Solomon's Pendant,Armor
490036,Pendant_of_Solomon_,Solomon's Pendant,Armor
490037,Dark_Ring,Dark Ring,Armor
490038,Sixth_Sense_Ring,Sixth Sense Ring,Armor
490041,Sagittarius_Ring_J,Sagittarius Ring,Armor
490042,Kingly_Ring,Monarch Ring,Armor
490043,HalfBlood_Princess_Ring,Half Blood Princess Ring,Armor
490044,Sin_Ring_R,Sinful Ruby Ring,Armor
490045,Sin_Necklace_R,Sinful Ruby Necklace,Armor
490046,Sin_Ring_E,Sinful Emerald Ring,Armor
490047,Sin_Necklace_E,Sinful Emerald Necklace,Armor
490048,Sin_Ring_T,Sinful Topaz Ring,Armor
490049,Sin_Necklace_T,Sinful Topaz Necklace,Armor
490050,Sin_Ring_A,Sinful Amethyst Ring,Armor
490051,Sin_Necklace_A,Sinful Amethyst Necklace,Armor
490052,Sin_Ring_S,Sinful Sapphire Ring,Armor
490053,Sin_Necklace_S,Sinful Sapphire Necklace,Armor
490054,Sin_Ring_O,Sinful Opal Ring,Armor
490055,Sin_Necklace_O,Sinful Opal Necklace,Armor
490056,Shine_Ring_R,Brilliant Light Ruby Ring,Armor
490057,Shine_Necklace_R,Brilliant Light Ruby Necklace,Armor
490058,Shine_Ring_A,Brilliant Light Amethyst Ring,Armor
490059,Shine_Necklace_A,Brilliant Light Amethyst Necklace,Armor
490060,Shine_Ring_E,Brilliant Light Emerald Ring,Armor
490061,Shine_Necklace_E,Brilliant Light Emerald Necklace,Armor
490062,Shine_Ring_Z,Brilliant Light Zircon Ring,Armor
490063,Shine_Necklace_Z,Brilliant Light Zircon Necklace,Armor
490064,Shine_Ring_S,Brilliant Light Sapphire Ring,Armor
490065,Shine_Necklace_S,Brilliant Light Sapphire Necklace,Armor
490066,Shine_Ring_AQ,Brilliant Light Aquamarine Ring,Armor
490067,Shine_Necklace_AQ,Brilliant Light Aquamarine Necklace,Armor
490068,RingofVenus,Ring of Venus,Armor
490069,Morrigane_Belt_IL,Illusion Morrigane's Belt,Armor
490070,Morrigane_Pendant_IL,Illusion Morrigane's Pendant,Armor
490072,E_Illusion_B_R,Illusion Booster R(Bound),Armor
490073,E_Illusion_B_L,Illusion Booster L(Bound),Armor
490074,E_Illusion_BC_R,Illusion Battle Chip R(Bound),Armor
490075,E_Illusion_BC_L,Illusion Battle Chip L(Bound),Armor
490076,Ring_Of_Nature,Ring of Nature,Armor
490077,MD_Geffen_Ring,Force Condenser,Armor
490078,MD_Geffen_Ring2,Mental Condenser,Armor
490079,SoulExpansionRing,Soul Expansion Ring,Armor
490083,Themis_Balance,Themis Balance,Armor
490084,Dictator_Ring_TW,Dictator Earrings,Armor
490086,Eclipsedefmind_TW,Lunar Eclipse Guardian Heart,Armor
490087,4th_Q_Necklace,Hourglass Necklace,Armor
490088,2020maypay_06,Desperate Connections Ring,Armor
490089,Alice_Hug_Pillow_TW,Alice Maid Pillow,Armor
490090,Egir_Ring_K,Aegir Ring,Armor
490091,Egir_Necklace_K,Aegir Necklace,Armor
490092,Egirnion_Ring,Aegirnion Ring,Armor
490093,Egirnion_Necklace,Aegirnion Necklace,Armor
490094,Record_Sward_TW,Record of Destroy (Swordman),Armor
490095,Record_Acher_TW,Record of Destroy (Archer),Armor
490096,Ring_Of_Hunter,Ring of Hunter,Armor
490097,TimeOverloadRing_TW,Exotic Temporal Ring,Armor
490098,Ring_of_Pazuzu,Ring of Pazuzu,Armor
490099,Thanatos_Pendant,Thanatos's Necklace,Armor
490100,Red_Force_Pendant,Red Force Pendant,Armor
490101,Blue_Mental_Pendant,Blue Mental Pendant,Armor
490102,Skull_Ring,Skull Ring,Armor
490103,Garnet_Pendant_TW,Garnet Crystal Pendant,Armor
490104,Ring_Of_Phoenix,Ring of Phoenix,Armor
490105,Soul_of_Drowned,Undersea Temple Treasure,Armor
490106,Gray_W_Pendant,Gray Wolf Pendant,Armor
490107,Gray_W_Ring,Gray Wolf Ring,Armor
490108,Gray_W_Earing,Gray Wolf Earring,Armor
490109,Gray_W_Necklace,Gray Wolf Necklace,Armor
490110,Anulus_Ira,Anulus Ira,Armor
490113,Jasper_Ring,Jasper Ring,Armor
490114,Paradise_Lost,Paradise Lost,Armor
490118,RingOfAdoramus,Ring of Adoramus,Armor
490119,Battle_Core,Alpha Core,Armor
490120,Sprint_Ring_IL,Illusion Sprint Ring,Armor
490121,Sprint_Glove_IL,Illusion Sprint Glove,Armor
490122,1Para_Acc_L_A,Paradise Ring,Armor
490123,1Para_Acc_R_A,Paradise Gloves,Armor
490124,1Para_Acc_L_B,Paradise Magic Ring,Armor
490125,1Para_Acc_R_B,Paradise Necklace,Armor
490126,2Para_Acc_L_A,Advanced Paradise Ring,Armor
490127,2Para_Acc_R_A,Advanced Paradise Gloves,Armor
490128,2Para_Acc_L_B,Advanced Paradise Magic Ring,Armor
490129,2Para_Acc_R_B,Advanced Paradise Necklace,Armor
490130,SkynetBlowRing,Sky Blow Ring,Armor
490131,Signet_Of_Star,Signet of Star,Armor
490132,Signet_Of_Pow_Star,Power Signet of Star,Armor
490133,Signet_Of_Sta_Star,Stamina Signet of Star,Armor
490134,Signet_Of_Con_Star,Concentration Signet of Star,Armor
490135,Signet_Of_Crt_Star,Creative Signet of Star,Armor
490136,Signet_Of_Spl_Star,Spell Signet of Star,Armor
490137,Signet_Of_Wis_Star,Wisdom Signet of Star,Armor
490139,Ring_Of_TheAbyssKing_A,Awakening Abyss King's Ring,Armor
490140,Cursed_Demon_Ring_A,Awakening Magic Curse Ring,Armor
490141,Metal_Pick,Metal Pick,Armor
490142,Omega_Core,Omega Core,Armor
490143,Omega_Core_,Omega Core,Armor
490145,Ring_Of_Ceryneian,Ring of Ceryneian,Armor
490146,Paracelsus_Glove,Paracelsus Glove,Armor
490147,Anniversary_Ring_1TH,1st Anniversary Ring,Armor
490149,Glittering_Cat_Choker,Glittering Cat Choker,Armor
490152,Hero_Token_AG,Heroic Token (Arch Mage),Armor
490153,Hero_Token_WH,Heroic Token (Windhawk),Armor
490155,Hero_Token_IG,Heroic Token (Imperial Guard),Armor
490156,Hero_Token_CD,Heroic Token (Cardinal),Armor
490159,Rough_Core,Rough Core,Armor
490160,ST_Orleans_Glove,Engraved Orlean's Glove,Armor
490161,ST_Pinquicula_Corsage,Engraved Pinguicula's Corsage,Armor
490162,ST_Waterdrop_Brooch,Engraved Waterdrop Brooch,Armor
490163,Hero_Insignia,Hero's Badge,Armor
490164,Hero_Token_SHC,Heroic Token (Shadow Cross),Armor
490165,Hero_Token_ABC,Heroic Token (Abyss Chaser),Armor
490166,Hero_Token_DK,Heroic Token (Dragon Knight),Armor
490167,Hero_Token_BO,Heroic Token (Biolo),Armor
490168,Wind_Spirit_Ring_TW,Wind Spirit Ring,Armor
490170,Record_Mage2_TW,Record of Wrath (Mage),Armor
490171,Hero_Token_EM,Heroic Token (Elemental Master),Armor
490172,Hero_Token_TR,Heroic Token (Troubadour / Trouvere),Armor
490173,Record_Sward2_TW,Record of Wrath (Swordman),Armor
490175,Record_Merchant2_TW,Record of Wrath (Merchant),Armor
490176,Snowflower_Pendant,Snowflake Pendant,Armor
490177,Snowflower_Ring,Snowflake Ring,Armor
490178,Snowflower_Necklace,Snowflake Necklace,Armor
490179,Snowflower_Earring,Snowflake Earring,Armor
490180,Hero_Token_MT,Heroic Token (Meister),Armor
490181,Hero_Token_IQ,Heroic Token (Inquisitor),Armor
490182,Immortal_Dog_Tag_IN,Immortal Dog Tag,Armor
490183,Military_Glove,Military Glove,Armor
490184,Hero_Token_SS,Heroic Token (Shinkiro & Shiranui),Armor
490185,Hero_Token_NW,Heroic Token (Night Watch),Armor
490186,Hero_Token_SOA,Heroic Token (Soul Ascetic),Armor
490187,Hero_Token_SKE,Heroic Token (Sky Emperor),Armor
490188,Hero_Token_SH,Heroic Token (Spirit Handler),Armor
490189,Wine_Jewel_Brooch_TW,Garnet Brooch,Armor
490190,Unknown_Hero_Ring_TW,Unknown Hero Potential Ring,Armor
490191,Record_Thief2_TW,Record of Wrath (Thief),Armor
490192,Record_Acolyte2_TW,Record of Wrath (Acolyte),Armor
490193,Traveler_Ring,Traveler Ring,Armor
490194,Guardian_Ring,Guardian Ring,Armor
490197,The_Origin_of_Fire,Origin of Fire,Armor
490198,Record_Acher2_TW,Record of Wrath (Archer),Armor
490201,The_Origin_of_fertility,Origin of Fertility,Armor
490206,Noblesse_oblige,Noblesse Oblige,Armor
490207,Memento_Mori,Memento Mori,Armor
490208,Palace_Ring,Palace Ring,Armor
490209,Comp_Angel_Egg_ROC,[Not for Sale] Angel Egg,Armor
490210,Comp_Trapezohedron,[Not For Sale] Shining Trapezohedron,Armor
490211,WM_Job_Pick,Discordant Pick,Armor
490214,E_Auto_B_R,Automatic Booster R (Bound),Armor
490215,E_Auto_B_L,Automatic Booster L (Bound),Armor
490216,E_Auto_BC_R,Automatic Battle Chip R (Bound),Armor
490217,E_Auto_BC_L,Automatic Battle chip L (Bound),Armor
490218,Pure_Heart_TW,Pure Heart,Armor
490219,Twin_Dragonic_Ring,Double Head Dragon Ring,Armor
490220,Hero_Token_HN,Heroic Token (Hyper Novice),Armor
490221,Record_Swordsman_TH,Record of Swordsman,Armor
490222,Comp_Record_Swordman_TH,[Not for Sale] Record of Swordsman,Armor
490223,Copy_Book,Book of Copying - Cloaking Chapter,Armor
490229,Record_Thief_TH,Record of Thief,Armor
490231,Comp_Record_Thief_TH,[Not For Sale] Record of Thief,Armor
490232,Comp_Luminous_Blue_Ston,[Not For Sale] Luminous Blue Stone,Armor
490233,Zongzi_Charm_TW,Rice Dumpling Amulet,Armor
490234,Copy_Book_Concen,Book of Copying - Concentration Chapter,Armor
490235,Egirnion_Gardiansword,Aegirnion Guardian Sword,Armor
490236,Double_Badge_ROC,Double Badge,Armor
490237,Comp_Double_Badge_ROC,[Not For Sale] Double Badge,Armor
490238,Time_Jewel_Acc,Chrono Gem Blade Chain,Armor
490239,Record_Merchant_TH,Record of Merchant,Armor
490240,Comp_Record_Merchant_TH,[Not For Sale] Record of Merchant,Armor
490241,Comp_Gyges_Ring,[Not For Sale] Gyges Ring,Armor
490242,C_Valkyrie_Hair,Costume Valkyrie Hair,Armor
490243,Ring_of_SilverClaw,Ring of Silver Claw,Armor
490244,Cardinal_Ring,Cardinal Ring,Armor
490246,Vassalage_Ring_TH,Vassalage Ring,Armor
490251,Hs_Ring,Herosria Ring,Armor
490252,Hs_Earing,Herosria Earring,Armor
490253,Hs_Necklace,Herosria Necklace,Armor
490254,Hs_Critical_Ring,Herosria Critical Ring,Armor
490255,Hs_Delay_Earing,Herosria Cool Time Earring,Armor
490256,Hs_Deffend_Necklace,Herosria Defender Necklace,Armor
490257,Mob_P_Crystal_Ring,Crystal Ring,Armor
490258,Time_Thief_Earring,Time Thief Crystal Earrings,Armor
490259,Curse_Magic_Ring,Curse Magic Ring,Armor
490260,Old_Cart_Acc,Old Cart Modeling Pendant,Armor
490261,aegis_490261,Shining Priest's Ring,Armor
490262,Firm_Faith_Ring,Firm Faith Ring,Armor
490263,RoyalGard_Seal_Ring,Royal Guard Seal Ring,Armor
490264,Infinity_Chip_MAX,Infinity Chip MAX,Armor
490265,Inception_Ring,Inception Ring,Armor
490266,Comp_Inception_Ring,[Not For Sale] Inception Ring,Armor
490267,Shadow_Ring_ROC,Shadow Ring,Armor
490268,Comp_Shadow_Ring_ROC,[Not For Sale] Shadow Ring,Armor
490269,LightOfCardinal,Cardinal Light,Armor
490272,Harvest_Festival,Harvest Festival,Armor
490273,Under_Seal_D_Key,Sealed Dimensional Key,Armor
490274,Under_Seal_D_Padlock,Sealed Dimensional Lock,Armor
490275,Under_Seal_D_keyring,Sealed Dimensional Keyring,Armor
490276,Dimmension_W_Key,Dimensional Wanderer's Key,Armor
490277,Dimmension_W_Padlock,Dimensional Wanderer's Lock,Armor
490278,Dimmension_W_Keyring,Dimensional Wanderer's Keyring,Armor
490279,Raphin_Necklace_TH,Raphin P. Necklace,Armor
490281,Armor_Drive_Wheel,Armored Drive Gear,Armor
490282,Kenshi_Gauntlet_ROC,Kenshi Gauntlet,Armor
490283,Comp_Kenshi_Gauntlet_RO,[Not For Sale] Kenshi Gauntlet,Armor
490284,WindHawk_Snip_Ring,Wind Eagle Sniper Ring,Armor
490285,aegis_490285,Alternate Clip,Armor
490286,1LvClip,1Lv Clip,Armor
490287,2LvClip,Level 2 Clip,Armor
490288,Record_Mage_TH,Record of Mage,Armor
490289,Comp_Record_Mage_TH,[Not for Sale] Record of Mage,Armor
490290,Ameretat,Ameretat,Armor
490295,Armaia_Belt_ROC,Armaia Belt,Armor
490296,Comp_Armaia_Belt_ROC,[Not For Sale] Armaia Belt,Armor
490297,Barmund_Ring,Varmundt Rune Ring,Armor
490299,Barmund_Soul_Ring,Varmundt Soul Rune Ring,Armor
490300,Barmund_Venom_Ring,Varmundt Venom Rune Ring,Armor
490301,Barmund_Temple_Ring,Varmundt Temple Rune Ring,Armor
490302,Soul_Rune_Ring,Soul Rune Ring,Armor
490303,Venom_Rune_Ring,Venom Rune Ring,Armor
490304,Temple_Rune_Ring,Temple Rune Ring,Armor
490305,Soul_M_Ring,Soul Magic Ring,Armor
490306,Venom_M_Ring,Venom Magic Ring,Armor
490307,Temple_M_Ring,Temple Magic Ring,Armor
490308,Golden_Ring_1stAniv_ROC,1st Golden Ring,Armor
490312,P_90Lv_Aring,Booster Adventurer's Premium Ring,Armor
490313,P_90Lv_Gloves,Booster Adventurer's Premium Gloves,Armor
490314,P_90Lv_Necklace,Booster Adventurer's Premium Necklace,Armor
490315,P_90Lv_Mring,Booster Adventurer's Premium Magic Ring,Armor
490316,Brooch_Of_Matador_TH,Brooch of Matador,Armor
490319,YSF01_Ring,Y.S.F. Ring,Armor
490320,Ash_Ring,Ashes Ring,Armor
490327,Glacier_Ring,Glacier Ring,Armor
490328,Glacier_Pendant,Glacier Pendant,Armor
490329,Glacier_Earring,Glacier Earring,Armor
490330,Glacier_Necklace,Glacier Necklace,Armor
490332,Comp_TimeOverloadR_TW,[Not For Sale] Exotic Temporal Ring,Armor
490334,Record_Acol_TH,Record of Acolyte,Armor
490335,Comp_Record_Acol_TH,[Not For Sale] Record of Acolyte,Armor
490336,Dimension_L_Stone,Dimension Linkage Stone,Armor
490337,Amulet_of_GenesisStone,Amulet of Genesis Stone,Armor
490340,Illegal_Tip,illegal Chip,Armor
490351,Assassin_Amulet_ROC,Assassin Amulet,Armor
490352,Comp_AssassinAmulet_ROC,[Not For Sale] Assassin Amulet,Armor
490359,Lord_of_Elemental,Lord of Elemental,Armor
490364,Book_of_Justice_TH,Above B.E.2 475,Armor
490365,Comp_Book_of_Justice_TH,[Not For Sale] Above B.E.2 475,Armor
490367,Ullr_Bracelet,Ulle's Bracelet,Armor
490370,Comp_Celine_Brooch_K,[Not For Sale] Celine's Brooch K,Armor
490371,Comp_Prta_Mil_Glove,[Not For Sale] Prontera Army Glove,Armor
490372,Solar_Blessing_TH,Solar Blessing,Armor
490373,Comp_Solar_Blessing_TH,[Not For Sale] Solar Blessing,Armor
490374,SeeOtter_Fan_LT,Sea Otter Mini Fan-LT,Armor
490375,FurSeal_Fan_LT,Fur Seal Mini Fan-LT,Armor
490376,Record_Swordsman2_TH,Record of Swordsman 2,Armor
490377,Comp_Record_Swords2_TH,[Not For Sale] Record of Swordsman 2,Armor
490378,Maebia_Book_ROC,Curse of Maebia Book,Armor
490379,Comp_Maebia_Book_ROC,[Not For Sale] Curse of Maebia Book,Armor
490380,Majesty_of_Yggdrasil,Majesty of Yggdrasil,Armor
490381,Majesty_of_Yggdrasil_,Majesty of Yggdrasil,Armor
490382,Red_Force_Pendant_LT,Red Force Pendant-LT,Armor
490383,Blue_Mental_Pendant_LT,Blue Mental Pendant-LT,Armor
490384,Charm_Of_Moon_CN,Amulet of the Moon,Armor
490385,Stellar_Blessing_TH,Stellar Blessing,Armor
490386,Comp_Stella_Blessing_TH,[Not For Sale] Stellar Blessing,Armor
490387,Zongzi_Lotusleaf_TW,Lotus Leaf Sticky Rice Amulet,Armor
490388,Copy_Book_Cold,Book of Copying - Cold Bolt Chapter,Armor
490389,ATW_Ring_TW,Barrier Ring,Armor
490390,Toy_Ring_TH,Toy Ring,Armor
490391,Comp_Toy_Ring_TH,[Not For Sale] Toy Ring,Armor
490392,Scarlet_Worm_TH,Scarlet Worm Charm,Armor
490393,Comp_Scarlet_Worm_TH,[Not For Sale] Scarlet Worm Charm,Armor
490394,Record_Thief2_TH,Record of Thief 2,Armor
490395,Comp_Record_Thief2_TH,[Not For Sale] Record of Thief 2,Armor
490396,Establish,Establish,Armor
490397,Unknown_Hero_Ring_RK,Ring of Unknown Hero (Rune Knight),Armor
490398,Comp_Unkn_Hero_RK,[Not For Sale] Ring of Unknown Hero (Rune Knight),Armor
490399,aegis_490399,Boxer Glove,Armor
490400,Record_Archer_TH,Record of Archer,Armor
490401,Comp_Record_Archer_TH,[Not For Sale] Record of Archer,Armor
490402,Unknown_Hero_Ring_RG,Ring of Unknown Hero (Royal Guard),Armor
490403,Comp_Unkn_Hero_RG,[Not For Sale] Ring of Unknown Hero (Royal Guard),Armor
490404,Temporal_Ring_TW_LT,Temporal Ring-LT,Armor
490405,Beast_Ring,Beast Rings,Armor
490406,Unknown_Hero_Ring_SR,Ring of Unknown Hero (Sura),Armor
490407,Comp_Unkn_Hero_SR,[Not For Sale] Ring of Unknown Hero (Sura),Armor
490408,Super_Novice_Figure_TH,Super Novice Figure,Armor
490409,Copy_Book_Resur,Book of Copying - Resurrection Chapter,Armor
490410,Into_The_Abyss,Intuiabis,Armor
490411,Record_Merchant2_TH,Record of Merchant 2,Armor
490412,Comp_Record_Merch2_TH,[Not For Sale] Record of Merchant 2,Armor
490413,Twin_Dragon_Ring_TH,Twin Head Dragon Ring,Armor
490414,Comp_Dragon_Ring_TH,[Not For Sale] Twin Head Dragon Ring,Armor
490415,Unknown_Hero_Ring_SO,Ring of Unknown Hero (Sorcerer),Armor
490416,Comp_Unkn_Hero_SO,[Not For Sale] Ring of Unknown Hero (Sorcerer),Armor
490417,Ep2_Commemorative_Ring,Commemorative Golden Ring Ep2,Armor
490418,Record_Mage2_TH,Record of Mage 2,Armor
490419,Comp_Record_Mage2_TH,[Not For Sale] Record of Mage 2,Armor
490420,Unknown_Hero_Ring_RA,Ring of Unknown Hero (Ranger),Armor
490421,Comp_Unkn_Hero_RA,[Not For Sale] Ring of Unknown Hero (Ranger),Armor
490425,aegis_490425,Magictool Ice,Armor
490426,aegis_490426,[Not For Sale] Magictool Ice,Armor
490427,Ring_Of_Storm,Ring of Storm,Armor
490428,Chemical_R_Glove,Chemical Resistant Glove,Armor
490429,Petal_Tail_W,Petal's Tail (Albino),Armor
490430,Record_Archer2_TH,Record of Archer 2,Armor
490431,Comp_Record_Archer2_TH,[Not For Sale] Record of Archer 2,Armor
490432,Toy_Screw,Toy Screw,Armor
490433,Comp_Toy_Screw_TH,[Not For Sale] Toy Screw,Armor
490434,Unknown_Hero_Ring_WL,Ring of Unknown Hero (Warlock),Armor
490435,Comp_Unkn_Hero_WL,[Not For Sale] Ring of Unknown Hero (Warlock),Armor
490436,Record_Acol2_TH,Record of Acolyte 2,Armor
490437,Comp_Record_Acol2_TH,[Not For Sale] Record of Acolyte 2,Armor
490438,Unknown_Hero_Ring_SC,Ring of Unknown Hero (Shadow Chaser),Armor
490439,Comp_Unkn_Hero_SC,[NFS] Ring of Unknown Hero (Shadow Chaser),Armor
490440,Eclipsedefmind_LT,Lunar Eclipse Guardian Heart-LT,Armor
490451,Colar_Rubi_BR,Crimson Necklace,Armor
490452,2023Seppay_01,Ring of Despair-LT,Armor
490453,Elemental_Jewel,Elemental Jewel,Armor
490454,Gray_W_Ring_JP,[Not For Sale] Gray Wolf Ring,Armor
490455,Gray_W_Earing_JP,[Not For Sale] Gray Wolf Earrings,Armor
490456,Gray_W_Pendant_JP,[Not For Sale] Gray Wolf Pendant,Armor
490457,Gray_W_Necklace_JP,[Not For Sale] Gray Wolf Necklace,Armor
490458,Snowflower_Ring_JP,[Not For Sale] Snowflake Ring,Armor
490459,Snowflower_Earring_JP,[Not For Sale] Snowflake Earrings,Armor
490460,Snowflower_Pendant_JP,[Not For Sale] Snowflake Pendant,Armor
490461,Snowflower_Necklace_JP,[Not For Sale] Snowflake Necklace,Armor
490462,Comp_S_Novice_Figure,[NFS] Super Novice Figure,Armor
490463,Dawson_Badge_MSP,Dawson Badge,Armor
490464,Unknown_Hero_Ring_GC,Ring of Unknown Hero (Guillotine),Armor
490465,Comp_Unkn_Hero_GC,[Not For Sale] Ring of Unknown Hero (Guillotine),Armor
490466,Fallen_Seraphim_ring,Fallen Seraphim Ring,Armor
490469,Unknown_Hero_Ring_TK,Ring of Unknown Hero (Taekwon),Armor
490470,Comp_Unkn_Hero_TK,[Not For Sale] Ring of Unknown Hero (Taekwon),Armor
490471,Ring_of_Artemis,Ring of Artemis,Armor
490474,Z_Boost_Ring,Boosting Ring,Armor
490475,Chemical_Glove_ROC,Chemical Glove,Armor
490476,Comp_Chemical_Glove_ROC,[Not For Sale] Chemical Glove,Armor
490479,Unknown_Hero_Ring_NJ,Ring of Unknown Hero (Ninja),Armor
490480,Comp_Unkn_Hero_NJ,[Not For Sale] Ring of Unknown Hero (Ninja),Armor
490481,FiveProngedSeal_Array,Five Elements Seal Array,Armor
490482,Cel_Design_Pendant,Celine Kimi Pendant,Armor
490483,Signet_Of_Spring,Signet of Circulation: Spring,Armor
490484,Signet_Of_Summer,Signet of Circulation: Summer,Armor
490485,Signet_Of_Autumn,Signet of Circulation: Autumn,Armor
490486,Signet_Of_Winter,Signet of Circulation: Winter,Armor
490488,Unknown_Hero_Ring_AB,Ring of Unknown Hero (Archbishop),Armor
490489,Comp_Unkn_Hero_AB,[Not For Sale] Ring of Unknown Hero (Archbishop),Armor
490492,Pure_Heart_LT_TW,Heart of Pure Love-LT,Armor
490498,Unknown_Hero_Ring_RL,Ring of Unknown Hero (Rebellion),Armor
490499,Comp_Unkn_Hero_RL,[Not For Sale] Ring of Unknown Hero (Rebellion),Armor
490501,Jade_Emperors_Bracelet,Polar Horizon Bracelet,Armor
490502,Pray_Dusk_Bell_ArcM,Evening Bell of Prayer (Arch Mage),Armor
490507,Gaebolg_Ring,Gaebolg Ring,Armor
490508,Gaebolg_Glove,Gaebolg Glove,Armor
490509,Gaebolg_Earring,Gaebolg Earring,Armor
490510,Gaebolg_Necklace,Gaebolg Necklace,Armor
490511,Unknown_Hero_Ring_NV,Ring of Unknown Hero (Novice),Armor
490512,Comp_Unkn_Hero_NV,[Not For Sale] Ring of Unknown Hero (Novice),Armor
490514,Comp_Palace_Ring,[Not For Sale] Palace Ring,Armor
490515,Unknown_Hero_Ring_GN,Ring of Unknown Hero (Genetic),Armor
490516,Comp_Unkn_Hero_GN,[Not For Sale] Ring of Unknown Hero (Genetic),Armor
490517,Pray_Dusk_Bell,Evening Bell of Prayer (Elemental Master),Armor
490521,Unknown_Hero_Ring_WM,Ring of Unknown Hero (Minstrel&Wanderer),Armor
490522,Comp_Unkn_Hero_Ring_WM,[NFS] Ring of Unknown Hero (Minstrel&Wanderer),Armor
490523,Duelist_GoldCoin,Duelist Gold Coin,Armor
490524,Electron_Boosters,Electron Booster,Armor
490525,P_Dusk_B_Cardinal,Evening Bell of Prayer (Cardinal),Armor
490526,Emerald_Ring_LT,Emerald Ring-LT,Armor
490527,Emerald_Earring_LT_TW,Emerald Earring-LT,Armor
490531,Unknown_Hero_Ring_NC,Ring of Unknown Hero (Mechanic),Armor
490532,Comp_Unkn_Hero_NC,[Not For Sale] Ring of Unknown Hero (Mechanic),Armor
490534,P_Dusk_B_InQu,Evening Bell of Prayer (Inquisitor),Armor
490535,HYOUSENSOU_Page,Secret Technique - Chained Ice Array,Armor
490536,HUUJIN_Page,Secret Technique - Thousands of Birds,Armor
490537,aegis_490537,Bomber Glove,Armor
490538,aegis_490538,[Not For Sale] Bomber Glove,Armor
490539,Unknown_Hero_Ring_SU,Ring of Unknown Hero (Summoner),Armor
490540,Comp_Unkn_Hero_SU,[Not For Sale] Ring of Unknown Hero (Summoner),Armor
490541,P_Dusk_B_Sha_Cro,Evening Bell of Prayer (Shadow Cross),Armor
490544,Overdrive_Rampage,Overdrive Rampage,Armor
490545,Overdrive_Rampage_,Overdrive Rampage,Armor
490546,P_Dusk_B_MT,Evening Bell of Prayer (Meister),Armor
490547,P_Dusk_B_BI,Evening Bell of Prayer (Biolo),Armor
490548,P_Dusk_B_ABC,Evening Bell of Prayer (Abyss Chaser),Armor
490555,aegis_490555,Fairy's Necklace,Armor
490556,aegis_490556,[Not For Sale] Fairy's Necklace,Armor
490557,Sesrumnir_Evt_Ring,Sesrumnir Commemoration Ring,Armor
490561,Hight_TS_Scroll,Scroll of Time and Space,Armor
490570,4Element_magic_ring,Elemental Ring,Armor
490572,Infinity_Chip_EX,Infinity Chip-EX,Armor
490573,Pray_Dusk_Bell_SS,Evening Bell of Prayer (Shinkiro & Shiranui),Armor
490575,Time_B_Limit_Nec,Time Break Necklace,Armor
490576,Overlock_Chip_VN,Overlock Chip,Armor
490577,aegis_490577,Cooldown Chip,Armor
490578,aegis_490578,SSD Card,Armor
490579,Pray_Dusk_Bell_SH,Evening Bell of Prayer (Spirit Handler),Armor
490580,Rebel_Chain,Rebel Chain,Armor
490581,aegis_490581,Fallen Angel Tear,Armor
490582,Cat_Can_BR,Cat Food,Armor
490583,Time_Jewel_Amulet2,Time Jewelry Amulet (Lv.2),Armor
490584,Time_Jewel_Amulet3,Time Jewelry Amulet (Lv.3),Armor
490586,Black_Eagle_Ring_TH,Black Eagle Ring,Armor
490587,Comp_B_Eagle_Ring_TH,[Not for Sale] Black Eagle Ring,Armor
490588,Quick_Ring,Swift Ring,Armor
490589,aegis_490589,Amethyst Ring,Armor
490590,King_Elemental_Ring_TH,King Of Elemental Ring,Armor
490591,Comp_KElement_Ring_TH,[Not for Sale] King Of Elemental Ring,Armor
490592,T_Jewel_Earing_TH,Time Jewel Earring,Armor
490593,Comp_T_Jewel_Earing_TH,[Not for Sale] Time Jewel Earring,Armor
490594,Ice_Pendant,Ice Crystal Pendant,Armor
490595,Astraea_Ring_LT,Asteria's Ring-LT,Armor
490596,RingOfThought_LT,Thought Ring-LT,Armor
490597,aegis_490597,Ring of Chivalry,Armor
490598,Giant_Protection_TH,Giant Protection,Armor
490599,Comp_G_Protect_TH,[Not For Sale] Giant Protection,Armor
490600,Imperial_Glove_TH,Imperial Glove,Armor
490601,Comp_ImGlove_TH,[Not For Sale] Imperial Glove,Armor
490602,Power_Machine_Arm,Power Machine Arm,Armor
490603,ICC_Ring_TH,Ice Crystal Circle,Armor
490604,Comp_ICC_Ring_TH,[Not For Sale] Ice Crystal Circle,Armor
490605,Document_Swordsman_TH,Document Swordsman,Armor
490606,Document_Thief_TH,Document Thief,Armor
490607,Document_Merchant_TH,Document Merchant,Armor
490608,Document_Mage_TH,Document Mage,Armor
490609,Document_Archer_TH,Document Archer,Armor
490610,Document_Acolyte_TH,Document Acolyte,Armor
490611,Durga_Ring_TH,Durga Ring,Armor
490612,Comp_Durga_Ring_TH,[Not For Sale] Durga Ring,Armor
490613,Old_DetachmentsRing_TH,Old Detachment Ring,Armor
490620,Yorscalp_Ring,Yorscalp Ring,Armor
490621,Yorscalp_Glove,Yorscalp Glove,Armor
490622,Yorscalp_Earring,Yorscalp Earring,Armor
490623,Yorscalp_Necklace,Yorscalp Necklace,Armor
490633,Ring_Of_Liberate,Ring of Liberation,Armor
490640,GokuiKaiden_Scroll,Scroll of Essential Arts,Armor
490641,Ring_Of_Liberate_R,Ring of Liberation (Right),Armor
490642,Memento_ME_WH,Memento Memory (Wind Hawk),Armor
490643,Comp_Memento_ME_WH,[Not For Sale] Memento Memory (Wind Hawk),Armor
490644,Memento_MI_BO,Memento Mind (Biolo),Armor
490645,Comp_Memento_MI_BO,[Not For Sale] Memento Mind (Biolo),Armor
490646,Novice_Heart_US,Brave Heart (Hyper Novice),Armor
490647,NightW_Heart_US,Brave Heart (Night Watch),Armor
490648,aegis_490648,Charm of Flame Heart,Armor
490649,aegis_490649,[Not For Sale] Charm of Flame Heart,Armor
490650,Comp_Archpri_Ring_MSP,[NFS] Arch Bishop Ring,Armor
490651,Comp_Scarf_Rebell_MSP,[NFS] Rebellion's Scarf,Armor
490652,Comp_Giant_Protect_MSP,[NFS] Giant's Protection,Armor
490653,Comp_Cel_Brooch_K_MSP,[NFS] Celine's Brooch,Armor
490654,Comp_Ball_Of_Rasen_MSP,[NFS] Rasen Fuma's Orb,Armor
490655,Techi_Cat_Fluffy_Socks,Catwalky Fluffy Socks,Armor
490656,Relic_Lantern,Relic Lantern,Armor
490658,Memento_ME_IQ,Memento Memory (Inquisitor),Armor
490659,Comp_Memento_ME_IQ,[Not For Sale] Memento Memory (Inquisitor),Armor
490660,Memento_MI_WH,Memento Mind (Wind Hawk),Armor
490661,Comp_Memento_MI_WH,[Not For Sale] Memento Mind (Wind Hawk),Armor
490663,Sky_Heart_US,Brave Heart (Sky Emperor),Armor
490665,Memento_ME_BO,Memento Memory (Biolo),Armor
490666,Comp_Memento_ME_BO,[Not for Sale] Memento Memory (Biolo),Armor
490667,Memento_MI_IQ,Memento Mind (Inquisitor),Armor
490668,Comp_Memento_MI_IQ,[Not for Sale] Memento Mind (Inquisitor),Armor
490669,Bio_S_Abbys_Ring,Biosphere Abyss Ring,Armor
490670,Memento_ME_CD,Memento Memory (Cardinal),Armor
490671,Comp_Memento_ME_CD,[Not For Sale] Memento Memory (Cardinal),Armor
490672,Memento_MI_EM,Memento Mind (Elemental Master),Armor
490673,Comp_Memento_MI_EM,[Not For Sale] Memento Mind (Elemental Master),Armor
490674,Memento_ME_EM,Memento Memory (Elemental Master),Armor
490675,Comp_Memento_ME_EM,[Not for Sale] Memento Memory (Elemental Master),Armor
490676,Memento_MI_CD,Memento Mind (Cardinal),Armor
490677,Comp_Memento_MI_CD,[Not for Sale] Memento Mind (Cardinal),Armor
490678,Leviathan_Orb,Leviathan Orb,Armor
490679,Drop_of_Seven_Colors,Drop of Seven Colors,Armor
490691,White_Fox_Charm,White Fox Charm,Armor
490801,ROS2025_Ring_TH,Ragnarok Stars 2025 Ring,Armor
490894,Lucky_Ring,Lucky Ring,Armor
490895,Lucky_Ring_LT,Lucky Ring-LT,Armor
500000,IDTest_weapon,IDTest weapon,Weapon
500001,Boost_Sword,Booster Sword,Weapon
500003,Light_Blade,Light Blade,Weapon
500004,Slate_Sword,Slate Sword,Weapon
500005,Magic_Sword_J,Infinity Blade,Weapon
500006,Woe_Onehand_Sword2_Z,Intermediate Guild Member's Flamberge,Weapon
500007,Ep172_1h_Sword,Hypocrisy Machine,Weapon
500008,Ep172_1h_Sword2,Invidia Bundle,Weapon
500009,Copy_Gram,Dragon Slayer's Longsword,Weapon
500013,Up_Sword_Of_Bluefire,Patent Red Lotus Sword,Weapon
500014,Up_Slate_Sword,Patent Slate Sword,Weapon
500015,PG_B_Sword,Pressure Genesis Booster Sword,Weapon
500016,HS_T_Sword,Hell Tornado Booster Sword,Weapon
500017,Up_Light_Blade,Patent Light Blade,Weapon
500018,Fourth_1h_Sword,Relapse Blade,Weapon
500019,Poenitentia_Gladius,Poenitentia Gladius,Weapon
500020,Poenitentia_Ligula,Poenitentia Ligula,Weapon
500024,Thanos_Sword_AD,Thanos Sword-AD,Weapon
500025,Adulter_F_G_Sword,Adulter Fides Guardian Sword,Weapon
500026,Adulter_F_Lapier,Adulter Fides Rapier,Weapon
500027,Vivatus_F_G_Sword,Vivatus Fides Guardian Sword,Weapon
500028,Vivatus_F_Lapier,Vivatus Fides Rapier,Weapon
500030,Excalibur_IL,Illusion Excalibur,Weapon
500032,1Para_Sword,Paradise Sword,Weapon
500033,2Para_Sword_CR,Paradise Crusader Sword,Weapon
500034,2Para_Sword_AM,Paradise Alchemist Sword,Weapon
500035,2Para_Sword_NV,Paradise Super Novice Sword,Weapon
500036,3Para_Sword_LG,Paradise Royal Guard Sword,Weapon
500037,3Para_Sword_GN,Paradise Genetic Sword,Weapon
500038,Light_Blade_LT,Light Blade-LT,Weapon
500039,Sword_Of_Bluefire_LT,Red Lotus Sword-LT,Weapon
500040,Slate_Sword_LT,Slate Sword-LT,Weapon
500041,Melon_Blade,Melon Blade,Weapon
500042,SP_B_Saber,Super Psychic Booster Saber,Weapon
500043,SI_B_Saber,Super Ignition Booster Saber,Weapon
500044,Solid_Edge,Solid Edge,Weapon
500045,Wicked_Blade,Wicked Blade,Weapon
500046,Poenitentia_Orbis,Poenitentia Orbis,Weapon
500049,Glacier_Sword,Glacier Sword,Weapon
500050,Glacier_B_Sword,Glacier Basic Sword,Weapon
500051,Cannon_Rapier_AD,Cannon Rapier-OSAD,Weapon
500053,Evt_20th_Sword,Sword of Honor,Weapon
500054,D_Glacier_Sword,Dim Glacier Sword,Weapon
500055,D_Glacier_B_Sword,Dim Glacier Basic Sword,Weapon
500056,F_Ein_1HSWORD,Flush Safety Saber,Weapon
500057,Hs_Cr_Sword,Herosria Crusader Sword,Weapon
500058,Hs_Cr_Guardian_Sword,Herosria Guardian Sword,Weapon
500059,Hs_Am_Sword,Herosria Alchemic Sword,Weapon
500060,Hs_Nv_Sword,Herosria Basic Sword,Weapon
500061,Comp_Light_Blade,[Not For Sale] Light Blade,Weapon
500062,Devil_Cursed_Sword,Devil Cursed Sword,Weapon
500063,Guardian_Saber,Guardian Saber,Weapon
500065,Blood_Rapier,Blood Rapier,Weapon
500066,Victory_Sword,Victory Sword,Weapon
500067,1LvSword,1Lv One-handed Swords,Weapon
500068,2LvSword,2Lv One-handed Swords,Weapon
500069,3LvSword,3Lv One-handed Swords,Weapon
500070,4LvSword,4Lv One-handed Swords,Weapon
500071,5LvSword,Level 5 One-Handed Sword,Weapon
500072,Devil_Guardian_Sword,Devil Guardian Sword,Weapon
500073,Comp_Fatalist,[Not For Sale] Fatalist,Weapon
500074,Mocadas_G_Sword,Muqaddas Sasyiir,Weapon
500081,aegis_500081,Open Illusion Immaterial Sword,Weapon
500082,Z_Boost_N_OH_Sword,Boosting Glacier One-Handed Sword,Weapon
500083,Z_Boost_P_OH_Sword,Boosting Ice & Snow One-Handed Sword,Weapon
500092,Dimen_IG_Sword,Dimensions Imperial Sword,Weapon
500093,Dimen_BO_Sword,Dimensions Biological Sword,Weapon
500094,Dimen_HN_Sword,Dimensions Hyper Sword,Weapon
500101,Lapier_Furious,Furious Rapier,Weapon
500102,SharpSword_Furious,Furious Sharp Sword,Weapon
500103,WhiteSword_Furious,Furious White Sword,Weapon
500107,Time_Gap_BO_Blade,Time Gap Biologic Blade,Weapon
500119,Encroached_Sword,Encroached Sword,Weapon
500120,Falx,Falks,Weapon
500134,Sky_Napalm_Sword,Celestial Napalm Sword,Weapon
510001,Boost_Dagger,Booster Dagger,Weapon
510002,Boost_Nindo,Booster Nindo,Weapon
510005,Woe_Knife2_Z,Intermediate Guild Member's Gladius,Weapon
510006,Fatalist,Fatalist,Weapon
510008,Ep172_1h_Dagger,Wrath Rack,Weapon
510009,Ep172_1h_Dagger2,Gula Teeth,Weapon
510017,CA_B_Dagger,Counter Assault Booster Dagger,Weapon
510018,MF_B_Dagger,Magic Fatal Booster Dagger,Weapon
510019,Up_Magic_Sword,Patent Madogum,Weapon
510020,Up_Fatalist,Patent Fatalist,Weapon
510021,Avd_Knife,Reinforced Knife,Weapon
510022,Up_Fog_Dew_Sword,Patent Kiri no Tsuyu,Weapon
510026,Fourth_1h_Dagger,Relapse Dagger,Weapon
510027,Poenitentia_Mucro,Poenitentia Mucro,Weapon
510028,Poenetentia_Dilacero,Poenitentia Dilacero,Weapon
510030,Thanos_Dagger_AD,Thanos Dagger-AD,Weapon
510031,Rotten_Garden_knife,Rotten Garden Knife,Weapon
510032,Adulter_F_Dagger,Adulter Fides Dagger,Weapon
510033,Vivatus_F_Dagger,Vivatus Fides Dagger,Weapon
510034,Ancient_Dagger_IL,Illusion Ancient Dagger,Weapon
510035,1Para_Dagger,Paradise Dagger,Weapon
510036,2Para_Dagger_RG,Paradise Rogue Dagger,Weapon
510037,2Para_Dagger_SL,Paradise Soul Linker Dagger,Weapon
510038,3Para_Dagger_SC,Paradise Shadow Chaser Dagger,Weapon
510039,3Para_Dagger_NV,Paradise Super Novice Dagger,Weapon
510040,Magic_Sword_LT,Madogum-LT,Weapon
510041,Fatalist_LT,Fatalist-LT,Weapon
510042,Rebirth_Athame,Rebirth Athame,Weapon
510043,Kings_Bless_A,Awakened King Sword of Praising Glory,Weapon
510044,Kings_Eager_A,Awakened Karma Sword of Wearing Destruction,Weapon
510048,Melon_Dagger,Melon Dagger,Weapon
510049,C_Garden_Knife,Corrode Garden Knife,Weapon
510050,Solid_Dagger,Solid Dagger,Weapon
510051,Wicked_Dagger,Wicked Dagger,Weapon
510052,Wicked_Edge,Wicked Edge,Weapon
510053,Fourth_1h_Nindo,Fortified Dagger,Weapon
510054,Fourth_1h_Edge,Fortified Edge,Weapon
510055,Fourth_1h_Nindo2,Relapse Edge,Weapon
510056,Poenitentia_Sol,Poenitentia Sol,Weapon
510057,Poenitentia_Jana,Poenitentia Jana,Weapon
510060,Fog_Dew_Sword_LT,Kiri no Tsuyu-LT,Weapon
510061,Glacier_R_Knife,Glacier Rogue Knife,Weapon
510062,Glacier_B_Knife,Glacier Basic Knife,Weapon
510066,Kuroiro_AD,Kuroiro-OSAD,Weapon
510067,Comp_Fog_Dew_Sword,[Not For Sale] Kiri no Tsuyu,Weapon
510068,Comp_Sharp_Wind_Sword,[Not For Sale] Surudoi Kaze,Weapon
510069,SN_B_Dagger,Super Novice Booster Dagger,Weapon
510070,Blessed_Knife,Blessed Knife,Weapon
510071,Up_Blessed_Knife,Patent Blessed Knife,Weapon
510072,Blessed_Knife_LT,Blessed Knife-LT,Weapon
510075,D_Glacier_R_Knife,Dim Glacier Rogue Knife,Weapon
510076,D_Glacier_B_Knife,Dim Glacier Basic Knife,Weapon
510077,F_Ein_1HMAGGER,Flush Jewel Detector Mk47,Weapon
510079,Hs_Am_Dagger,Herosria Alchemic Dagger,Weapon
510080,Hs_Asc_Dagger,Herosria Assassin Dagger I,Weapon
510081,Hs_Asc_Dagger2,Herosria Assassin Dagger II,Weapon
510082,Hs_Asc_Knife,Herosria Assassin Knife I,Weapon
510083,Hs_Asc_Knife2,Herosria Assassin Knife II,Weapon
510084,Hs_Rg_Knife,Herosria Rogue Knife,Weapon
510085,Hs_Rg_Dagger,Herosria Rogue Dagger,Weapon
510086,Hs_Ht_Knife,Herosria Hunter Knife,Weapon
510087,Hs_Nj_Dagger,Herosria Ninja Dagger I,Weapon
510088,Hs_Nj_Dagger2,Herosria Ninja Dagger II,Weapon
510089,Hs_Nj_Knife,Herosria Ninja Knife I,Weapon
510090,Hs_Nj_Knife2,Herosria Ninja Knife II,Weapon
510091,Underworld_Knife,Underworld Knife,Weapon
510092,Holy_Light_Dagger,Holy Light Dagger,Weapon
510096,1LvKnife,1Lv Dagger,Weapon
510097,2LvKnife,2Lv Dagger,Weapon
510098,3LvKnife,3Lv Dagger,Weapon
510099,4LvKnife,4Lv Dagger,Weapon
510100,5LvKnife,Level 5 Dagger,Weapon
510102,Mocadas_C_Sword,Muqaddas Tasyiribatiy,Weapon
510103,Mocadas_Knife,Muqaddas Nazar,Weapon
510104,Mocadas_Degger,Muqaddas Kanjar,Weapon
510105,F_Ein_1HDAGGER,Flush Metal Detector Mk47,Weapon
510106,F_Ein_1HDAGGER2,Flush Metal Detector Mk47-2,Weapon
510118,Skofnung_J,Incurable Evil Sword,Weapon
510120,aegis_510120,Opened Illusion Moonlight Sword,Weapon
510123,Z_Boost_N_Sotaedo,Boosting Glacier Sotaedo,Weapon
510124,Z_Boost_N_Nindo,Boosting Glacier Nindo,Weapon
510125,Z_Boost_N_Dagger,Boosting Glacier Dagger,Weapon
510126,Z_Boost_P_Sotaedo,Boosting Ice & Snow Sotaedo,Weapon
510127,Z_Boost_P_Nindo,Boosting Ice & Snow Nindo,Weapon
510128,Z_Boost_P_Dagger,Boosting Ice & Snow Dagger,Weapon
510139,Dimen_ABC_Knife,Dimensions Abyss Knife,Weapon
510140,Encroached_Dagger,Encroached Dagger,Weapon
510142,Aikuchi_BR,Aikuchi-OS,Weapon
510150,Demonius_Furious,Furious Demonius,Weapon
510151,Demonsword_Furious,Furious Demon Sword,Weapon
510152,RightShape_Furious,Furious Shape,Weapon
510153,LeftShape_Furious,Furious Shadow,Weapon
510165,Time_Gap_SHC_Dagger1,Time Gap Shadow Dagger (A),Weapon
510166,Time_Gap_SHC_Dagger2,Time Gap Shadow Dagger (B),Weapon
510172,Time_Gap_SS_Dagger2,Time Gap Kurojin (B),Weapon
510192,Frontier_ABC_Dagger,Frontier Abyss Dagger,Weapon
510199,Sky_Chasing_Dagger,Chasing Dagger of the Sky,Weapon
520000,Boost_Axe,Booster Axe,Weapon
520001,Woe_One_Hand_Axe2_Z,Intermediate Guild Member's Cleaver,Weapon
520002,Ep172_1h_Axe,Pride Steel,Weapon
520003,Scythe_Of_Ice_Flame,Scythe of Ice Flame,Weapon
520008,Adulter_F_Axe,Adulter Fides Axe,Weapon
520009,Vivatus_F_Axe,Vivatus Fides Axe,Weapon
520010,1Para_Axe,Paradise Axe,Weapon
520011,2Para_Axe_BS,Paradise Blacksmith Axe,Weapon
520012,3Para_Axe_NC,Paradise Mechanic Axe,Weapon
520015,Melon_Axe,Melon Axe,Weapon
520017,Glacier_Axe,Glacier Axe,Weapon
520021,D_Glacier_Axe,Dim Glacier Axe,Weapon
520022,Hs_Bs_Axe,Herosria Axe,Weapon
520024,1LvAxe,1Lv One-handed Axe.,Weapon
520027,2LvAxe,2Lv One-handed Axe.,Weapon
520028,3LvAxe,3Lv One-handed Axe.,Weapon
520029,4LvAxe,4Lv One-handed Axe.,Weapon
520030,5LvAxe,Level 5 Axe,Weapon
520031,Mocadas_Axe,Muqaddas Tabar,Weapon
520033,aegis_520033,Opened Illusion War Axe,Weapon
520034,Z_Boost_N_Axe,Boosting Glacier Axe,Weapon
520035,Z_Boost_P_Axe,Boosting Ice & Snow Axe,Weapon
530000,Boost_Spear,Booster Spear,Weapon
530001,Woe_Onehand_Spear2_Z,Intermediate Guild Member's Pike,Weapon
530002,Ep172_1h_Spear,Gluttony Stick,Weapon
530005,BC_B_Spear,Vanishing Cannon Booster Spear,Weapon
530006,Up_Undine_Spear_K,Patent Aquatic Spear,Weapon
530009,Fourth_1h_Spear,Fortified Spear,Weapon
530010,Poenitentia_Hasta,Poenitentia Hasta,Weapon
530012,Thanos_Spear_AD,Thanos Spear-AD,Weapon
530013,Adulter_F_G_Spear,Adulter Fides Guardian Spear,Weapon
530014,Vivatus_F_G_Spear,Vivatus Fides Guardian Spear,Weapon
530015,Gelerdria_IL,Illusion Gelerdria,Weapon
530017,2Para_Spear_CR,Paradise Crusader Spear,Weapon
530018,3Para_Spear_LG,Paradise Royal Guard Spear,Weapon
530019,Undine_Spear_K_LT,Aquatic Spear-LT,Weapon
530022,Melon_Spear,Melon Spear,Weapon
530023,Solid_Spear,Solid Spear,Weapon
530025,Glacier_Spear,Glacier Spear,Weapon
530028,Rhongomyniad,Shining Silver Spear,Weapon
530031,Boost_Lance_AD,Boost Lance-OSAD,Weapon
530034,D_Glacier_Spear,Dim Glacier Spear,Weapon
530035,F_Ein_1HSPEAR,Flush Blocking Spear,Weapon
530036,Hs_Cr_Spear,Herosria Spear,Weapon
530040,1LvJavelin,1Lv One-handed Spear,Weapon
530041,2LvJavelin,2Lv One-handed Spear,Weapon
530042,3LvJavelin,3Lv One-handed Spear,Weapon
530043,4LvJavelin,4Lv One-handed Spear,Weapon
530044,5LvJavelin,Level 5 One-Handed Spear,Weapon
530045,Holy_Raise_Spear,Holy Light Spear,Weapon
530049,aegis_530049,Opened Illusion Pole Axe,Weapon
530050,Z_Boost_N_Lance,Boosting Glacier Lance,Weapon
530051,Z_Boost_P_Lance,Boosting Ice & Snow Lance,Weapon
530054,Dimen_IG_Spear,Dimensions Imperial Spear,Weapon
530057,OverSpear_Furious,Furious Over Spear,Weapon
530058,Lance_Furious,Furious Lance,Weapon
530060,Time_Gap_Spear_IG,Time Gap Guardian Spear,Weapon
530071,Encroached_Spear,Encroached Spear,Weapon
530072,Frontier_IG_Spear,Frontier Imperial Spear,Weapon
530074,Espetar,Ispetar,Weapon
530076,Sky_Imperial_Spear,Imperial Spear of the Sky,Weapon
540000,Boost_Spl_Book,Booster Spellbook,Weapon
540001,Boost_Text,Booster Book,Weapon
540004,Ep172_1h_Book,Sloth Text,Weapon
540005,Ep172_1h_Book2,Sloth Bible,Weapon
540009,SB_B_Book,Spell Bolt Booster Book,Weapon
540010,Up_OneSkyOneSun,Patent One Sky One Sun,Weapon
540011,Up_Demon_Hunting_Bible,Patent Exorcist's Bible,Weapon
540013,Fourth_1h_Book,Fortified Book,Weapon
540014,Poenitentia_Codex,Poenitentia Codex,Weapon
540015,Poenitentia_Liber,Poenitentia Liber,Weapon
540018,Military_Law_Book,Military Law Book,Weapon
540019,Adulter_F_M_Book,Adulter Fides Magic Book,Weapon
540020,Adulter_F_P_Book,Adulter Fides Poison Book,Weapon
540021,Adulter_F_Bible,Adulter Fides Bible,Weapon
540022,Adulter_F_Moon_B,Adulter Fides Moon Book,Weapon
540023,Adulter_F_Star_B,Adulter Fides Stardust Book,Weapon
540024,Vivatus_F_M_Book,Vivatus Fides Magic Book,Weapon
540025,Vivatus_F_P_Book,Vivatus Fides Poison Book,Weapon
540026,Vivatus_F_Bible,Vivatus Fides Bible,Weapon
540027,2Para_Book1_SA,Paradise Sage Magic Book,Weapon
540028,2Para_Book2_SA,Paradise Sage Spellbook,Weapon
540029,2Para_Book1_SG,Paradise Taekwon Martial Arts Book,Weapon
540030,2Para_Book2_SG,Paradise Taekwon Power Book,Weapon
540031,3Para_Book1_SO,Paradise Sorcerer Magic Book,Weapon
540032,3Para_Book2_SO,Paradise Sorcerer Spell Book,Weapon
540033,3Para_Book1_SJ,Paradise Star Emperor Book of the Sun,Weapon
540034,3Para_Book2_SJ,Paradise Star Emperor Book of the Moon,Weapon
540035,Demon_Hunting_Bible_LT,Exorcist's Bible-LT,Weapon
540038,Melon_Book,Melon Book,Weapon
540039,ML_B_Book,Moon Starlight Booster Book,Weapon
540040,SS_B_Book,Sunshine Booster Book,Weapon
540041,Solid_Manual,Solid Manual,Weapon
540042,Wicked_Book,Wicked Book,Weapon
540043,Fourth_1h_Manual,Relapse Book,Weapon
540044,Poenitentia_Radius,Poenitentia Radius,Weapon
540045,Vivatus_F_Star_B,Vivatus Fides Stardust Book,Weapon
540046,Vivatus_F_Moon_B,Vivatus Fides Moon Book,Weapon
540048,OneSkyOneSun_LT,One Sky One Sun-LT,Weapon
540049,Glacier_Book,Glacier Book,Weapon
540051,Circuit_Board_AD,Circuit Board-OSAD,Weapon
540053,Sealed_Bible,Sealed Bible,Weapon
540054,Darkness_Tablet,Darkness Tablet,Weapon
540055,Orign_Of_Life,Origin of Life,Weapon
540056,D_Glacier_Book,Dim Glacier Book,Weapon
540057,Book_of_Thoth,Book of Thoth,Weapon
540058,F_Ein_1HBOOK,Flush Safety Manual,Weapon
540059,Doom_Bible,Doom Bible,Weapon
540060,Blessed_Bible,Blessed Bible,Weapon
540061,Hs_Sa_Elemental_Book,Herosria Elemental Book,Weapon
540062,Hs_Sa_Book,Herosria Sorceric Book,Weapon
540063,Hs_Pr_Bible,Herosria Demonic Book,Weapon
540064,Hs_Sg_Star_Book,Herosria Star Book,Weapon
540065,Hs_Sg_Gladiator_Book,Herosria Gladiator Book,Weapon
540066,Hs_Sg_Book,Herosria Martial Arts Book,Weapon
540068,1LvBook,1Lv Book,Weapon
540069,2LvBook,2Lv Book,Weapon
540071,3LvBook,3Lv Book,Weapon
540072,4LvBook,4Lv Book,Weapon
540073,5LvBook,Level 5 Book,Weapon
540074,Mocadas_Spellbooks,Muqaddas Kitab,Weapon
540075,Mocadas_Book,Muqaddas Kajuza,Weapon
540077,Z_Boost_N_Book,Boosting Glacier Book,Weapon
540078,Z_Boost_P_Book,Boosting Ice & Snow Book,Weapon
540079,Dimen_EM_M_Book,Dimensions Elemental Magic Book,Weapon
540080,Dimen_EM_S_Book,Dimensions Elemental Spell Book,Weapon
540081,Dimen_CD_Bible,Dimensions Saint Bible,Weapon
540082,Dimen_SKE_M_Book,Dimensions Emperor Moon Book,Weapon
540083,Dimen_SKE_S_Book,Dimensions Emperor Sun Book,Weapon
540086,SaintBook_Furious,Furious Saint Book,Weapon
540087,SunBook_Furious,Furious Sun Book,Weapon
540088,MoonBook_Furious,Furious Moon Word,Weapon
540090,MasterSpellBook_Furious,Furious Master Spellbook,Weapon
540091,Grimoire_Furious,Furious Grimoire,Weapon
540094,Time_Gap_SKE_Book,Time Gap Emperor Revolution Book,Weapon
540096,Time_Gap_EM_S_Book,Time Gap Elemental Spell Book,Weapon
540109,Encroached_Book,Encroached Book,Weapon
540110,Frontier_EM_Book,Frontier Elemental Book,Weapon
540111,Frontier_SKE_Book,Frontier Emperor Battle Book,Weapon
540114,Elemental_Spirits,Elemental Spirits,Weapon
540115,Book_Of_Crimson_M,Book of the Red Moon,Weapon
540119,Judgment_Day,Judgment Day,Weapon
540122,Sky_Moon_Book,Celestial Moonsong Book,Weapon
550001,Boost_Soul_Rod,Booster Rod,Weapon
550002,Boost_Foxtail,Booster Foxtail,Weapon
550004,Woe_Healstaff2_Z,Intermediate Guild Member's Healing Staff,Weapon
550005,Woe_Wand2_Z,Intermediate Guild Member's Arc Wand,Weapon
550006,Ein_1H_Foxtail,Safety Foxtail,Weapon
550007,Freezing_Rod,Chilling Cane,Weapon
550008,Ep172_1h_Wand,Greed Wand,Weapon
550009,Ep172_1h_Foxtail,Addiction Wand,Weapon
550010,ES_B_Stick,Elemental Spell Booster Stick,Weapon
550011,AN_B_Wand,Adonus Booster Wand,Weapon
550012,Up_Shadow_Staff_K,Patent Shadow Staff,Weapon
550013,Up_Freezing_Rod,Patent Chilling Cane,Weapon
550014,Up_MeawFoxtail,Patent Meowmeow Foxtail,Weapon
550015,Up_SoulWeight,Patent Spirit Pendulum,Weapon
550017,WhiteknightFox,White Knight's Foxtail,Weapon
550018,Phoenix_Foxtail,Phoenix Foxtail,Weapon
550019,Poenitentia_Scipio,Poenitentia Scipio,Weapon
550020,Poenitentia_Crystallum,Poenitentia Crystallum,Weapon
550021,Deus_Ex_Machina_JP,Deus Ex Machina,Weapon
550022,Local04_Wand,Commander,Weapon
550023,Thanos_Staff_AD,Thanos Staff-AD,Weapon
550024,Adulter_F_Wand,Adulter Fides Wand,Weapon
550025,Adulter_F_S_Stick,Adulter Fides Soul Stick,Weapon
550026,Adulter_F_D_Wand,Adulter Fides Dark Wand,Weapon
550027,Adulter_F_F_Wand,Adulter Fides Foxtail Wand,Weapon
550028,Adulter_F_F_model,Adulter Fides Foxtail Model,Weapon
550029,Vivatus_F_Wand,Vivatus Fides Wand,Weapon
550030,Thorn_Staff_IL,Illusion Thorn Staff of Darkness,Weapon
550031,Dea_Staff_IL,Illusion Dea Staff,Weapon
550032,1Para_Rod,Paradise Staff,Weapon
550033,1Para_Foxtail,Paradise Foxtail,Weapon
550034,2Para_Staff_WZ,Paradise Wizard Staff,Weapon
550035,2Para_Wand_WZ,Paradise Wizard Wand,Weapon
550036,2Para_Rod_PR,Paradise Priest Staff,Weapon
550037,2Para_Rod_SL,Paradise Soul Linker Staff,Weapon
550038,2Para_Foxtail1_SU,Paradise Doram Foxtail,Weapon
550039,2Para_Foxtail2_SU,Paradise Doram Foxtail Model,Weapon
550040,2Para_Rod_NV,Paradise Super Novice Staff,Weapon
550041,3Para_Rod_AB,Paradise Arch Bishop Staff,Weapon
550042,3Para_Foxtail1_SU,Paradise Summoner Foxtail,Weapon
550043,3Para_Foxtail2_SU,Paradise Summoner Foxtail Model,Weapon
550044,3Para_Wand_NV,Paradise Super Novice Wand,Weapon
550045,Shadow_Staff_K_LT,Shadow Staff-LT,Weapon
550046,Freezing_Rod_LT,Chilling Cane-LT,Weapon
550048,Melon_Wand,Melon Wand,Weapon
550049,Melon_Foxtail,Melon Foxtail,Weapon
550050,SP_B_Fox,Lunatic Picky Booster Foxtail,Weapon
550051,GB_B_Fox,Catnip Booster Foxtail Model,Weapon
550052,ES_B_Staff,Es Booster Staff,Weapon
550053,EC_B_Staff,Evil Curse Booster Staff,Weapon
550054,Solid_Wand,Solid Wand,Weapon
550055,Solid_Rod,Solid Rod,Weapon
550056,Wicked_Plant,Wicked Plant,Weapon
550057,Fourth_1h_Rod,Fortified Rod,Weapon
550058,Fourth_1h_Plant,Relapse Plant,Weapon
550059,Fourth_1h_Wand,Fortified Wand,Weapon
550060,Poenitentia_Ramus,Poenitentia Planta,Weapon
550061,Poenitentia_Planta,Poenitentia Ramus,Weapon
550062,Poenitentia_Ferrum,Poenitentia Ferrum,Weapon
550063,Vivatus_F_D_Wand,Vivatus Fides Dark Wand,Weapon
550064,Vivatus_F_S_Stick,Vivatus Fides Soul Stick,Weapon
550065,Vivatus_F_F_Wand,Vivatus Fides Foxtail Wand,Weapon
550066,Vivatus_F_F_model,Vivatus Fides Foxtail Model,Weapon
550067,MeawFoxtail_LT,Meow Meow Foxtail-LT,Weapon
550068,SoulWeight_LT,Spirit Pendulum-LT,Weapon
550069,Glacier_Wand,Glacier Wand,Weapon
550070,Glacier_Foxtail,Glacier Foxtail Staff,Weapon
550075,Rutilus_Stick_AD,Rutilus Stick-OSAD,Weapon
550076,ElectricFox_AD,Electric Fox-OSAD,Weapon
550077,Comp_MeawFoxtail,[Not For Sale] Meowmeow Foxtail,Weapon
550079,SN_B_Wand,Super Novice Booster Wand,Weapon
550080,Freedom_Stick,Freedom Stick,Weapon
550081,Up_Freedom_Stick,Patent Freedom Stick,Weapon
550082,Freedom_Stick_LT,Freedom Stick-LT,Weapon
550088,Saint_Bringer,Saint Bringer,Weapon
550089,D_Glacier_Wand,Dim Glacier Wand,Weapon
550090,D_Glacier_Foxtail,Dim Glacier Foxtail,Weapon
550091,F_Ein_1H_Foxtail,Flush Safety Foxtail,Weapon
550092,F_Ein_1HWAND,Flush Welding Wand,Weapon
550093,Soul_Harvest,Soul Harvest,Weapon
550094,Soul_Liberator,Soul Liberator,Weapon
550095,Ancient_Royal_Scepter,Ancient Royal Scepter,Weapon
550096,Hs_Wz_Wand,Herosria Wizardry Wand,Weapon
550097,Hs_Sa_Wand,Herosria Spell Wand,Weapon
550098,Hs_Pr_Holy_Wand,Herosria Holy Wand,Weapon
550099,Hs_Pr_Wand,Herosria Arc Wand,Weapon
550100,Hs_Sl_Stick,Herosria Soul Stick,Weapon
550101,Hs_Sl_Wand,Herosria Link Wand,Weapon
550102,Hs_Sl_Soul_Wand,Herosria Soul Wand,Weapon
550103,Hs_Su_Min_Puppy_Pool,Herosria Summoner Foxtail,Weapon
550104,Hs_Su_Puppy_Pool,Herosria Foxtail,Weapon
550105,Hs_Su_Puppy_Pool_Model,Herosria Foxtail Model,Weapon
550106,Hs_Nv_Rod,Herosria Basic Rod,Weapon
550107,Hs_Nv_Wand,Herosria Basic Wand,Weapon
550108,1LvRod,1Lv One-handed Staff,Weapon
550110,2LvRod,2Lv One-handed Staff,Weapon
550111,3LvRod,3Lv One-handed Staff,Weapon
550112,4LvRod,4Lv One-handed Staff,Weapon
550113,5LvRod,Level 5 Staff,Weapon
550115,Darkness_Foxtail_Model,Darkness Foxtail Model,Weapon
550116,Lightforce_Foxtail_Wand,Lightforce Foxtail Wand,Weapon
550117,Mocadas_Rod,Muqaddas Baru,Weapon
550118,Mocadas_Foxtail,Muqaddas Sharman,Weapon
550119,Mocadas_Wand,Muqaddas Kharawasu,Weapon
550122,Z_Boost_N_Staff,Boosting Glacier Staff,Weapon
550123,Z_Boost_P_Staff,Boosting Ice & Snow Staff,Weapon
550130,Dimen_CD_Rod,Dimensions Saint Rod,Weapon
550131,Dimen_SOA_Stick,Dimensions Soul Stick,Weapon
550132,Dimen_SOA_Rod,Dimensions Soul Rod,Weapon
550133,Dimen_HN_Rod,Dimensions Hyper Rod,Weapon
550134,Dimen_SH_Foxtail,Dimensions Spirit Foxtail,Weapon
550135,Dimen_SH_F_Model,Dimensions Spirit Foxtail Model,Weapon
550137,Encroached_Staff,Encroached Staff,Weapon
550141,SaintWand_Furious,Furious Saint Wand,Weapon
550142,Orcish_Wand_BR,Orc Scepter,Weapon
550143,Foxtail_Furious,Furious Foxtail,Weapon
550144,Setaria_Furious,Furious Foxtail Model,Weapon
550145,Soul_Furious,Furious Soul,Weapon
550146,SpiritStick_Furious,Furious Spirit Stick,Weapon
550148,Stick_Furious,Furious Stick,Weapon
550149,Areias_Staff_BR,Staff of the Sands,Weapon
550150,Specter_Furious,Furious Specter,Weapon
550152,Time_Gap_HN_Staff,Time Gap Hyper Staff,Weapon
550155,Time_Gap_SOA_Rod,Time Gap Soul Rod,Weapon
550156,Time_Gap_CD_Staff,Time Gap Saint Staff,Weapon
550159,Time_Gap_SH_Foxtail,Time Gap Spirit Foxtail,Weapon
550174,Encroached_Foxtail,Encroached Foxtail,Weapon
550176,Frontier_CD_Rod,Frontier Saint Lord,Weapon
550177,Frontier_HN_Rod,Frontier Hyper Lord,Weapon
550178,Frontier_SH_Foxtail,Frontier Spirit Foxtail,Weapon
550187,Sky_Chulho_Foxtail,Foxtail of the Sky,Weapon
550190,Sky_Arbi_Rod,Celestial Arby Rod,Weapon
560000,Boost_Knuckle,Booster Knuckles,Weapon
560002,Ray_Knuckle,Ray Knuckle,Weapon
560003,Woe_Pist2_Z,Intermediate Guild Member's Fist,Weapon
560004,Ep172_Bh_Knuck,Ira Fist,Weapon
560006,PS_B_Knuckle,Rampage Arrow Booster Knuckle,Weapon
560007,CP_B_Knuckle,Sky Cannon Booster Knuckle,Weapon
560008,Up_Iron_Nail_K,Patent Iron Nail,Weapon
560009,Up_Ray_Knuckle,Patent Ray Knuckle,Weapon
560011,Fourth_1h_Knuckle,Scrap Fist,Weapon
560012,Poenitentia_Caestus,Poenitentia Caestus,Weapon
560013,Poenitentia_Ungula,Poenitentia Ungula,Weapon
560017,Thanos_Knuckle_AD,Thanos Knuckle-AD,Weapon
560018,Adulter_F_Knuckle,Adulter Fides Knuckle,Weapon
560019,Adulter_F_Claw,Adulter Fides Claw,Weapon
560020,Vivatus_F_Knuckle,Vivatus Fides Knuckle,Weapon
560021,Vivatus_F_Claw,Vivatus Fides Claw,Weapon
560022,2Para_Knuckle_MO,Paradise Monk Knuckles,Weapon
560023,2Para_Claw_MO,Paradise Monk Claws,Weapon
560024,3Para_Knuckle_SR,Paradise Sura Knuckle,Weapon
560025,3Para_Claw_SR,Paradise Sura Claw,Weapon
560026,Iron_Nail_K_LT,Iron Nail-LT,Weapon
560027,Ray_Knuckle_LT,Ray Knuckle-LT,Weapon
560029,Melon_Claw,Melon Claw,Weapon
560030,Precision_Fist,Precision Fist,Weapon
560032,Glacier_Knuckle,Glacier Knuckle,Weapon
560034,Burning_Knuckle_AD,Burning Knuckle-OSAD,Weapon
560036,Demonic_Claw,Demonic Claw,Weapon
560037,D_Glacier_Knuckle,Dim Glacier Knuckle,Weapon
560038,F_Ein_1HKNUCK,Flush Safety Knuckle,Weapon
560039,Hs_Mo_Knuckle,Herosria Knuckle,Weapon
560040,Hs_Mo_Claw,Herosria Claw,Weapon
560043,1LvWaghnakh,1Lv Knuckle,Weapon
560044,2LvWaghnakh,2Lv Knuckle,Weapon
560045,3LvWaghnakh,3Lv Knuckle,Weapon
560046,4LvWaghnakh,4Lv Knuckle,Weapon
560047,5LvWaghnakh,Level 5 Knuckle,Weapon
560048,Mocadas_Knuckle,Muqaddas Mashts,Weapon
560050,aegis_560050,Opened Illusion Combo Battle Glove,Weapon
560051,Z_Boost_N_Claw,Boosting Glacier Knuckle,Weapon
560052,Z_Boost_P_Claw,Boosting Ice & Snow Knuckle,Weapon
560060,Dimen_IQ_Knuckle,Dimensions Judgment Knuckle,Weapon
560061,Dimen_IQ_Claw,Dimensions Judgment Claw,Weapon
560063,Bagua_Knuckle_BR,Oriental Knuckle,Weapon
560067,GaleClaw_Furious,Furious Gale Claw,Weapon
560068,Exterminate_Furious,Furious Extermination,Weapon
560072,Time_Gap_IQ_Knuckle,Time Gap Judgment Knuckle,Weapon
560080,Encroached_Knuckle,Encroached Knuckles,Weapon
560081,Frontier_IQ_Claw,Frontier Judgment Claw,Weapon
560086,Sky_Destroy_Knuckle,Celestial Annihilation,Weapon
570000,Boost_Guitar,Booster Guitar,Weapon
570002,Trumpet_Shell_K,Trumpet Shell,Weapon
570003,Woe_Instrument2_Z,Intermediate Guild Member's Guitar,Weapon
570004,Gemini_Violin_J,Gemini Violin,Weapon
570005,Ep172_1h_Inst,Pigritia Wave,Weapon
570008,Electronic_Guitar_IL,Illusion Electric Guitar,Weapon
570009,Up_Trumpet_Shell_K,Patent Trumpet Shell,Weapon
570010,MV_B_Violin,Metallic Vibration Booster Violin,Weapon
570012,Fourth_Bh_Lute,Scrap Lute,Weapon
570013,Poenitentia_Chorda,Poenitentia Chorda,Weapon
570016,Thanos_Violin_AD,Thanos Violin-AD,Weapon
570017,Adulter_F_Violin,Adulter Fides Violin,Weapon
570018,Adulter_F_Harp,Adulter Fides Harp,Weapon
570019,Vivatus_F_Violin,Vivatus Fides Violin,Weapon
570020,Vivatus_F_Harp,Vivatus Fides Harp,Weapon
570021,2Para_Violin_BA,Paradise Bard Violin,Weapon
570022,3Para_Violin_MI,Paradise Minstrel Violin,Weapon
570023,3Para_Harp_MI,Paradise Minstrel Harp,Weapon
570024,RS_B_Violin,Rainstorm Booster Violin,Weapon
570026,Melon_Viollin,Melon Viollin,Weapon
570027,Trumpet_Shell_K_LT,Trumpet Shell-LT,Weapon
570028,Precision_Lute,Precision Lute,Weapon
570029,Glacier_Violin,Glacier Violin,Weapon
570032,D_Glacier_Violin,Dim Glacier Violin,Weapon
570033,F_Ein_1HLUTE,Flush Safety Lute,Weapon
570034,Hs_Ba_Violin,Herosria Violin,Weapon
570035,Hs_Ba_Guitar,Herosria Guitar,Weapon
570036,Crime_Violine,Crime Violin,Weapon
570037,Light_Power_Harp,Light Power Harp,Weapon
570040,1LvViolin,1Lv Instrument,Weapon
570041,2LvViolin,2Lv Instrument,Weapon
570042,3LvViolin,3Lv Instrument,Weapon
570043,4LvViolin,4Lv Instrument,Weapon
570044,5LvViolin,Level 5 Instrument,Weapon
570045,Mocadas_Instrument,Muqaddas Saz,Weapon
570052,Z_Boost_N_instrument,Boosting Glacier Instrument,Weapon
570053,Z_Boost_P_instrumen,Boosting Ice & Snow Instrument,Weapon
570062,Dimen_TR_Vilolin,Dimensions Musical Violin,Weapon
570063,Dimen_TR_Harp,Dimensions Musical Harp,Weapon
570070,Erhu_BR,Erhu,Weapon
570072,MetalVilolin_Furious,Furious Metal Violin,Weapon
570073,Harp_Furious,Furious Harp,Weapon
570075,Time_Gap_TR_Vilolin,Time Gap Musical Violin,Weapon
570086,Encroached_Instrument,Encroached Instrument,Weapon
570087,Frontier_TR_Vilolin,Frontier Musical Violin,Weapon
570090,Geige,Gaig,Weapon
580000,Boost_Whip,Booster Whip,Weapon
580002,Barb_Wire_K,Barbed Wire Whip,Weapon
580003,Woe_Whip2_Z,Intermediate Guild Member's Lariat,Weapon
580004,Gemini_Rope_J,Gemini Rope,Weapon
580005,Ep172_1h_Whip,Pigritia Spark,Weapon
580008,Electric_Eel_IL,Illusion Electric Eel,Weapon
580009,Up_Barb_Wire_K,Patent Barbed Wire Whip,Weapon
580010,MV_B_Whip,Metallic Vibration Booster Whip,Weapon
580012,Fourth_1h_Whip,Scrap Whip,Weapon
580013,Poenitentia_Flagellum,Poenitentia Flagellum,Weapon
580016,Thanos_Whip_AD,Thanatos Whip-AD,Weapon
580017,Adulter_F_C_Rope,Adulter Fides Chain Rope,Weapon
580018,Adulter_F_Ribbon,Adulter Fides Ribbon,Weapon
580019,Vivatus_F_C_Rope,Vivatus Fides Chain Rope,Weapon
580020,Vivatus_F_Ribbon,Vivatus Fides Ribbon,Weapon
580021,2Para_Rope_DC,Paradise Dancer Rope,Weapon
580022,3Para_Whip_WA,Paradise Wanderer Whip,Weapon
580023,3Para_Rope_WA,Paradise Wanderer Rope,Weapon
580024,RS_B_Whip,Rainstorm Booster Whip,Weapon
580026,Melon_Whip,Melon Whip,Weapon
580027,Barb_Wire_K_LT,Barbed Wire Whip-LT,Weapon
580028,Precision_Whip,Precision Whip,Weapon
580030,Glacier_Whip,Glacier Whip,Weapon
580033,D_Glacier_Whip,Dim Glacier Whip,Weapon
580034,F_Ein_1HWHIP,Flush Safety Whip,Weapon
580035,Hs_Dc_Rope,Herosria Rope,Weapon
580036,Hs_Dc_Whip,Herosria Whip,Weapon
580037,Crime_Whip,Crime Whip,Weapon
580038,Light_Power_Spark,Light Power Spark,Weapon
580041,1LvRope,1Lv Whip,Weapon
580042,2LvRope,2Lv Whip,Weapon
580043,3LvRope,3Lv Whip,Weapon
580044,4LvRope,4Lv Whip,Weapon
580045,5LvRope,Level 5 Whip,Weapon
580046,Mocadas_Whip,Muqaddas Syaraq,Weapon
580053,Z_Boost_N_Whip,Boosting Glacier Whip,Weapon
580054,Z_Boost_P_Whip,Boosting Ice & Snow Whip,Weapon
580061,Dimen_TR_Ribbon,Dimensions Musical Ribbon,Weapon
580062,Dimen_TR_Rope,Dimensions Musical Rope,Weapon
580070,Moonlight_Bell_BR,Rattle,Weapon
580072,MetalWhip_Furious,Furious Metal Whip,Weapon
580073,Whip_Furious,Furious Whip,Weapon
580075,Time_Gap_TR_Ribbon,Time Gap Musical Ribbon,Weapon
580086,Encroached_Whip,Encroached Whip,Weapon
580087,Frontier_TR_Rope,Frontier Musical Rope,Weapon
580090,Needle_Whip,Needle Whip,Weapon
590000,Boost_Hall,Booster Mace,Weapon
590002,Meteor_Striker,Meteor Striker,Weapon
590003,Saint_Hall,Saint Mace,Weapon
590004,Woe_Club_2_Z,Intermediate Guild Member's Morning Star,Weapon
590006,Ep172_1h_Hammer,Envy Blunt,Weapon
590008,AK_B_Mace,Arm Knuckle Booster Mace,Weapon
590009,AC_B_Club,Acid Cannon Booster Club,Weapon
590010,DD_B_Mace,Dupledex Booster Mace,Weapon
590011,Up_Meteor_Striker,Patent Meteor Striker,Weapon
590012,Up_Saint_Hall,Patent Saint Mace,Weapon
590014,Meer_Sceptre,Sceptre of Exiled Kingdom,Weapon
590015,Fourth_1h_Mace,Relapse Cross,Weapon
590016,Poenitentia_Clava,Poenitentia Clava,Weapon
590017,Poenitentia_Pendulus,Poenitentia Pendulus,Weapon
590020,Thanos_Hammer_AD,Thanos Hammer-AD,Weapon
590021,Adulter_F_Mace,Adulter Fides Mace,Weapon
590022,Adulter_F_Hall,Adulter Fides Hall,Weapon
590023,Vivatus_F_Mace,Vivatus Fides Mace,Weapon
590024,Vivatus_F_Hall,Vivatus Fides Scepter,Weapon
590025,1Para_Mace,Paradise Mace,Weapon
590026,2Para_Mace_AM,Paradise Alchemist Mace,Weapon
590027,2Para_Mace_PR,Paradise Priest Mace,Weapon
590028,3Para_Mace_GN,Paradise Genetic Mace,Weapon
590029,3Para_Mace_AB,Paradise Arch Bishop Mace,Weapon
590030,Saint_Hall_LT,Saint Mace-LT,Weapon
590033,Melon_Mace,Melon Mace,Weapon
590034,Meteor_Striker_LT,Meteor Striker-LT,Weapon
590036,Wicked_Cross,Wicked Cross,Weapon
590038,Glacier_Mace,Glacier Mace,Weapon
590039,Glacier_M_Mace,Glacier Mechanic Mace,Weapon
590043,Saphir_Hall_AD,Saphir Mace-OSAD,Weapon
590044,Ultio_Spes_AD,Ultio-OSAD,Weapon
590045,Punish_Hall,Punish Scepter,Weapon
590046,Evt_20th_Hall,Hall of Fame,Weapon
590047,D_Glacier_Mace,Dim Glacier Mace,Weapon
590048,D_Glacier_M_Mace,Dim Glacier Mechanic Mace,Weapon
590049,F_Ein_1HHAMMER,Flush Rubber Hammer,Weapon
590050,Hs_Bs_Mace,Herosria Smith Mace,Weapon
590051,Hs_Am_Mace,Herosria Alchemic Mace,Weapon
590052,Hs_Mo_Mace,Herosria Monk Mace,Weapon
590056,1LvClub,1Lv One-handed Macee,Weapon
590057,2LvClub,2Lv One-handed Macee,Weapon
590058,3LvClub,3Lv One-handed Macee,Weapon
590059,4LvClub,4Lv One-handed Macee,Weapon
590060,5LvClub,Blunt weapon level 5,Weapon
590062,Mocadas_Judgement,Muqaddas Daablunta,Weapon
590063,Mocadas_Hall,Muqaddas Ayyasy,Weapon
590066,aegis_590066,Opened Illusion Iron Driver,Weapon
590067,Z_Boost_N_Mace,Boosting Glacier Mace,Weapon
590068,Z_Boost_P_Mace,Boosting Ice & Snow Mace,Weapon
590079,Dimen_MT_Mace,Dimensions Mechanical Mace,Weapon
590080,Dimen_BO_Hall,Dimensions Biological Scepter,Weapon
590081,Encroached_Mace,Encroached Mace,Weapon
590084,Orcish_Mace_BR,Orc Mace,Weapon
590087,Hammer_Furious,Furious Hammer,Weapon
590107,Frontier_BO_Hall,Frontier Biological Scepter,Weapon
590111,Submarine_Anchor,Submarine Anchor,Weapon
590112,Jack_O_Rush,Jack O' Rush,Weapon
600000,IDTest_bothhand,IDTest bothhand,Weapon
600001,Boost_TH_Sword,Booster Two-handed Sword,Weapon
600004,Dragonic_Slayer,Dragonic Slayer,Weapon
600005,Woe_Twohand_Sword2_Z,Intermediate Guild Member's Craymore,Weapon
600008,Ep172_Bh_Sword,Hypocrisy Edge,Weapon
600009,Up_Oriental_Sword,Patent Oriental Sword,Weapon
600011,Death_Guidance_IL,Illusion Death Guidance,Weapon
600012,IW_B_T_Sword,Ignition Wave Booster Two-handed Sword,Weapon
600013,Fourth_Bh_Sword,Fortified Claymore,Weapon
600014,Poenitentia_Ensis,Poenitentia Ensis,Weapon
600016,Thanos_TSword_AD,Thanatos Great Sword-AD,Weapon
600017,Adulter_F_T_Sword,Adulter Fides Two-Handed Sword,Weapon
600018,Vivatus_F_T_Sword,Vivatus Fides Two-handed Sword,Weapon
600020,2Para_T_Sword_KN,Paradise Knight Two-Handed Sword,Weapon
600021,3Para_T_Sword_RK,Paradise Rune Knight Two-Handed Sword,Weapon
600022,Melon_Claymore,Melon Claymore,Weapon
600023,Oriental_Sword_LT,Oriental Sword-LT,Weapon
600024,Dragonic_Slayer_LT,Dragonic Slayer-LT,Weapon
600025,FullForce_,Awakened Full Force,Weapon
600027,Glacier_T_Sword,Glacier Two-Handed Sword,Weapon
600028,Beam_Claymore_AD,Beam Claymore-OSAD,Weapon
600030,D_Glacier_T_Sword,Dim Glacier Two-handed Sword,Weapon
600031,F_Ein_BHSWORD,Flush Claw Sword,Weapon
600032,Hs_Kn_Zweihander,Herosria Zweihander,Weapon
600035,1LvKanata,1Lv Two-handed Swords,Weapon
600036,2LvKanata,2Lv Two-handed Swords,Weapon
600037,3LvKanata,3Lv Two-handed Swords,Weapon
600038,4LvKanata,4Lv Two-handed Swords,Weapon
600039,5LvKanata,Level 5 Two-Handed Sword,Weapon
600041,Execution_Great_Sword,Execution Great Sword,Weapon
600045,Z_Boost_N_Sword,Boosting Glacier Sword,Weapon
600046,Z_Boost_P_Sword,Boosting Ice & Snow Sword,Weapon
600054,Dimen_DK_T_Sword,Dimensions Dragon Sword,Weapon
600056,Encroached_T_Sword,Encroached Two-Handed Sword,Weapon
600059,Slayer_Furious,Furious Slayer,Weapon
600071,Frontier_DK_T_Sword,Frontier Dragon Sword,Weapon
610000,Boost_Katar,Booster Katar,Weapon
610003,Blade_Katar,Blade Katar,Weapon
610004,Woe_Katar2_Z,Intermediate Guild Member's Jamadhar,Weapon
610006,Ep172_Bh_Katar,Avaritia Metal,Weapon
610008,Up_Shiver_Katar_K,Patent Shiver Katar,Weapon
610009,Up_Blade_Katar,Patent Blade Katar,Weapon
610012,KatarOfCold_Icicle_IL,Illusion Katar of Frozen Icicle,Weapon
610013,RC_B_Katar,Rolling Cross Booster Katar,Weapon
610015,Fourth_Bh_Katar,Relapse Katar,Weapon
610016,Poenitentia_Manus,Poenitentia Manus,Weapon
610019,Thanos_Katar_AD,Thanatos Katar-AD,Weapon
610020,Adulter_F_Cakram,Adulter Fides Chakram,Weapon
610021,Adulter_F_Katar,Adulter Fides Katar,Weapon
610022,Vivatus_F_Cakram,Vivatus Fides Chakram,Weapon
610023,Vivatus_F_Katar,Vivatus Fides Katar,Weapon
610024,2Para_Katar1_AS,Paradise Assassin Chakram,Weapon
610025,2Para_Katar2_AS,Paradise Assassin Katar,Weapon
610026,3Para_Katar1_GC,Paradise Guillotine Cross Chakram,Weapon
610027,3Para_Katar2_GC,Paradise Guillotine Cross Katar,Weapon
610028,CA_B_Katar,Counter Assault Booster Katar,Weapon
610029,Kings_Double_Edge_A,Awakened Old King's Double Edge,Weapon
610032,Melon_Katar,Melon Katar,Weapon
610033,Shiver_Katar_K_LT,Shiver Katar-LT,Weapon
610034,Blade_Katar_LT,Blade Katar-LT,Weapon
610035,Wicked_Katar,Wicked Katar,Weapon
610037,Glacier_Katar,Glacier Katar,Weapon
610039,Meuchler_AD,Meuchler-OSAD,Weapon
610041,D_Glacier_Katar,Dim Glacier Katar,Weapon
610042,F_Ein_BHKATAR,Flush Bolt Crusher,Weapon
610043,Hs_Asc_Katar,Herosria Katar,Weapon
610044,The_Reaper,The Ripper,Weapon
610045,Shining_Light_Katar,Shining Light Katar,Weapon
610047,1LvJur,1Lv Katar,Weapon
610049,2LvJur,2Lv Katar,Weapon
610050,3LvJur,3Lv Katar,Weapon
610051,4LvJur,4Lv Katar,Weapon
610052,5LvJur,Level 5 Katar,Weapon
610054,Mocadas_Katar,Muqaddas Dayats,Weapon
610055,aegis_610055,Open Illusion Infiltrator,Weapon
610057,Z_Boost_N_Katar,Boosting Glacier Katar,Weapon
610058,Z_Boost_P_Katar,Boosting Ice & Snow Katar,Weapon
610064,Dimen_SHC_Katar,Dimensions Shadow Katar,Weapon
610065,Dimen_SHC_Cakram,Dimensions Shadow Chakram,Weapon
610070,Monsterworm_Teeth_BR,Fangs of the Worm Queen,Weapon
610071,Impact_Furious,Furious Impact,Weapon
610072,Humma_Furious,Furious Huuma Shuriken,Weapon
610084,Encroached_Katar,Encroached Katar,Weapon
610085,Frontier_SHC_Katar,Frontier Shadow Katar,Weapon
610089,Vida_Nocturno,Vida Noctorno,Weapon
620001,Woe_Twohand_Axe2_Z,Intermediate Guild Member's Two-Handed Axe,Weapon
620003,PT_B_Axe,Power Swing Booster Axe,Weapon
620004,Up_Avenger,Patent Avenger,Weapon
620005,Fourth_Bh_Axe,Relapse Axe,Weapon
620006,Poenitentia_Ascia,Poenitentia Ascia,Weapon
620009,Thanos_Axe_AD,Thanatos Axe-AD,Weapon
620010,Doom_Slayer_IL,Illusion Doom Slayer,Weapon
620011,2Para_T_Axe_BS,Paradise Blacksmith Two-Handed Axe,Weapon
620012,3Para_T_Axe_NC,Paradise Mechanic Two-Handed Axe,Weapon
620014,Melon_T_Axe,Melon Two-Handed Axe,Weapon
620015,Avenger_LT,Avenger-LT,Weapon
620016,Wicked_Axe,Wicked Axe,Weapon
620017,Glacier_T_Axe,Glacier Two-Handed Axe,Weapon
620018,Blasti_AD,Blasti-OSAD,Weapon
620019,D_Glacier_T_Axe,Dim Glacier Mechanic Axe,Weapon
620020,F_Ein_BHAXE,Flush Saw Axe,Weapon
620021,Hs_Bs_Giant_Axe,Herosria Giant Axe,Weapon
620022,Divine_Buster,Divine Buster,Weapon
620023,1LvBattle_Axe,1Lv Two-handed Axe,Weapon
620024,2LvBattle_Axe,2Lv Two-handed Axe,Weapon
620025,3LvBattle_Axe,3Lv Two-handed Axe,Weapon
620026,4LvBattle_Axe,4Lv Two-handed Axe,Weapon
620037,Dimen_MT_Axe,Dimensions Machanical Axe,Weapon
620038,Encroached_T_Axe,Encroached Two-Handed Axe,Weapon
620040,GiganticAxe_Furious,Furious Gigantic Axe,Weapon
620043,Time_Gap_MT_Axe,Time Gap Machanical Axe,Weapon
620058,Frontier_MT_T_Axe,Frontier Mechanical Axe,Weapon
630001,Woe_T_Lance2_Z,Intermediate Guild Member's Lance,Weapon
630003,Ep172_Bh_Spear,Luxuria Pierce,Weapon
630006,Brionac_IL,Illusion Brionac,Weapon
630007,Zephyrus_IL,Illusion Zephyrus,Weapon
630008,HB_B_T_Spear,Hundred Breath Booster Spear,Weapon
630009,Poenitentia_Catapulta,Poenitentia Catapulta,Weapon
630012,Adulter_F_Lance,Adulter Fides Lance,Weapon
630013,Vivatus_F_Lance,Vivatus Fides Lance,Weapon
630014,2Para_Lance_KN,Paradise Knight Lance,Weapon
630015,3Para_Lance_RK,Paradise Rune Knight Lance,Weapon
630017,Melon_Lance,Melon Lance,Weapon
630018,Glacier_Lance,Glacier Lance,Weapon
630019,D_Glacier_Lance,Dim Glacier Lance,Weapon
630020,Hs_Kn_Lance,Herosria Lance,Weapon
630021,1LvGuisarme,1Lv Two-handed Spear,Weapon
630022,2LvGuisarme,2Lv Two-handed Spear,Weapon
630023,3LvGuisarme,3Lv Two-handed Spear,Weapon
630024,4LvGuisarme,4Lv Two-handed Spear,Weapon
630025,5LvGuisarme,Level 5 Two-Handed Spear,Weapon
630027,Luppiter_Spear,Jupiter Spear,Weapon
630028,Mocadas_Spear,Muqaddas Banjiiraa,Weapon
630034,aegis_630034,Opened Illusion Spectral Spear,Weapon
630041,Dimen_DK_Lance,Dimensions Dragon Lance,Weapon
630042,aegis_630042,Trident,Weapon
630045,Trident_Furious,Furious Trident,Weapon
630049,Time_Gap_DK_Spear,Time Gap Dragon Spear,Weapon
630059,Encroached_T_Spear,Encroached Two-Handed Spear,Weapon
630060,Face_W_Q_Horn,Faceworm Queen's Horn,Weapon
640000,Boost_Staff,Booster Staff,Weapon
640001,Woe_T_Staff2_Z,Intermediate Guild Member's Destruction Staff,Weapon
640002,Virgo_Divine_Cross_J,Virgo Divine Cross,Weapon
640004,Blue_Crystal_Staff,Blue Crystal Staff,Weapon
640005,Ep172_Bh_Staff,Pride Stone,Weapon
640006,Pisces_Staff_O_S_J,Pisces Staff of Soul,Weapon
640009,CS_B_Staff,Crimson Strain Booster Staff,Weapon
640010,CJ_B_Staff,Chain Jack Booster Staff,Weapon
640011,Up_Iron_Staff,Patent Aeon Staff,Weapon
640012,Up_Blue_Crystal_Staff,Patent Blue Crystal Staff,Weapon
640013,Fourth_Bh_Staff,Fortified Staff,Weapon
640014,Poenitentia_Termes,Poenitentia Termes,Weapon
640015,Poenitentia_Virga,Poenitentia Virga,Weapon
640017,Thanos_Rod_AD,Thanatos Two-handed Staff-AD,Weapon
640019,Adulter_F_T_Staff,Adulter Fides Two-Handed Staff,Weapon
640020,Adulter_F_Rod,Adulter Fides Rod,Weapon
640021,Vivatus_F_T_Staff,Vivatus Fides Two-handed Staff,Weapon
640022,Vivatus_F_Rod,Vivatus Fides Rod,Weapon
640023,3Para_Staff_WL,Paradise Warlock Staff,Weapon
640024,3Para_Wand_WL,Paradise Warlock Wand,Weapon
640025,3Para_Staff_SP,Paradise Soul Reaper Staff,Weapon
640026,3Para_Rod_SP,Paradise Soul Reaper Soulstick,Weapon
640027,Iron_Staff_LT,Iron Staff-LT,Weapon
640028,Blue_Crystal_Staff_LT,Blue Crystal Staff-LT,Weapon
640030,Melon_Staff,Melon Staff,Weapon
640031,Solid_Staff,Solid Staff,Weapon
640033,Glacier_Staff,Glacier Staff,Weapon
640034,D_Glacier_Staff,Dim Glacier Staff,Weapon
640035,F_Ein_BHSTAFF,Flush Detecting Staff,Weapon
640036,Devil_Wing_Staff,Devil Wing Staff,Weapon
640037,Destiny_Staff,Destiny Staff,Weapon
640038,Hs_Wz_Staff,Herosria Wizardry Staff,Weapon
640039,Hs_Wz_Magical_Staff,Herosria Magical Staff,Weapon
640041,1LvStaff,1Lv Two-handed Staff,Weapon
640042,2LvStaff,2Lv Two-handed Staff,Weapon
640043,3LvStaff,3Lv Two-handed Staff,Weapon
640044,4LvStaff,4Lv Two-handed Staff,Weapon
640045,5LvStaff,Level 5 Two-Handed Staff,Weapon
640046,Mocadas_Stem,Muqaddas Jaydukhar,Weapon
640047,aegis_640047,Opened Illusion Wizardry Staff,Weapon
640049,Dimen_AG_Staff,Dimensions Arch Staff,Weapon
640050,Dimen_AG_Rod,Dimensions Arch Rod,Weapon
640051,Encroached_T_Staff,Encroached Two-Handed Staff,Weapon
640053,Flame_Staff_Furious,Furious Flame Staff,Weapon
640054,Time_Gap_Staff_AG,Time Gap Arch Staff,Weapon
640064,Frontier_AG_Staff,Frontier Arc Staff,Weapon
640065,Frontier_SOA_Staff,Frontier Soul Staff,Weapon
640067,Wepawet,Wepawet,Weapon
650000,Woe_Huuma1_Z,Lesser Guild Member's Huuma Shuriken,Weapon
650001,Woe_Huuma2_Z,Intermediate Guild Member's Huuma Shuriken,Weapon
650003,Ep172_Bh_Huuma,Wrath Wheel,Weapon
650004,Up_Humma_Clear,Patent Huuma Shuriken Clearness,Weapon
650008,Adulter_F_Humma,Adulter Fides Huuma Shuriken,Weapon
650009,Adulter_F_C_Humma,Adulter Fides Cross-Shaped Huuma Shuriken,Weapon
650010,2Para_Humma1_NJ,Paradise Ninja Punishment Shuriken,Weapon
650011,2Para_Humma2_NJ,Paradise Ninja Crucifixion Shuriken,Weapon
650012,3Para_Humma1_KO,Paradise Kagerou&Oboro Fuuma Shuriken,Weapon
650013,3Para_Humma2_KO,Paradise Kagerou&Oboro Cross Fuuma Shuriken,Weapon
650016,Melon_Huuma,Melon Huuma,Weapon
650017,FCH_B_Huuma,Wind Spear Petal Booster Huuma Shuriken,Weapon
650018,SN_B_Huuma,Cross Petal Booster Huuma Shuriken,Weapon
650019,Precision_Fuuma,Precision Slasher,Weapon
650020,Fourth_Bh_Fuuma,Scrap Slasher,Weapon
650021,Vivatus_F_C_Humma,Vivatus Fides Cross Huuma Shuriken,Weapon
650022,Vivatus_F_Humma,Vivatus Fides Huuma Shuriken,Weapon
650024,Humma_Clear_LT,Huuma Shuriken Clearness-LT,Weapon
650025,Glacier_Humma,Glacier Huuma,Weapon
650028,D_Glacier_Humma,Dim Glacier Huuma Shuriken,Weapon
650029,F_Ein_BHHuuma,Flush Grinder Huuma Shuriken,Weapon
650030,Hs_Nj_Humma,Herosria Huuma Shuriken,Weapon
650033,Devil_Claw,Devil Claw,Weapon
650034,Humma_Brilliance,Huuma Shuriken Brilliance,Weapon
650035,1LvHuuma,1Lv Fuuma Shuriken,Weapon
650036,2LvHuuma,2Lv Fuuma Shuriken,Weapon
650037,3LvHuuma,3Lv Fuuma Shuriken,Weapon
650038,4LvHuuma,4Lv Fuuma Shuriken,Weapon
650039,5LvHuuma,Level 5 Wind Magic Shuriken,Weapon
650043,aegis_650043,Opened Illusion Huuma Fluttering Snow,Weapon
650044,Z_Boost_N_Huuma,Boosting Glacier Shuriken,Weapon
650045,Z_Boost_P_Huuma,Boosting Ice & Snow Shuriken,Weapon
650046,Dimen_SS_Humma,Dimensions Moonlight Huuma Shuriken,Weapon
650047,Dimen_SS_Wheel,Dimensions Moonlight Wheel Shuriken,Weapon
650048,Encroached_Humma,Encroached Huuma Shuriken,Weapon
650049,WheelHumma_Furious,Furious Wheel Shuriken,Weapon
650058,Frontier_SS_Humma,Frontier Moonlight Fūma Shuriken,Weapon
700000,IDTest_bow,IDTest bow,Weapon
700001,Boost_Bow,Booster Bow,Weapon
700003,Scalet_Dragon_L_Bow,Scarlet Dragon Leather Bow,Weapon
700004,Capricon_Bow_Of_Rogue_J,Capricorn Thief Bow,Weapon
700005,Woe_Bow2_Z,Intermediate Guild Member's Hunter Bow,Weapon
700007,Ep172_Bh_Bow,Superbia String,Weapon
700008,Ep172_Bh_Bow2,Gula Gun,Weapon
700009,Ep172_Bh_Bow3,Pigritia Rhythm,Weapon
700010,Sagittarius_Hunter_Bow,Sagittarius Hunter Bow,Weapon
700013,Up_Narcis_Bow,Patent Narcissus Bow,Weapon
700014,TB_B_Bow,Triangle Bomb Booster Bow,Weapon
700015,AS_B_Bow,Arrow Booster Bow,Weapon
700016,SB_B_Bow,Sharpbolt Booster Bow,Weapon
700017,RS_B_Bow,Rainstorm Booster Bow,Weapon
700018,Up_Royal_Bow_K,Patent Royal Bow,Weapon
700019,Up_Scalet_Dragon_L_Bow,Patent Scarlet Dragon Leather Bow,Weapon
700021,Fourth_Bh_Bow,Scrap Bow,Weapon
700022,Poenitentia_Tenon,Poenitentia Tenon,Weapon
700023,Poenitentia_Nervus,Poenitentia Nervus,Weapon
700024,Poenetentia_Attendo,Poenitentia Attendo,Weapon
700025,Poenetentia_Vatia,Poenitentia Vatia,Weapon
700029,Thanos_Bow_AD,Thanatos Bow-AD,Weapon
700030,Adulter_F_C_Bow,Adulter Fides Crossbow,Weapon
700031,Adulter_F_Ballista,Adulter Fides Ballista,Weapon
700032,Adulter_F_A_Bow,Adulter Fides Aiming Bow,Weapon
700033,Vivatus_F_C_Bow,Vivatus Fides Cross Bow,Weapon
700034,Vivatus_F_Ballista,Vivatus Fides Ballista,Weapon
700035,Vivatus_F_A_Bow,Vivatus Fides Aiming Bow,Weapon
700036,1Para_Bow,Paradise Bow,Weapon
700037,2Para_Bow_RG,Paradise Rogue Bow,Weapon
700038,2Para_Bow1_HT,Paradise Hunter Bow,Weapon
700039,2Para_Bow2_HT,Paradise Hunter Crossbow,Weapon
700040,2Para_Bow_BD,Paradise Bard&Dancer Bow,Weapon
700041,3Para_Bow_SC,Paradise Shadow Chaser Bow,Weapon
700042,3Para_Bow1_RA,Paradise Ranger Bow,Weapon
700043,3Para_Bow2_RA,Paradise Ranger Crossbow,Weapon
700045,Royal_Bow_K_LT,Royal Bow-LT,Weapon
700046,Scalet_Dragon_L_Bow_LT,Scarlet Leather Dragon Bow-LT,Weapon
700048,Melon_Wing,Melon Wing,Weapon
700049,Narcis_Bow_LT,Narcissus Bow-LT,Weapon
700050,Precision_Bow,Precision Bow,Weapon
700052,Glacier_Bow,Glacier Bow,Weapon
700054,Virtual_Bow_AD,Virtual Bow-OSAD,Weapon
700055,MH_P89_AD,MH-P89-OSAD,Weapon
700056,AC_B44_AD,AC-B44-OSAD,Weapon
700057,Comp_Royal_Bow_K,[Not For Sale] Royal Bow,Weapon
700059,D_Glacier_Bow,Dim Glacier Bow,Weapon
700060,F_Ein_BHBOW,Flush Bolt Shooter,Weapon
700061,Hs_Rg_Bow,Herosria Rogue Bow,Weapon
700062,Hs_Ht_Bow,Herosria Hunter Bow,Weapon
700063,Hs_Ht_Crossbow,Herosria Cross Bow,Weapon
700064,Hs_Bd_Bow,Herosria Rhythm Bow,Weapon
700065,Angel_Wing_Bow,Angel Wing Bow,Weapon
700066,Dark_Angel_Ray_Bow,Dark Angel Ray Bow,Weapon
700069,Triangle_Disaster,Triangle Disaster,Weapon
700070,1LvBow,1Lv Bow,Weapon
700071,2LvBow,2Lv Bow,Weapon
700072,3LvBow,3Lv Bow,Weapon
700073,4LvBow,4Lv Bow,Weapon
700074,5LvBow,5Lv Bow,Weapon
700076,Mocadas_Bow,Muqaddas Kahassu,Weapon
700081,Z_Boost_N_Bow,Boosting Glacier Bow,Weapon
700082,Z_Boost_P_Bow,Boosting Ice & Snow Bow,Weapon
700092,Dimen_ABC_Bow,Dimensions Abyss Bow,Weapon
700093,Dimen_WH_C_Bow,Dimensions Wind Crossbow,Weapon
700094,Dimen_WH_Bow,Dimensions Wind Bow,Weapon
700100,StormBow_Furious,Furious Storm Bow,Weapon
700101,TornadoBow_Furious,Furious Tornado Bow,Weapon
700108,Time_Gap_WH_Bow,Time Gap Wind Bow,Weapon
700109,Gandiva_Bow_US,Divine Bow Gandiva,Weapon
700117,Encroached_Bow,Encroached Bow,Weapon
700119,Frontier_WH_Bow,Frontier Wind Bow,Weapon
700121,Beargun_Crossbow,Beargun Crossbow,Weapon
700125,Sky_Crescive_Bow,Celestial Crescent Bow,Weapon
800000,IDTest_gun,IDTest gun,Weapon
800002,Up_Crimson_Rose,Patent Crimson Rose,Weapon
800003,Adulter_F_Revolver,Adulter Fides Revolver,Weapon
800004,1Para_Revolver,Paradise Revolver,Weapon
800005,2Para_Revolver_GS,Paradise Gunslinger Revolver,Weapon
800006,3Para_Revolver_RL,Paradise Rebellion Revolver,Weapon
800007,Melon_Handgun,Melon Handgun,Weapon
800008,DF_B_Revolver,Desperado Fire Booster Revolver,Weapon
800009,Precision_Pistol,Precision Pistol,Weapon
800010,Fourth_Revolver,Scrap Pistol,Weapon
800011,Poenitentia_Foramen,Poenitentia Foramen,Weapon
800012,Vivatus_F_Revolver,Vivatus Fides Revolver,Weapon
800013,Crimson_Rose_LT,Crimson Rose-LT,Weapon
800014,Glacier_Revolver,Glacier Revolver,Weapon
800015,D_Glacier_Revolver,Dim Glacier Pistol,Weapon
800016,F_Ein_1HGUN,Flush Bolt Revolver,Weapon
800017,Hs_Gs_Revolver,Herosria Revolver,Weapon
800026,Devils_Bullet,Devil's Bullet,Weapon
800027,Devil_Hunter,Devil Hunter,Weapon
800029,1LvSix_Shooter,1Lv Revolver,Weapon
800030,2LvSix_Shooter,2Lv Revolver,Weapon
800031,3LvSix_Shooter,3Lv Revolver,Weapon
800032,4LvSix_Shooter,4Lv Revolver,Weapon
800033,5LvSix_Shooter,Level 5 Revolver,Weapon
800035,Comp_Crimson_Rose,[Not For Sale] Crimson Rose,Weapon
800036,Z_Boost_N_Revolber,Boosting Glacier Revolver,Weapon
800037,Z_Boost_P_Revolver,Boosting Ice & Snow Revolver,Weapon
800042,Time_Gap_Revolver_NW,Time Gap Night Revolver,Weapon
810000,Ep172_1h_Rifle,Lust Pointer,Weapon
810001,Up_Master_Soul_Rifle,Patent Master Soul Rifle,Weapon
810002,Adulter_F_Rifle,Adulter Fides Rifle,Weapon
810003,2Para_Rifle_GS,Paradise Gunslinger Rifle,Weapon
810004,Melon_Rifle,Melon Rifle,Weapon
810005,Precision_Rifle,Precision Piercer,Weapon
810006,Fourth_Rifle,Scrap Piercer,Weapon
810007,Poenitentia_Penet,Poenitentia Penet,Weapon
810008,Vivatus_F_Rifle,Vivatus Fides Rifle,Weapon
810009,Master_Soul_Rifle_LT,Master Soul Rifle-LT,Weapon
810010,Glacier_Rifle,Glacier Rifle,Weapon
810013,HR_S55_AD,HR-55-OSAD,Weapon
810015,D_Glacier_Rifle,Dim Glacier Rifle,Weapon
810016,Hs_Gs_Rifle,Herosria Rifle,Weapon
810026,Screaming_Rifle,Screaming Rifle,Weapon
810027,Last_Dawn,Last Dawn,Weapon
810029,1LvRifle,1Lv Rifle,Weapon
810030,2LvRifle,2Lv Rifle,Weapon
810031,3LvRifle,3Lv Rifle,Weapon
810032,4LvRifle,4Lv Rifle,Weapon
810033,5LvRifle,5Lv Rifle,Weapon
810034,Mocadas_Rifle,Muqaddas Tabanji,Weapon
810037,Z_Boost_N_Rifle,Boosting Glacier Rifle,Weapon
810038,Z_Boost_P_Rifle,Boosting Ice & Snow Rifle,Weapon
810040,Dimen_NW_Rifle,Dimensions Night Rifle,Weapon
810042,Rifle_Furious,Furious Rifle,Weapon
810048,Encroached_Rifle,Encroached Firearm,Weapon
810049,Frontier_NW_Rifle,Frontier Knight Rifle,Weapon
820000,Ep172_1h_Shotgun,Lust Shatter,Weapon
820001,Up_Demon_S_Shot,Patent Demon Slayer Shot,Weapon
820002,Adulter_F_Shotgun,Adulter Fides Shotgun,Weapon
820003,Melon_Shotgun,Melon Shotgun,Weapon
820004,Precision_Shotgun,Precision Shatter,Weapon
820005,Fourth_Shotgun,Scrap Shatter,Weapon
820006,Vivatus_F_Shotgun,Vivatus Fides Shotgun,Weapon
820007,Demon_S_Shot_LT,Demon Slayer Shot-LT,Weapon
820008,Glacier_Shotgun,Glacier Shotgun,Weapon
820011,D_Glacier_Shotgun,Dim Glacier Shotgun,Weapon
820012,Hs_Gs_Shotgun,Herosria Shotgun,Weapon
820020,Outlaw_Cursed_Shotgun,Outlaw Cursed Shotgun,Weapon
820021,Road_Of_Glory,Lord of Glory,Weapon
820023,1LvRolling_Stone,1Lv Shotgun,Weapon
820024,2LvRolling_Stone,2Lv Shotgun,Weapon
820025,3LvRolling_Stone,3Lv Shotgun,Weapon
820026,4LvRolling_Stone,4Lv Shotgun,Weapon
820027,5LvRolling_Stone,Level 5 shotgun,Weapon
820028,Mocadas_Shotgun,Muqaddas Saka,Weapon
820030,Z_Boost_N_Shotgun,Boosting Glacier Shotgun,Weapon
820031,Z_Boost_P_Shotgun,Boosting Ice & Snow Shotgun,Weapon
830000,Boost_Gatling,Booster Gatling,Weapon
830001,Ep172_1h_Gatling,Lust Crusher,Weapon
830002,Up_The_Black_Gatling,Patent The Black,Weapon
830003,Adulter_F_Gatling,Adulter Fides Gatling Gun,Weapon
830004,3Para_Gatling_RL,Paradise Rebellion Gatling Gun,Weapon
830005,Antique_Gatling_Gun,Antique Gatling Gun,Weapon
830006,Melon_Gatling_Gun,Melon Gatling Gun,Weapon
830007,FR_B_Gatling,Fire Round Booster Gatling Gun,Weapon
830008,Precision_Gatling,Precision Splatter,Weapon
830009,Fourth_Gatling,Scrap Splatter,Weapon
830010,Poenitentia_Veloci,Poenitentia Veloci,Weapon
830011,Vivatus_F_Gatling,Vivatus Fides Gatling Gun,Weapon
830012,The_Black_Gatling_LT,The Black-LT,Weapon
830013,Glacier_Gatling,Glacier Gatling,Weapon
830014,Comp_The_Black_Gatling,[Not For Sale] The Black,Weapon
830015,D_Glacier_Gatling,Dim Glacier Gatling Gun,Weapon
830016,Hs_Gs_Gatling,Herosria Gatling Gun,Weapon
830025,RG_5649,RG-5649,Weapon
830026,Lighting_Splatter,Lightning Splatter,Weapon
830028,1LvDrifter,1Lv Gatling Gun,Weapon
830029,2LvDrifter,2Lv Gatling Gun,Weapon
830030,3LvDrifter,3Lv Gatling Gun,Weapon
830031,4LvDrifter,4Lv Gatling Gun,Weapon
830032,5LvDrifter,Level 5 Gatling Gun,Weapon
830033,Mocadas_Gatling,Muqaddas Taliin,Weapon
830034,Z_Boost_N_Gatling,Boosting Glacier Minigun,Weapon
830035,Z_Boost_P_Gatling,Boosting Ice & Snow Minigun,Weapon
830038,Gatling_Furious,Furious Night Gatling Gun,Weapon
840000,Ep172_1h_Grenade,Lust Boom,Weapon
840001,Up_Golden_L_Launcher,Patent Golden Lord Launcher,Weapon
840002,Adulter_F_Launcher,Adulter Fides Launcher,Weapon
840003,Melon_Launcher,Melon Launcher,Weapon
840004,Precision_Grenade,Precision Bomber,Weapon
840005,Fourth_Grenade,Scrap Bomber,Weapon
840006,Poenitentia_Ruina,Poenitentia Ruina,Weapon
840007,Vivatus_F_Launcher,Vivatus Fides Launcher,Weapon
840008,Golden_L_Launcher_LT,Golden Lord Launcher-LT,Weapon
840009,Glacier_Launcher,Glacier Launcher,Weapon
840010,D_Glacier_Launcher,Dim Glacier Grenade Launcher,Weapon
840011,Hs_Gs_Launcher,Herosria Launcher,Weapon
840020,Devil_L_Launcher,Devil Lord Launcher,Weapon
840021,Justice_Bomber,Justice Bomber,Weapon
840023,1LvDestroyer,1Lv Grenade Launcher,Weapon
840024,2LvDestroyer,2Lv Grenade Launcher,Weapon
840025,3LvDestroyer,3Lv Grenade Launcher,Weapon
840026,4LvDestroyer,4Lv Grenade Launcher,Weapon
840027,5LvDestroyer,5Lv Grenade Launcher,Weapon
840028,Mocadas_Launcher,Muqaddas Naranzak,Weapon
840030,Z_Boost_N_Launcher,Boosting Glacier Launcher,Weapon
840031,Z_Boost_P_Launcher,Boosting Ice & Snow Launcher,Weapon
840032,Dimen_NW_Launcher,Dimensions Night Launcher,Weapon
840039,Agent_Launcher,Agent Launcher,Weapon
1270000,S_Spell_M_Pendant,Spell Master Shadow Pendant,ShadowGear
1270001,S_Sorcery_M_Armor,Sorcery Master Shadow Armor,ShadowGear
1270002,S_Sorcery_M_Shoes,Sorcery Master Shadow Shoes,ShadowGear
1270003,S_Sorcery_M_Earring,Sorcery Master Shadow Earring,ShadowGear
1270004,S_Sorcery_M_Pendant,Sorcery Master Shadow Pendant,ShadowGear
1270005,S_Sword_M_Armor,Sword Master Shadow Armor,ShadowGear
1270006,S_Sword_M_Shoes,Sword Master Shadow Shoes,ShadowGear
1270007,S_Sword_M_Earring,Sword Master Shadow Earring,ShadowGear
1270008,S_Sword_M_Pendant,Sword Master Shadow Pendant,ShadowGear
1270009,S_Bow_M_Armor,Bow Master Shadow Armor,ShadowGear
1270010,S_Bow_M_Shoes,Bow Master Shadow Shoes,ShadowGear
1270011,S_Bow_M_Earring,Bow Master Shadow Earring,ShadowGear
1270012,S_Bow_M_Pendant,Bow Master Shadow Pendant,ShadowGear
1270013,S_Fatal_M_Armor,Fatal Master Shadow Armor,ShadowGear
1270014,S_Fatal_M_Shoes,Fatal Master Shadow Shoes,ShadowGear
1270015,S_Fatal_M_Earring,Fatal Master Shadow Earring,ShadowGear
1270016,S_Fatal_M_Pendant,Fatal Master Shadow Pendant,ShadowGear
1270023,S_DK_DS_Earring,Dragonic Spear Shadow Earring,ShadowGear
1270024,S_DK_DS_Pendant,Dragonic Spear Shadow Pendant,ShadowGear
1270025,S_DK_MB_Armor,Madness Breath Shadow Armor,ShadowGear
1270026,S_DK_MB_Shoes,Madness Breath Shadow Shoes,ShadowGear
1270027,S_BO_AC_Earring,Acidified Shadow Earring,ShadowGear
1270028,S_BO_AC_Pendant,Acidified Shadow Pendant,ShadowGear
1270029,S_BO_TH_Armor,Thorns Shadow Armor,ShadowGear
1270030,S_BO_TH_Shoes,Thorns Shadow Shoes,ShadowGear
1270031,S_SU_HRC_Earring,Hyunrok Cannon Shadow Earring,ShadowGear
1270032,S_SU_HRC_Pendant,Hyunrok Cannon Shadow Pendant,ShadowGear
1270033,S_SU_BSP_Armor,Hyunrok Breeze Spirit Shadow Armor,ShadowGear
1270034,S_SU_BSP_Shoes,Hyunrok Breeze Spirit Shadow Shoes,ShadowGear
1270035,S_MT_TL_Earring,Triple Shadow Earring,ShadowGear
1270036,S_MT_TL_Pendant,Triple Shadow Pendant,ShadowGear
1270037,S_MT_SC_Armor,Spark Cannonade Shadow Armor,ShadowGear
1270038,S_MT_SC_Shoes,Spark Cannonade Shadow Shoes,ShadowGear
1270039,S_IG_RS_Earring,Radiant Shadow Earring,ShadowGear
1270040,S_IG_RS_Pendant,Radiant Shadow Pendant,ShadowGear
1270041,S_IG_SS_Armor,Shield Shooter Shadow Armor,ShadowGear
1270042,S_IG_SS_Shoes,Shield Shooter Shadow Shoes,ShadowGear
1270043,S_SOA_TS_Earring,Talisman of Red Blue Shadow Earring,ShadowGear
1270044,S_SOA_TS_Pendant,Talisman of Red Blue Shadow Pendant,ShadowGear
1270045,S_SOA_MS_Armor,Exorcism of Malicious Soul Shadow Armor,ShadowGear
1270046,S_SOA_MS_Shoes,Exorcism of Malicious Soul Shadow Shoes,ShadowGear
1270079,S_SHC_CR_Earring,Crater Shadow Earring,ShadowGear
1270080,S_SHC_CR_Pendant,Crater Shadow Pendant,ShadowGear
1270081,S_SHC_ST_Armor,Stab Shadow Armor,ShadowGear
1270082,S_SHC_ST_Shoes,Stab Shadow Shoes,ShadowGear
1270083,S_IQ_TP_Earring,Punish Shadow Earring,ShadowGear
1270084,S_IQ_TP_Pendant,Punish Shadow Pendant,ShadowGear
1270085,S_IQ_FB_Armor,Flame Bomb Shadow Armor,ShadowGear
1270086,S_IQ_FB_Shoes,Flame Bomb Shadow Shoes,ShadowGear
1270087,S_HN_MC_Earring,Max Chain Shadow Earring,ShadowGear
1270088,S_HN_MC_Pendant,Max Chain Shadow Pendant,ShadowGear
1270089,S_HN_DB_Armor,Double Blow Shadow Armor,ShadowGear
1270090,S_HN_DB_Shoes,Double Blow Shadow Shoes,ShadowGear
1270091,S_AG_CI_Earring,Crystal Illusion Shadow Earring,ShadowGear
1270092,S_AG_CI_Pendant,Crystal Illusion Shadow Pendant,ShadowGear
1270093,S_AG_VST_Armor,Violent Soul Tremor Shadow Armor,ShadowGear
1270094,S_AG_VST_Shoes,Violent Soul Tremor Shadow Shoes,ShadowGear
1270095,S_ABC_DB_Earring,Deft Breaker Shadow Earring,ShadowGear
1270096,S_ABC_DB_Pendant,Deft Breaker Shadow Pendant,ShadowGear
1270097,S_ABC_FR_Armor,Frenzy Reaction Shot Shadow Armor,ShadowGear
1270098,S_ABC_FR_Shoes,Frenzy Reaction Shot Shadow Shoes,ShadowGear
1270099,S_SKE_MS_Earring,Midnight Kick Shadow Earring,ShadowGear
1270100,S_SKE_MS_Pendant,Midnight Kick Shadow Pendant,ShadowGear
1270101,S_SKE_DB_Armor,Dawn Break Shot Shadow Armor,ShadowGear
1270102,S_SKE_DB_Shoes,Dawn Break Shadow Shoes,ShadowGear
1270115,S_CD_FP_Earring,Fracella Shadow Earring,ShadowGear
1270116,S_CD_FP_Pendant,Fracella Shadow Pendant,ShadowGear
1270117,S_CD_EP_Armor,Effltio Shadow Armor,ShadowGear
1270118,S_CD_EP_Shoes,Effltio Shadow Shoes,ShadowGear
1270119,S_EM_DS_Earring,Diamond Shadow Earring,ShadowGear
1270120,S_EM_DS_Pendant,Diamond Shadow Pendant,ShadowGear
1270121,S_EM_TP_Armor,Terra Stream Shadow Armor,ShadowGear
1270122,S_EM_TP_Shoes,Terra Stream Shadow Shoes,ShadowGear
1270123,S_SS_KK_Earring,Shadow Dance Shadow Earring,ShadowGear
1270124,S_SS_KK_Pendant,Shadow Dance Shadow Pendant,ShadowGear
1270125,S_SS_KF_Armor,Kunai Shuriken Shadow Armor,ShadowGear
1270126,S_SS_KF_Shoes,Kunai Shuriken Shadow Shoes,ShadowGear
1270130,S_WH_WH_Earring,Wild Hawk Shadow Earring,ShadowGear
1270131,S_WH_WH_Pendant,Wild Hawk Shadow Pendant,ShadowGear
1270132,S_WH_AT_Armor,Advanced Trap Shadow Armor,ShadowGear
1270133,S_WH_AT_Shoes,Advanced Trap Shadow Shoes,ShadowGear
1270134,S_TR_MS_Earring,Musical Shooting Shadow Earring,ShadowGear
1270135,S_TR_MS_Pendant,Musical Shooting Shadow Pendant,ShadowGear
1270136,S_TR_RB_Armor,Blossom Shadow Armor,ShadowGear
1270137,S_TR_RB_Shoes,Blossom Shadow Shoes,ShadowGear
1270138,S_NW_MS_Earring,Midnight Shooting Shadow Earring,ShadowGear
1270139,S_NW_MS_Pendant,Midnight Shooting Shadow Pendant,ShadowGear
1270140,S_NW_NF_Armor,Night Fire Shadow Armor,ShadowGear
1270141,S_NW_NF_Shoes,Night Fire Shadow Shoes,ShadowGear
