id,name_aegis,name_english,type
500,Warnut_Chocoball,Choko Gangjeong,Healing
501,Red_Potion,Red Potion,Healing
502,Orange_Potion,Orange Potion,Healing
503,Yellow_Potion,Yellow Potion,Healing
504,White_Potion,White Potion,Healing
505,Blue_Potion,Blue Potion,Healing
506,Green_Potion,Green Potion,Healing
507,Red_Herb,Red Herb,Healing
508,Yellow_Herb,Yellow Herb,Healing
509,White_Herb,White Herb,Healing
510,Blue_Herb,Blue Herb,Healing
511,Green_Herb,Green Herb,Healing
512,Apple,Apple,Healing
513,Banana,Banana,Healing
514,Grape,Grape,Healing
515,Carrot,Carrot,Healing
516,Sweet_Potato,Potato,Healing
517,Meat,Meat,Healing
518,Honey,Honey,Healing
519,Milk,Milk,Healing
520,Leaflet_Of_Hinal,Hinalle Leaflet,Healing
521,Leaflet_Of_Aloe,Aloe Leaflet,Healing
522,Fruit_Of_Mastela,Mastela Fruit,Healing
523,Holy_Water,Holy Water,Healing
525,Panacea,Panacea,Healing
526,Royal_Jelly,Royal Jelly,Healing
528,Monster's_Feed,Monster's Feed,Healing
529,Candy,Candy,Healing
530,Candy_Striper,Candy Cane,Healing
531,Apple_Juice,Apple Juice,Healing
532,Banana_Juice,Banana Juice,Healing
533,Grape_Juice,Grape Juice,Healing
534,Carrot_Juice,Carrot Juice,Healing
535,Pumpkin,Pumpkin,Healing
536,Ice_Cream,Ice Cream,Healing
537,Pet_Food,Pet Food,Healing
538,Well_Baked_Cookie,Well-baked Cookie,Healing
539,Piece_Of_Cake,Piece of Cake,Healing
540,Falcon's_Feed,Falcon Food,Healing
541,Pecopeco's_Feed,PecoPeco Food,Healing
542,Festive_Cookie,Festival Cookie,Healing
543,Festive_Rainbow_Cake,Festival Rainbow Cake,Healing
544,Fish_Slice,Raw Fish,Healing
545,Red_Slim_Potion,Condensed Red Potion,Healing
546,Yellow_Slim_Potion,Condensed Yellow Potion,Healing
547,White_Slim_Potion,Condensed White Potion,Healing
548,Cheese,Cheese,Healing
549,Nice_Sweet_Potato,Yam,Healing
550,Popped_Rice,Rice Cake,Healing
551,Shusi,Sushi,Healing
552,KETUPAT,Ketupat,Healing
553,Bun,Bao,Healing
554,Mojji,Mochi,Healing
555,Rice_Cake,Traditional Rice Cake,Healing
556,Long_Rice_Cake,Rice Cake Stick,Healing
557,Hash_Rice_Cake,Neatly Sliced Rice Cake,Healing
558,Chocolate,Chocolate,Healing
559,HandMade_Chocolate,Hand-made Chocolate,Healing
560,HandMade_Chocolate_,Handmade White Chocolate,Healing
561,White_Chocolate,White Chocolate,Healing
562,Pizza,Doublecrust Swiss Fondue,Healing
563,Pizza_01,Doublecrust Swiss Fondue,Healing
564,Rice_Ball,Rice Ball,Healing
565,Vita500_Bottle,Vita500,Healing
566,Tomyumkung,Tom Yum Goong,Healing
567,Prawn,Shrimp,Healing
568,Lemon,Lemon,Healing
569,Novice_Potion,Novice Potion,Healing
570,Lucky_Candy,Lucky Candy,Healing
571,Lucky_Candy_Cane,Lucky Candy Cane,Healing
572,Lucky_Cookie,Lucky Cookie,Healing
573,Chocolate_Drink,Chocolate Drink,Healing
574,Egg,Egg,Healing
575,Piece_Of_Cake_,2nd Anniversary Cake,Healing
576,Prickly_Fruit,Prickly Fruit,Healing
577,Grain,Bag of Grain,Healing
578,Strawberry,Strawberry,Healing
579,Delicious_Fish,Fresh Fish,Healing
580,Bread,Bread,Healing
581,Mushroom,Edible Mushroom,Healing
582,Orange,Orange,Healing
583,KETUPAT_,Ketupat Sayur,Healing
584,Fish_Ball_Soup,Fish Cake Soup,Healing
585,Wurst,Brusti,DelayConsume
586,Mother's_Cake,Mother's Cake,Healing
587,Prickly_Fruit_,Red Prickly Fruit,Healing
588,Spaghetti,Spaghetti,Healing
589,Pizza_02,Pizza,Healing
590,Brezel_,Pretzel,Healing
591,Caviar_Pancake,Caviar Pancake,Healing
592,Jam_Pancake,Jam Pancake,Healing
593,Honey_Pancake,Honey Pancake,Healing
594,Sour_Cream_Pancake,Sour-Cream Pancake,Healing
595,Mushroom_Pancake,Mushroom Pancake,Healing
596,Cute_Strawberry_Choco,Cute Strawberry-Choco,Healing
597,Lovely_Choco_Tart,Lovely Choco-Tart,Healing
598,Light_Red_Pot,Light Red Potion,Healing
599,Light_Orange_Pot,Light Orange Potion,Healing
601,Wing_Of_Fly,Fly Wing,DelayConsume
602,Wing_Of_Butterfly,Butterfly Wing,DelayConsume
603,Old_Blue_Box,Old Blue Box,Usable
604,Branch_Of_Dead_Tree,Dead Branch,Usable
605,Anodyne,Anodyne,DelayConsume
606,Aloebera,Aloevera,DelayConsume
607,Yggdrasilberry,Yggdrasil Berry,Healing
608,Seed_Of_Yggdrasil,Yggdrasil Seed,Healing
609,Amulet,Amulet,Usable
610,Leaf_Of_Yggdrasil,Yggdrasil Leaf,DelayConsume
611,Spectacles,Magnifier,DelayConsume
612,Portable_Furnace,Mini Furnace,Usable
613,Iron_Hammer,Iron Hammer,Usable
614,Golden_Hammer,Golden Hammer,Usable
615,Oridecon_Hammer,Oridecon Hammer,Usable
616,Old_Card_Album,Old Card Album,Usable
617,Old_Violet_Box,Old Purple Box,Usable
618,Worn_Out_Scroll,Worn Out Scroll,Usable
619,Unripe_Apple,Unripe Apple,Usable
620,Orange_Juice,Orange Juice,Usable
621,Bitter_Herb,Bitter Herb,Usable
622,Rainbow_Carrot,Rainbow Carrot,Usable
623,Earthworm_The_Dude,Earthworm the Dude,Usable
624,Rotten_Fish,Rotten Fish,Usable
625,Lusty_Iron,Rusty Iron,Usable
626,Monster_Juice,Monster Juice,Usable
627,Sweet_Milk,Sweet Milk,Usable
628,Well_Dried_Bone,Well-Dried Bone,Usable
629,Singing_Flower,Singing Flower,Usable
630,Dew_Laden_Moss,Dew Laden Moss,Usable
631,Deadly_Noxious_Herb,Deadly Noxious Herb,Usable
632,Fatty_Chubby_Earthworm,Fatty Chubby Earthworm,Usable
633,Baked_Yam,Sweet Potato,Usable
634,Tropical_Banana,Tropical Banana,Usable
635,Horror_Of_Tribe,Orc Trophy,Usable
636,No_Recipient,No Recipient,Usable
637,Old_Broom,Old Broom,Usable
638,Silver_Knife_Of_Chaste,Silver Knife of Chastity,Usable
639,Armlet_Of_Obedience,Armlet of Obedience,Usable
640,Shining_Stone,Shining Stone,Usable
641,Contracts_In_Shadow,Contract in Shadow,Usable
642,Book_Of_Devil,Book of the Devil,Usable
643,Pet_Incubator,Pet Incubator,Usable
644,Gift_Box,Gift Box,Usable
645,Center_Potion,Concentration Potion,Usable
656,Awakening_Potion,Awakening Potion,Usable
657,Berserk_Potion,Berserk Potion,Usable
658,Union_Of_Tribe,Union of Tribe,Usable
659,Heart_Of_Her,Her Heart,Usable
660,Prohibition_Red_Candle,Forbidden Red Candle,Usable
661,Sway_Apron,Soft Apron,Usable
662,Inspector_Certificate,Authoritative Badge,Usable
663,Korea_Rice_Cake,Korean Rice Cake,Healing
664,Gift_Box_1,Gift Box,Usable
665,Gift_Box_2,Gift Box,Usable
666,Gift_Box_3,Gift Box,Usable
667,Gift_Box_4,Gift Box,Usable
668,Handsei,Red Envelope,Usable
669,Rice_Cake_Soup,Tempting Rice-Cake Soup,Healing
671,Gold_Coin,Gold Coin,Usable
673,Copper_Coin,Bronze Coin,Usable
675,Silver_Coin,Silver Coin,Usable
678,Poison_Bottle,Poison Bottle,Usable
679,Gold_Pill,Pilule,Usable
680,Magical_Carnation,Magic Carnation,Healing
681,Memory_Of_Wedding,Sweet Memory of Marriage,Usable
682,Realgar_Wine,Distilled Fighting Spirit,Usable
683,Exorcize_Herb,Herb of Incantation,Usable
684,Durian,Durian,Usable
685,RAMADAN,Ramadan,Healing
686,Earth_Scroll_1_3,Level 3 Earth Spike,DelayConsume
687,Earth_Scroll_1_5,Level 5 Earth Spike,DelayConsume
688,Cold_Scroll_1_3,Level 3 Cold Bolt,DelayConsume
689,Cold_Scroll_1_5,Level 5 Cold Bolt,DelayConsume
690,Fire_Scroll_1_3,Level 3 Fire Bolt,DelayConsume
691,Fire_Scroll_1_5,Level 5 Fire Bolt,DelayConsume
692,Wind_Scroll_1_3,Level 3 Lightening Bolt,DelayConsume
693,Wind_Scroll_1_5,Level 5 Lightening Bolt,DelayConsume
694,Ghost_Scroll_1_3,Level 3 Soul Strike,DelayConsume
695,Ghost_Scroll_1_5,Level 5 Soul Strike,DelayConsume
696,Fire_Scroll_2_1,Level 1 Fire Ball,DelayConsume
697,Fire_Scroll_2_5,Level 5 Fire Ball,DelayConsume
698,Fire_Scroll_3_1,Level 1 Fire Wall,DelayConsume
699,Fire_Scroll_3_5,Level 5 Fire Wall,DelayConsume
700,Cold_Scroll_2_1,Level 1 Frost Diver,DelayConsume
7037,Trade_Coupon,Coupon,Usable
9510,Enchant_Stone_Box17,Costume Enchant Stone Box 17,Usable
9514,Ein_Ddbox,Physical Modification Permit,DelayConsume
9515,Ein_1HITEMbox,Einbeck Weapon Box,Usable
9517,Ein_UNDIUM,Untouched Gemstone,Usable
9523,Metal_Rifine_Ticket,Metal Refining Ticket,DelayConsume
9529,Ein_Ddbox2,Magical Modification Permit,DelayConsume
9530,PC_Costume_Box,300 Points Costume Box,Usable
9539,Blue_Potion_B_10,[Event] Blue Potion Box,Healing
9550,Gemstone_Of_Time,Gemstone of Time,DelayConsume
9551,Time_Unseal_Key,Time Unseal Key,DelayConsume
9553,C_CatPaw_7Day_Box_,Infinite Cat Hand Ticket Box(7 Days),Cash
9569,Festival_Noodle,Festival Noodles,Healing
9581,Wet_Sealed_Card,Sealed Wet Card,Usable
9582,Fancy_Spray_Of_Flowers,Colorful Flower Branches,Healing
9585,Small_Spray_Of_Flowers,Small Flower Branches,Usable
9586,2019_SStarR_Tbox,2019 Superstar R Ticket Box,Usable
9587,E_Life_Potion_Pack,[Event]Life Potion 20 Box,Usable
9588,E_DEF_Scroll_Box,[Not For Sale] Brilliant Protection Box (20),Usable
9589,E_Almighty_Box,[Not For Sale] Almighty Box (10),Usable
9590,E_LimitPowerBooster,[Not For Sale] Power Booster Box (10),Usable
9610,E_Mysterious_Water,[Event] Mysterious Water,Healing
9785,Frozen_Box_IL,Frozen Refine Box,DelayConsume
9862,Comp_Job_Manual50,[Not For Sale] JOB Battle Manual,Usable
9894,DF_Adrenaline_Scroll,[Scroll] Adrenaline Lv.5 Scroll,DelayConsume
9895,DF_Abrasive,[Scroll] Abrasive,Usable
9896,DF_Power_Booster,[Scroll] Power Booster,Usable
9897,E_Glittering_Doll_B,Shiny Doll Button,Usable
9908,DF_Mental_Potion,[Scroll] Mental Potion,Usable
9909,DF_Ex_Def_Potion,[Scroll] Ex Def Potion,Usable
9932,Royal_Secret_Box,Royal Secret Box,Usable
9933,True_Hunting_9Refine,Troi Hunting 9 Refinement Package,DelayConsume
9934,True_Hunting_Opt_A,Trois Hunting Physical Craft Kit,DelayConsume
9935,True_Hunting_Opt_B,Trois Hunting Magical Craft Kit,DelayConsume
9969,Arca_Cura_BR,Healing Ark,Usable
9970,Arca_Palito_BR,Stick Ark,Usable
9971,Arca_Batalha2_BR,Major Battle Ark,Usable
9972,Arca_Batalha_BR,Battle Ark,Usable
9973,Arca_Vida2_BR,Major Ark of Life,Usable
9974,Arca_Vida_BR,Ark of Life,Usable
9975,Arca_Divina2_BR,Divine Major Ark,Usable
9976,Arca_Divina_BR,Divine Ark,Usable
9977,Arca_Refino2_BR,Major Refining Ark,Usable
9978,Arca_Refino_BR,Refining Ark,Usable
9979,Arca_Enriquecido_BR,Perfect Ark,Usable
9980,Arca_Minerio_BR,Ore Ark,Usable
9981,Arca_Pergaminho_BR,Scroll Ark,Usable
9982,Arca_Especial_BR,Special Ark,Usable
9983,Arca_Celeste2_BR,Major Celestial Ark,Usable
9984,Arca_Celeste_BR,Major Celestial Ark,Usable
9985,Arca_Status_BR,Potions Ark,Usable
9986,Arca_Reset_BR,Reset Ark,Usable
9987,Arca_Up2_BR,Major Evolve Ark,Usable
9988,Arca_Up_BR,Evolve Ark,Usable
9991,Boarding_Halter_Box_7d,[Not For Sale] Boarding Halter 7D Box,Cash
9999,Season_Evt_Reward_2,Sweets Snack Pack,Usable
10625,Hero_Hammer_Package_5,Modified Hero's Weapon Refine Hammer Package V,Usable
11500,Light_Yellow_Pot,Light Yellow Potion,Healing
11501,Light_White_Pot,Light White Potion,Healing
11502,Light_Blue_Pot,Light Blue Potion,Healing
11503,Siege_White_Potion,WoE White Potion,Healing
11504,Siege_Blue_Potion,WoE Blue Potion,Healing
11505,Iris,Iris,Healing
11506,Fanta_Orange,Fanta Orange,Healing
11507,Fanta_Grape,Fanta Grape,Healing
11508,Karada_Meguri_Tea,Karada Meguricha,Healing
11509,Royal_Milk_Tea,Black Tea Kochakaden,Healing
11510,Coke_Zero,Coca Cola Zero,Healing
11511,Coke_No_Cal,Diet Coca Cola,Healing
11512,Coca_Cola,Coca Cola,Healing
11513,Protect_Neck_Candy,Protect Neck Candy,Healing
11514,Enriched_Slim_Pot,Enriched Slim Pot,Healing
11515,Coconut,Coconut,Healing
11516,Asai_Fruit,Asai Fruit,Healing
11517,Puri_Potion,Puri Potion,Healing
11518,N_Blue_Potion,Blue Potion,Healing
11519,Beef_Toast,Beef Toast,Healing
11520,Mora_Mandarin,Mora Mandar,Healing
11521,Pingui_Berry_Juice,Pingui Berry Juice,Healing
11522,Red_Raffle_Sap,Red Raffle Sap,Healing
11523,Yellow_Raffle_Sap,Yellow Raffle Sap,Healing
11524,White_Raffle_Sap,White Raffle Sap,Healing
11525,Mora_Hip_Tea,Mora Hip Tea,Healing
11526,Rafflecino,Rafflecino,Healing
11527,Baklava,Baklava,Healing
11528,Kanafeh,Kanafeh,Healing
11529,MAAMOUL_,Maamoul,Healing
11530,Jujube,Jujube,Healing
11531,Coffee,Coffee,Healing
11532,Nasi_Goreng,Nasi Goreng,Healing
11533,Satay,Satay,Healing
11534,Coco_Juice,Coconut Juice,Healing
11535,Almond_Chocolate,Almond Chocolate,Healing
11536,Cat_Hard_Biscuit,Cat Biscuit,Healing
11537,Rice_weevil_Bug,Rice Weevil Bug,Healing
11538,Octupus_Leg,Fresh Octopus Legs,Healing
11539,Athale_Choco,Athale Choco,Healing
11540,Shyai_Choco,Shyai Choco,Healing
11541,Mid_Choco,Mid Choco,Healing
11542,Zonda_Choco,Zonda Choco,Healing
11543,Goedo_Choco,Goedo Choco,Healing
11544,Huike_Choco,Huike Choco,Healing
11545,Rune_Choco,Rune Choco,Healing
11546,Pope_Choco,Pope Choco,Healing
11547,Woe_Violet_Potion,Siege Purple Potion,Healing
11548,Woe_White_Potion,Siege White Potion,Healing
11549,Woe_Blue_Potion,Siege Blue Potion,Healing
11550,Pumpkin_Cake,Pumpkin Cake,Healing
11551,Savory_Herb_Salad,Savory Herb Salad,Healing
11552,Apple_Carrot_Salad,Apple Carrot Salad,Healing
11553,Casual_Stew,Casual Stew,Healing
11554,Golden_Roasted_Apple,Golden Roasted Apple,Healing
11555,Red_Potion_RG,Red Potion RG,Healing
11556,Blue_Potion_RG,RG Blue Potion,Healing
11557,TE_White_Potion,TE White Potion,Healing
11558,TE_White_Slim_Potion,TE White Slim Potion,Healing
11562,Pie_Fruit,Pie Fruit,Healing
11563,Hot_Tee,Hot Tea,Usable
11564,Sweet_Canape,Sweet Canape,Usable
11565,White_Potion_B,White Potion,Healing
11566,Yellow_Potion_B,[Not For Sale] Yellow Potion,Healing
11567,Novice_Potion_B,Novice Potion,Healing
11568,Red_Slim_Potion_B,Red Slim Potion,Healing
11569,Orange_Potion_B,[Not For Sale] Orange Potion,Healing
11570,Red_Potion_B,[Not For Sale] Red Potion,Healing
11571,Green_Potion_B,Green Potion,Healing
11572,Blue_Potion_B,[Not For Sale] Blue Potion,Healing
11573,White_Slim_Potion_B,White Slim Potion,Healing
11574,Yellow_Slim_Potion_B,Yellow Slim Potion,Healing
11577,Rice_Ball_B,Rice Ball,Healing
11578,Candy_Striper_B,Candy Bar,Healing
11580,Candy_B,Candy,Healing
11581,Piece_Of_Cake_B,Piece of Cake,Healing
11582,Well_Baked_Cookie_B,Well-baked Cookie,Healing
11583,Chocolate_Drink_B,Chocolate Drink,Healing
11584,White_Chocolate_B,White Chocolate,Healing
11585,HandMade_Chocolate_B,Hand-made Chocolate,Healing
11586,HandMade_Chocolate_B_,Hand-made White Chocolate,Healing
11587,Chocolate_B,Chocolate,Healing
11588,Strawberry_,Fresh Strawberries,Healing
11589,Iceflake,Cold Snow Cone,Healing
11590,Meat_Skewer5,Skewer No.5,Healing
11592,Trance_Candy_R,Trans Candy Red,Healing
11593,Trance_Candy_B,Trans Candy Blue,Healing
11594,Trance_Candy_Y,Trans Candy Yellow,Healing
11595,Trance_Candy_G,Trans Candy Green,Healing
11596,Blood_In_Skull,Blood In Skull,Healing
11597,Iron_Bug,Iron Worm,Healing
11598,Bitter_Cacao_Bean,Bitter Cacao Bean,Healing
11599,superstar_potion,Superstar Potion,Healing
11600,ShiningHolyWater,Shining Holy Water,Healing
11601,Tasty_Anchovy,Delicious Anchovy,Healing
11602,Nepeta_Cataria,Catnip Fruit,Healing
11603,Fruit_Of_Mastela_,[Gift] Mastela Fruit,Healing
11604,Royal_Jelly_,[Gift] Royal Jelly,Healing
11605,Cookies_Bat,Cookie Bat,Healing
11606,Light_White_Pot_,[Not for Sale] Light White Potion,Healing
11607,Crepe,Sweet Crepe,Healing
11608,Chocolate_Egg,Chocolate Egg,Healing
11609,Yummy_Cookie_Egg,Tasty Cookie Egg,Healing
11610,Sweet_Melon,Sweet Melon,Healing
11611,Pop_Corn,Popcorn,Healing
11612,Aromatic_Pop_Corn,Aromatic Popcorn,Healing
11613,Harvest_Cookie,Harvest Biscuit,Healing
11614,Fresh_Milk,Fresh Milk,Healing
11615,Sweet_Potato_,Sweet Potato,Healing
11616,Yummy_Meat,Delicious Meat,Healing
11617,Silvervine_Choco,Silvervine Chocoball,Healing
11620,Bearopy,Bear Rope,Healing
11621,High_RedPotion,Red Syrup,Healing
11622,High_YelloPotion,Yellow Syrup,Healing
11623,High_WhitePotion,White Syrup,Healing
11624,High_BluePotion,Blue Syrup,Healing
11625,Gourmet_Popcorn,Gourmet Butter Popcorn,Healing
11626,Kings_Melon_5,Recooked Melon Bread,Healing
11627,High_Q_Beef_Jerky,High Quality Beef Jerky,Healing
11628,Fleshy_Larva,Fleshy Larva,Healing
11629,Acorn_Chocoball,Acorn Chocolate Ball,Healing
11630,Pignic_Lunch,Lunch Box,Healing
11631,2401_ev_Rainbow,New Year Rainbow Rice Cake,Healing
11632,2401_ev_Sesamepastry,New Year Dasik,Healing
11633,2401_ev_WindTteok,New Year Wind Rice Cake,Healing
11634,2401_ev_Yugwa,New Year Yugwa,Healing
11635,2401_ev_RedLin,Red Inverse Scale,Healing
11636,24_S_Ev_Lime_Soda,Lime Soda,Healing
11637,24_S_Ev_Berry_Soda,Berry Soda,Healing
11638,24_A_Ev_Choco_C,Symposium Choco Egg Cookie,Healing
11639,24_A_Ev_Egg_C,Symposium Egg Cookie,Healing
11640,E_Deli_BBQ,Well Roasted Meat,Healing
11641,E_Leather_Bottle,Leather Water Bottle,Healing
11701,Girl_Bunch_Of_Flower,Girl's Bouquet,Healing
11702,Moon_Cookie,Moon Cookie,Healing
11703,Mysterious_Blood,Mystery Blood,Healing
11704,KETUPAT_F,Ketupat,Healing
11705,Special_White_Potion,Children's Potion,Healing
11706,Steak,Steak,Healing
11707,Roasted_Beef,Roast Beef,Healing
11708,Fore_Flank_Sirloin,Fore Flank Sirloin,Healing
11709,Fanta_Zero_Lemon,Fanta Zero Lemon,Healing
11710,Sakura_Mist,Sakura Mist,Healing
11711,Sakura_Milk_Tea,Sakura Milk Tea,Healing
11712,First_Leaf_Tea,Flower,Healing
11713,Julia's_Candy,Julia's Candy,Healing
12000,Cold_Scroll_2_5,Level 5 Frost Diver,DelayConsume
12001,Holy_Scroll_1_3,Level 3 Heal,DelayConsume
12002,Holy_Scroll_1_5,Level 5 Heal,DelayConsume
12003,Holy_Scroll_2_1,Level 1 Teleport,DelayConsume
12004,Arrow_Container,Quiver,Usable
12005,Iron_Arrow_Container,Iron Arrow Quiver,Usable
12006,Steel_Arrow_Container,Steel Arrow Quiver,Usable
12007,Ori_Arrow_Container,Oridecon Arrow Quiver,Usable
12008,Fire_Arrow_Container,Fire Arrow Quiver,Usable
12009,Silver_Arrow_Container,Silver Arrow Quiver,Usable
12010,Wind_Arrow_Container,Wind Arrow Quiver,Usable
12011,Stone_Arrow_Container,Stone Arrow Quiver,Usable
12012,Crystal_Arrow_Container,Crystal Arrow Quiver,Usable
12013,Shadow_Arrow_Container,Shadow Arrow Quiver,Usable
12014,Imma_Arrow_Container,Immaterial Arrow Quiver,Usable
12015,Rusty_Arrow_Container,Rusty Arrow Quiver,Usable
12016,Speed_Up_Potion,Speed Potion,Usable
12017,Slow_Down_Potion,Slow Potion,Usable
12018,Fire_Cracker,Firecracker,Usable
12019,Holy_Egg,Holy Egg,DelayConsume
12020,Water_Of_Darkness,Cursed Water,DelayConsume
12021,Pork_Belly,Pork,Healing
12022,Spareribs,Galbi,Healing
12023,Giftbox_China,Wrapped Box,Usable
12024,Red_Pouch_Of_Surprise,Red Pouch,Usable
12025,Egg_Boy,Dano Festival Egg,Usable
12026,Egg_Girl,Dano Festival Egg,Usable
12027,Giggling_Box,Giggling Box,Usable
12028,Box_Of_Thunder,Box of Thunder,Usable
12029,Gloomy_Box,Box of Gloom,DelayConsume
12030,Box_Of_Grudge,Box of Resentment,Usable
12031,Sleepy_Box,Box of Drowsiness,Usable
12032,Box_Of_Storm,Box of Storms,DelayConsume
12033,Box_Of_Sunlight,Box of Sunlight,Usable
12034,Painting_Box,Box of Panting,Usable
12035,Lotto_Box01,Lotto Box 01,Usable
12036,Lotto_Box02,Lotto Box 02,Usable
12037,Lotto_Box03,Lotto Box 03,Usable
12038,Lotto_Box04,Lotto Box 04,Usable
12039,Lotto_Box05,Lotto Box 05,Usable
12040,Stone_Of_Intelligence_,Stone of Sage,Usable
12041,Str_Dish01,Fried Grasshopper Legs,Healing
12042,Str_Dish02,Seasoned Sticky Webfoot,Healing
12043,Str_Dish03,Bomber Steak,Healing
12044,Str_Dish04,Herb Marinade Beef,Healing
12045,Str_Dish05,Lutie Lady's Pancake,Healing
12046,Int_Dish01,Grape Juice Herbal Tea,Healing
12047,Int_Dish02,Autumn Red Tea,Healing
12048,Int_Dish03,Honey Herbal Tea,Healing
12049,Int_Dish04,Morocc Fruit Wine,Healing
12050,Int_Dish05,Mastela Fruit Wine,Healing
12051,Vit_Dish01,Steamed Crab Nippers,Healing
12052,Vit_Dish02,Assorted Seafood,Healing
12053,Vit_Dish03,Clam Soup,Healing
12054,Vit_Dish04,Seasoned Jellyfish,Healing
12055,Vit_Dish05,Spicy Fried Bao,Healing
12056,Agi_Dish01,Frog Egg Squid Ink Soup,Healing
12057,Agi_Dish02,Smooth Noodle,Healing
12058,Agi_Dish03,Tentacle Cheese Gratin,Healing
12059,Agi_Dish04,Lutie Cold Noodle,Healing
12060,Agi_Dish05,Steamed Bat Wing in Pumpkin,Healing
12061,Dex_Dish01,Honey Grape Juice,Healing
12062,Dex_Dish02,Chocolate Mousse Cake,Healing
12063,Dex_Dish03,Fruit Mix,Healing
12064,Dex_Dish04,Cream Sandwich,Healing
12065,Dex_Dish05,Green Salad,Healing
12066,Luk_Dish01,Fried Monkey Tails,Healing
12067,Luk_Dish02,Mixed Juice,Healing
12068,Luk_Dish03,Fried Sweet Potato,Healing
12069,Luk_Dish04,Steamed Ancient Lips,Healing
12070,Luk_Dish05,Fried Scorpion Tails,Healing
12071,Str_Dish06,Shiny Marinade Beef,Healing
12072,Str_Dish07,Whole Roast,Healing
12073,Str_Dish08,Bearfoot Special,Healing
12074,Str_Dish09,Tendon Satay,Healing
12075,Str_Dish10,Steamed Tongue,Healing
12076,Int_Dish06,Red Mushroom Wine,Healing
12077,Int_Dish07,Special Royal Jelly Herbal Tea,Healing
12078,Int_Dish08,Royal Family Tea,Healing
12079,Int_Dish09,Tristan XII,Healing
12080,Int_Dish10,Dragon Breath Cocktail,Healing
12081,Vit_Dish06,Awfully Bitter Bracer,Healing
12082,Vit_Dish07,Sumptuous Feast,Healing
12083,Vit_Dish08,Giant Burito,Healing
12084,Vit_Dish09,Ascending Dragon Soup,Healing
12085,Vit_Dish10,Immortal Stew,Healing
12086,Agi_Dish06,Chile Shrimp Gratin,Healing
12087,Agi_Dish07,Steamed Alligator with Vegetable,Healing
12088,Agi_Dish08,Incredibly Spicy Curry,Healing
12089,Agi_Dish09,Special Meat Stew,Healing
12090,Agi_Dish10,Steamed Desert Scorpions,Healing
12091,Dex_Dish06,Peach Cake,Healing
12092,Dex_Dish07,Soul Haunted Bread,Healing
12093,Dex_Dish08,Special Toast,Healing
12094,Dex_Dish09,Heavenly Fruit Juice,Healing
12095,Dex_Dish10,Hwergelmir's Tonic,Healing
12096,Luk_Dish06,Lucky Soup,Healing
12097,Luk_Dish07,Assorted Shish Kebob,Healing
12098,Luk_Dish08,Strawberry Flavored Rice Ball,Healing
12099,Luk_Dish09,Blood Flavored Soda,Healing
12100,Luk_Dish10,Cooked Nine Tail's Tails,Healing
12101,Citron,Citron,Healing
12102,Meat_Skewer,Grilled Skewer,Healing
12103,Bloody_Dead_Branch,Bloody Branch,Usable
12104,Random_Quiver,Random Quiver,Usable
12105,Set_Of_Taiming_Item,Taming Gift Set,Usable
12106,Accessory_Box,Jewelry Box,Usable
12107,Wrapped_Mask,Wrapped Mask,Usable
12108,Bundle_Of_Magic_Scroll,Scroll Package,Usable
12109,Poring_Box,Poring Box,Usable
12110,First_Aid_Kit,First Aid Kit,Usable
12111,Food_Package,Bundle of Food,Usable
12112,Tropical_Sograt,Tropical Sograt,Usable
12113,Vermilion_The_Beach,Vermilion on the Beach,Usable
12114,Elemental_Fire,Elemental Converter,DelayConsume
12115,Elemental_Water,Elemental Converter,DelayConsume
12116,Elemental_Earth,Elemental Converter,DelayConsume
12117,Elemental_Wind,Elemental Converter,DelayConsume
12118,Resist_Fire,Fireproof Potion,Usable
12119,Resist_Water,Coldproof Potion,Usable
12120,Resist_Earth,Earthproof Potion,Usable
12121,Resist_Wind,Thunderproof Potion,Usable
12122,Sesame_Pastry,Sesame Pastry,Usable
12123,Honey_Pastry,Honey Pastry,Usable
12124,Rainbow_Cake,Rainbow Cake,Usable
12125,Outdoor_Cooking_Kits,Outdoor Cooking Kit,Usable
12126,Indoor_Cooking_Kits,Home Cooking Kit,Usable
12127,High_end_Cooking_Kits,Professional Cooking Kit,Usable
12128,Imperial_Cooking_Kits,Royal Cooking Kit,Usable
12129,Fantastic_Cooking_Kits,Fantastic Cooking Kit,Usable
12130,Cookie_Bag,Cookie Bag,Usable
12131,Lucky_Potion,Lucky Potion,Healing
12132,Red_Bag,Santa's Bag,Usable
12133,Ice_Cream_,McDonald's Ice Cone,Healing
12134,Red_Envelope,Red Envelope,Usable
12135,Green_Ale,Green Ale,Usable
12136,Women's_Bundle,Women's Bundle,Usable
12137,1st_Stage_Prize,First Stage Prize,Usable
12138,2nd_Stage_Prize,Second Stage Prize,Usable
12139,3rd_Stage_Prize,Third Stage Prize,Usable
12140,4th_Stage_Prize,Fourth Stage Prize,Usable
12141,5th_Stage_Prize,Fifth Stage Prize,Usable
12142,Magic_Book,Book of Magic,Usable
12143,Red_Can,Red Can,Usable
12144,Sphere_Case_Wind,Lightning Sphere Pack,Usable
12145,Sphere_Case_Darkness,Blind Sphere Pack,Usable
12146,Sphere_Case_Poison,Poison Sphere Pack,Usable
12147,Sphere_Case_Water,Freezing Sphere Pack,Usable
12148,Sphere_Case_Fire,Flare Sphere Pack,Usable
12149,Bullet_Case,Cartridge,Usable
12150,Bullet_Case_Blood,Blood Cartridge,Usable
12151,Bullet_Case_Silver,Silver Cartridge,Usable
12152,Special_Box,Special Present,Usable
12153,Bow_Mercenary_Scroll1,Bowman Scroll 1,Usable
12154,Bow_Mercenary_Scroll2,Bowman Scroll 2,Usable
12155,Bow_Mercenary_Scroll3,Bowman Scroll 3,Usable
12156,Bow_Mercenary_Scroll4,Bowman Scroll 4,Usable
12157,Bow_Mercenary_Scroll5,Bowman Scroll 5,Usable
12158,Bow_Mercenary_Scroll6,Bowman Scroll 6,Usable
12159,Bow_Mercenary_Scroll7,Bowman Scroll 7,Usable
12160,Bow_Mercenary_Scroll8,Bowman Scroll 8,Usable
12161,Bow_Mercenary_Scroll9,Bowman Scroll 9,Usable
12162,Bow_Mercenary_Scroll10,Bowman Scroll 10,Usable
12163,SwordMercenary_Scroll1,Fencer Scroll 1,Usable
12164,SwordMercenary_Scroll2,Fencer Scroll 2,Usable
12165,SwordMercenary_Scroll3,Fencer Scroll 3,Usable
12166,SwordMercenary_Scroll4,Fencer Scroll 4,Usable
12167,SwordMercenary_Scroll5,Fencer Scroll 5,Usable
12168,SwordMercenary_Scroll6,Fencer Scroll 6,Usable
12169,SwordMercenary_Scroll7,Fencer Scroll 7,Usable
12170,SwordMercenary_Scroll8,Fencer Scroll 8,Usable
12171,SwordMercenary_Scroll9,Fencer Scroll 9,Usable
12172,SwordMercenary_Scroll10,Fencer Scroll 10,Usable
12173,SpearMercenary_Scroll1,Spearman Scroll 1,Usable
12174,SpearMercenary_Scroll2,Spearman Scroll 2,Usable
12175,SpearMercenary_Scroll3,Spearman Scroll 3,Usable
12176,SpearMercenary_Scroll4,Spearman Scroll 4,Usable
12177,SpearMercenary_Scroll5,Spearman Scroll 5,Usable
12178,SpearMercenary_Scroll6,Spearman Scroll 6,Usable
12179,SpearMercenary_Scroll7,Spearman Scroll 7,Usable
12180,SpearMercenary_Scroll8,Spearman Scroll 8,Usable
12181,SpearMercenary_Scroll9,Spearman Scroll 9,Usable
12182,SpearMercenary_Scroll10,Spearman Scroll 10,Usable
12183,Holy_Arrow_Quiver,Holy Arrow Quiver,Usable
12184,Mercenary_Red_Potion,Mercenary Red Potion,Usable
12185,Mercenary_Blue_Potion,Mercenary Blue Potion,Usable
12186,Red_Box,Old Red Box,Usable
12187,Green_Box,Old Green Box,Usable
12188,Magical_Moon_Cake,Grace Moon Cake,Healing
12189,Red_Box_,Old Red Box,Usable
12190,Moon_Cake,Moon Cake,Usable
12191,Special_Moon_Cake,Special Moon Cake,Usable
12192,Pumpkin_Pie,Pumpkin Pie,Healing
12193,Brezel,Pretzel,Usable
12194,Hometown_Gift,Hometown Gift,Usable
12195,Plain_Rice_Cake,Plain Rice Cake,Healing
12196,Hearty_Rice_Cake,Hearty Rice Cake,Healing
12197,Salty_Rice_Cake,Salty Rice Cake,Healing
12198,Lucky_Rice_Cake,Lucky Rice Cake,Usable
12199,Rice_Scroll,Scroll of Magic,Usable
12200,Event_Cake,X-mas Cake,DelayConsume
12201,Red_Box_C,Commonplace Red Box,Usable
12202,Str_Dish10_,Steamed Tongue,Healing
12203,Agi_Dish10_,Steamed Scorpion,Healing
12204,Int_Dish10_,Dragon Breath Cocktail,Healing
12205,Dex_Dish10_,Hwergelmir's Tonic,Healing
12206,Luk_Dish10_,Cooked Nine Tail's Tails,Healing
12207,Vit_Dish10_,Stew Of Immortality,Healing
12208,Battle_Manual,Battle Manual,Usable
12209,Insurance,Life Insurance,Usable
12210,Bubble_Gum,Bubble Gum,Usable
12211,Kafra_Card,Kafra Card,Usable
12212,Giant_Fly_Wing,Giant Fly Wing,Usable
12213,Neuralizer,Neuralizer,DelayConsume
12214,Convex_Mirror,Convex Mirror,Usable
12215,Blessing_10_Scroll,LV10 Blessing Scroll,Usable
12216,Inc_Agi_10_Scroll,LV10 Agil Scroll,Usable
12217,Aspersio_5_Scroll,LV5 Aspersio Scroll,Usable
12218,Assumptio_5_Scroll,LV5 Assumptio Scroll,Usable
12219,Wind_Walk_10_Scroll,LV10 Wind Walker Scroll,Usable
12220,Adrenaline_Scroll,LV5 Adrenaline Scroll,Usable
12221,Megaphone_,Megaphone,Usable
12223,Sweets_Macacake,Sweets Macaron Cake,Usable
12224,Sweets_Sparfait,Sweets Strawberry Parfait,Usable
12225,Sweet_Candy_Striper,Sweet Candy Cane,Usable
12226,Examination1,Examination 1,Healing
12227,Examination2,Examination 2,Healing
12228,Examination3,Examination 3,Healing
12229,Examination4,Examination 4,Healing
12230,Examination5,Examination 5,Healing
12231,Examination6,Examination 6,Healing
12232,Gingerbread,Ginger Bread,Usable
12233,Kvass,Kvass,Healing
12234,Cacao99,Fierce Cacao 99%,Healing
12235,Strawberry_Choco,Chocolate Strawberry,Usable
12236,Choco_Tart,Chocolate Tart,DelayConsume
12237,Choco_Lump,Junky Chocolate,Usable
12238,New_Year_Rice_Cake_1,New Year Rice Cake,Usable
12239,New_Year_Rice_Cake_2,New Year Rice Cake,Usable
12240,Old_Yellow_Box,Old Yellow Box,Usable
12241,M_Center_Potion,Mercenary Concentration Potion,Usable
12242,M_Awakening_Potion,Mercenary Awakening Potion,Usable
12243,M_Berserk_Potion,Mercenary Berserk Potion,Usable
12244,Old_Gift_Box,Old Gift Box,Usable
12245,Green_Ale_US,Green Ale,Healing
12246,Magic_Card_Album,Mystical Card Album,Usable
12247,Halohalo,Halo-Halo,Usable
12248,Masquerade_Ball_Box,Fancy Ball Box,Usable
12249,Payroll_Of_Kafra_,Payment Statement for Kafra Employee,Usable
12250,Str_Dish10_M,Steamed Tongue,Usable
12251,Agi_Dish10_M,Steamed Desert Scorpions,Usable
12252,Int_Dish10_M,Dragon Breath Cocktail,Usable
12253,Dex_Dish10_M,Hwergelmir's Tonic,Usable
12254,Luk_Dish10_M,Cooked Nine Tail,Usable
12255,Vit_Dish10_M,Immortal Stew,Usable
12256,PRO_Gift_Box,PRO Gift Box,Usable
12257,Cold_Medicine,Cold Medicine,Healing
12258,Bombring_Box,Bomb Poring Box,Usable
12259,Miracle_Medicine,Miracle Tonic,Usable
12260,Cool_Summer_Outfit,Cool Summer Outfit,Usable
12261,Secret_Medicine,Leap of Fantasy,Usable
12262,Inspector_Certificate_,Authoritative Badge,Usable
12263,Comp_Battle_Manual,Field Manual,Usable
12264,Comp_Bubble_Gum,Bubble Gum,Usable
12265,Comp_Insurance,Life Insurrance,Usable
12266,Sesame_Pastry_,Sesame Pastry,Usable
12267,Honey_Pastry_,Honey Pastry,Usable
12268,Rainbow_Cake_,Rainbow Cake,Usable
12269,Tasty_Colonel,Tasty Pink Ration,Usable
12270,Tasty_Major,Tasty White Ration,Usable
12271,Mre_A,Military Ration A,Healing
12272,Mre_B,Military Ration B,Usable
12273,Mre_C,Military Ration C,Usable
12274,Gold_Pill_1,Daehwandan,Healing
12275,Gold_Pill_2,Taecheongdan,Healing
12276,Mimic_Scroll,Mimic Scroll,Usable
12277,Disguise_Scroll,Disguise Scroll,Usable
12278,Alice_Scroll,Alice Scroll,Usable
12279,Undead_Element_Scroll,Undead Elemental Scroll,Usable
12280,Holy_Element_Scroll,Holy Elemental Scroll,Usable
12281,Tresure_Box_WoE,Event Treasure Box,Usable
12282,Internet_Cafe1,Internet Cafe1,Usable
12283,Internet_Cafe2,Internet Cafe2,Usable
12284,Internet_Cafe3,Internet Cafe3,Usable
12285,Internet_Cafe4,Internet Cafe4,Usable
12286,Masquerade_Ball_Box2,Masquerade Ball Box2,Usable
12287,Love_Angel,Love Angel Magic Powder,Usable
12288,Squirrel,Squirrel Magic Powder,Usable
12289,Gogo,Gogo Magic Powder,Usable
12290,Mysterious_Can,Mysterious Can Magic Powder,Usable
12291,Mysterious_PET_Bottle,Mysterious PET Bottle,Usable
12292,Unripe_Fruit,Unripe Yggdrasilberry,Healing
12293,Dried_Yggdrasilberry,Dried Yggdrasilberry,Healing
12294,PC_Bang_Coin_Box1,PC-Room Coin Box,Usable
12295,PC_Bang_Coin_Box2,PC-Room Coin Box,Usable
12296,PC_Bang_Coin_Box3,Splendid Spring Hat Box,Usable
12297,PC_Bang_Coin_Box4,PC-Room Coin Box,Usable
12298,SP_Potion,SP Consumption Reduction Potion,Usable
12299,Mega_Resist_Potion,Mega Resist Potion,Usable
12300,Wild_Rose_Scroll,Wild Rose Contract,Usable
12301,Doppelganger_Scroll,Doppelganger Contract,Usable
12302,Ygnizem_Scroll,Egnigem Cenia Contract,Usable
12303,Water_Of_Blessing,Blessing Of Water,Usable
12304,Picture_Diary,Diary Magic Powder,Usable
12305,Mini_Heart,Mini Heart Magic Powder,Usable
12306,Newcomer,Freshman Magic Powder,Usable
12307,Kid,Kid Magic Powder,Usable
12308,Magic_Castle,Magic Magic Powder,Usable
12309,Bulging_Head,JJangu Magic Powder,Usable
12310,Spray_Of_Flowers,Spray Of Flowers,Usable
12311,Large_Spray_Of_Flowers,Huge Spray Of Flowers,DelayConsume
12312,Thick_Manual50,Thick Battle Manual,Usable
12313,Protection_Of_Angel,Guardian Angel,Usable
12314,Noive_Box,Adventurer Returns Support Box,Usable
12315,Goddess_Bless,Goddess Of Blessing,Usable
12316,Angel_Bless,Angel Of Blessing,Usable
12317,Powder_Snow,Snow Powder,Usable
12318,Little_Heart,Small Hearts,Usable
12319,Strawberry_Cake,Rune Strawberry Cake,Usable
12320,Pineapple_Juice,Schwarzwald Pine Jubilee,Usable
12321,Spicy_Sandwich,Arunafeltz Desert Sandwich,Usable
12322,Chocolate_Pie,Chocolate Pie,Healing
12323,N_Fly_Wing,Novice Fly Wing,DelayConsume
12324,N_Butterfly_Wing,Novice Butterfly Wing,DelayConsume
12325,N_Magnifier,Novice Magnifier,DelayConsume
12326,J_Firecracker,Large Firecracker,Usable
12327,Charm_Of_Luck,Charm Of Luck,Usable
12328,Charm_Of_Happiness,Charm Of Happiness,Usable
12329,Recall_MaleGM,Summon Male GameMaster Scroll,Usable
12330,Recall_FemaleGM,Summon Female GameMaster Scroll,Usable
12331,Ginseng,Ginseng,Healing
12332,Fruit_Juice,Fruit Juice,Healing
12333,Ansila,Ancilla,Usable
12334,Cherish_Box,Treasure Edition Helm Box,Usable
12335,Yummy_Skewered_Dish,Grilled Delicious Skewer,Healing
12336,Baked_Mushroom,Grilled Mushroom,Healing
12337,Grilled_Sausage,Grilled Sausages,Healing
12338,Grilled_Corn,Grilled Corn,Usable
12339,Cherish_Box_Ori,Treasure Edition Box,Usable
12340,Mysterious_Rice_Powder,Chewy Rice Powder,Usable
12341,Special_Alloy_Trap_Box,Special Alloy Trap Box,Usable
12342,Manuk's_Opportunity,Manuk's Opportunity,Usable
12343,Manuk's_Courage,Manuk's Courage,Usable
12344,Pinguicula's_fruit_Jam,Pinguicula's Fruit Jam,Usable
12345,Luciola's_Honey_Jam,Luciola's Honey Jam,Usable
12346,Unripe_Acorn,Unripe Acorn,Usable
12347,Acorn_Jelly,Acorn Jelly,DelayConsume
12348,Manuk's_Faith,Manuk's Faith,Usable
12349,Cornus'_Tears,Cornus' Tears,Usable
12350,Angeling_Potion,Angeling Potion,DelayConsume
12351,Shout_Megaphone,Scream Megaphone,DelayConsume
12352,Dun_Tele_Scroll3_fr,Dungeon Teleport Scroll 3,Usable
12353,Tiny_Waterbottle,Small Bottle,Usable
12354,Buche_De_Noel,Buche De Noel,Usable
12355,Xmas_Gift,Xmas Gift,Usable
12356,Louise_Costume_Box,Louise Costume Box,Usable
12357,Shiny_Wing_Gown,Shiny Wing Gown,Usable
12358,Fan_Of_Wind,Fan Of Wind,Usable
12359,Very_Soft_Plant,Very Soft Plant,Usable
12360,Very_Red_Juice,Very Red Juice,Usable
12361,Delicious_Shaved_Ice,Delicious Shaved Ice,Usable
12362,Kuloren,Kuloren,Usable
12363,Fit_Pipe,Fit Pipe,Usable
12364,Staff_Of_Leader,Staff Of Leader,Usable
12365,Charming_Lotus,Charming Lotus,Usable
12366,Gril_Doll,Girl's Doll,Usable
12367,Luxury_Whisky_Bottle,Luxury Whisky Bottle,Usable
12368,Splendid_Mirror,Splendid Mirror,Usable
12369,Oilpalm_Coconut,Oilpalm Coconut,Usable
12370,Gril's_Naivety,Girl's Naivety,Usable
12371,Magical_Lithography,Magical Lithography,Usable
12372,Hell_Contract,Hell Contract,Usable
12373,Boy's_Naivety,Boy's Pure Heart,Usable
12374,Flaming_Ice,Ice Fireworks,Usable
12375,Acaraje,Akaraje,Usable
12376,Mysterious_Can2,Mysterious Can2,DelayConsume
12377,Mysterious_PET_Bottle2,Mysterious PET Bottle2,DelayConsume
12378,2009_Rice_Cake_Soup,Rice Cake Soup,Usable
12379,Pope's_Cookie,Pope Cookie,Usable
12380,Desert_Wolf_Babe_Scroll,Job Change Flute,Usable
12381,ValkyrieA_Scroll,Ancient Languages Scroll,Usable
12382,ValkyrieB_Scroll,Ancient Languages Scroll,Usable
12383,Vulcan_Bullet_Magazine,Vulcan Bullet Magazine,Usable
12384,Rainbow_Ruby_Water,Rainbow Ruby,DelayConsume
12385,Rainbow_Ruby_Fire,Rainbow Ruby,DelayConsume
12386,Rainbow_Ruby_Wind,Rainbow Ruby,DelayConsume
12387,Rainbow_Ruby_Earth,Rainbow Ruby,DelayConsume
12388,Runstone_Crush,Rhydo Runestone For Apprentice,DelayConsume
12389,Runstone_Storm,Pertz Runestone For Apprentice,DelayConsume
12390,Runstone_Millennium,Verkana Runestone For Apprentice,DelayConsume
12391,Lucky_Egg_C,Lucky Egg C,Usable
12392,RepairA,Repair A,Usable
12393,RepairB,Repair B,Usable
12394,RepairC,Repair C,Usable
12395,Tantanmen,Tantan Noodle,Usable
12396,Fools_Day_Box,Gift Box?,DelayConsume
12397,Fools_Day_Box2,Gift Box?,DelayConsume
12398,PCBang_Gift_Box,PC Cafe Gift Box,Usable
12399,Castle_Treasure_Box,Castle Treasure Box,Usable
12400,Water_Of_Blessing_,Water Of Blessing,Usable
12401,Rune_Kn_Test_Int,Rune Kn Test Int,Usable
12402,29Fruit,29Fruit,Usable
12403,Lucky_Egg_C2,Lucky Egg C2,Usable
12404,Acti_Potion,Acti Potion,Usable
12405,Underripe_Yggseed,Underripe Yggseed,Usable
12406,Psychic_ArmorS,Psychic ArmorS,Usable
12407,PCBang_Coupon_Box,PC Cafe Coupon Box,Usable
12408,Leaf_Cat_Ball,Hydra Ball,Usable
12409,Pork_Belly_H,1st Class Pork Belly,Usable
12410,Spareribs_H,Thick Pork Belly,Usable
12411,HE_Battle_Manual,HE Battle Manual,Usable
12412,HE_Bubble_Gum,HE Bubble Gum,Usable
12413,PCBang_Coupon_Box2,PC Cafe Coupon BoxⅡ,Usable
12414,Guarana_Candy,Guarana Candy,Usable
12415,Siege_Teleport_Scroll2,Siege Teleport Scroll Silver,Usable
12416,Lucky_Egg_C3,Lucky Egg C3,Usable
12417,Boost500,Boost500,Usable
12418,Full_SwingK,Full SwingK,Usable
12419,Mana_Plus,Mana Plus,Usable
12420,Stamina_Up_M,Stamina Up M,Usable
12421,Digestive_F,Falmons F,Usable
12422,HP_Increase_PotionS,HP Increase Potion (Small),Usable
12423,HP_Increase_PotionM,HP Increase Potion (Medium),Usable
12424,HP_Increase_PotionL,HP Increase Potion (Large),Usable
12425,SP_Increase_PotionS,SP Increase Potion (Small),Usable
12426,SP_Increase_PotionM,SP Increase Potion (Medium),Usable
12427,SP_Increase_PotionL,SP Increase Potion (Large),Usable
12428,Enrich_White_PotionZ,Concentrated White Potion Z,Healing
12429,Savage_BBQ,Savage Full Roast,Usable
12430,Wug_Blood_Cocktail,Cocktail Warg Blood,Usable
12431,Minor_Brisket,Minor Stew,Usable
12432,Siroma_Icetea,Siroma Iced Tea,Usable
12433,Drocera_Herb_Stew,Drosera Herb Salad,Usable
12434,Petti_Tail_Noodle,Petite Tail Noodles,Usable
12435,Black_Thing,Black Mass,Usable
12436,Vitata500,Vitata 500,Healing
12437,Enrich_Celermine_Juice,Concentrated Ceromain Soup,Usable
12438,F_Giant_Fly_Wing,F Giant Fly Wing,Usable
12439,F_Battle_Manual,F Old Battle Manual,Usable
12440,F_Insurance,F Insurance,Usable
12441,F_Bubble_Gum,F Old Bubble Gum,Usable
12442,F_Kafra_Card,F Kafra Card,Usable
12443,F_Neuralizer,F Neuralizer,Usable
12444,F_Dun_Tele_Scroll1,WoE Telport Scroll,Usable
12445,F_Str_Dish10_,F Str Dish10,Usable
12446,F_Agi_Dish10_,F Agi Dish10,Usable
12447,F_Int_Dish10_,F Int Dish10,Usable
12448,F_Dex_Dish10_,F Dex Dish10,Usable
12449,F_Luk_Dish10_,F Luk Dish10,Usable
12450,F_Vit_Dish10_,F Vit Dish10,Usable
12451,F_WOB_Rune,F WOB Rune,Usable
12452,F_WOB_Schwaltz,F WOB Schwarz,Usable
12453,F_WOB_Rachel,F WOB Rachel,Usable
12454,F_WOB_Local,F WOB Local,Usable
12456,F_Greed_Scroll,F Greed Scroll,DelayConsume
12457,F_Glass_Of_Illusion,F Glass Of Illusion,Usable
12458,F_Abrasive,F Abrasive,Usable
12459,F_Med_Life_Potion,F Med Life Potion,Usable
12460,F_Small_Life_Potion,F Small Life Potion,Usable
12461,F_Regeneration_Potion,F Regeneration Potion,Usable
12462,F_B_Mdef_Potion,F B Mdef Potion,Usable
12463,F_S_Mdef_Potion,F S Mdef Potion,Usable
12464,F_B_Def_Potion,F B Def Potion,Usable
12465,F_S_Def_Potion,F S Def Potion,Usable
12466,F_Blessing_10_Scroll,F Blessing 10 Scroll,DelayConsume
12467,F_Inc_Agi_10_Scroll,F Inc Agi 10 Scroll,DelayConsume
12468,F_Aspersio_5_Scroll,F Aspersio 5 Scroll,DelayConsume
12470,F_Wind_Walk_10_Scroll,F Wind Walk 10 Scroll,DelayConsume
12471,F_Adrenaline_Scroll,F Adrenaline Scroll,DelayConsume
12472,F_Convex_Mirror,F Convex Mirror,Usable
12473,RWC_Parti_Box,RWC Parti Box,Usable
12474,RWC_Final_Comp_Box,RWC Final Comp Box,Usable
12475,Cure_Free,Cure Free,Usable
12476,PCBang_Coupon_Box3,PC Cafe Coupon Box,Usable
12477,Gift_Bundle,Prontera Costume Pack,Usable
12478,Chance_Box,Box of Opportunity,Usable
12479,Caracas_Ring_Box,Test Your Luck Box,Usable
12480,Attend_3Day_Box,Attendance 3day Box,Usable
12481,Attend_7Day_Box,Attendance 7day Box,Usable
12482,Attend_10Day_Box,Attendance 10day Box,Usable
12483,Attend_15Day_Box,Attendance 15day Box,Usable
12484,Attend_20Day_Box,Attendance 20day Box,Usable
12485,Attend_25Day_Box,Attendance 25day Box,Usable
12486,GoldPC_First_Box,Beast Summoning Seal Book,Usable
12487,PC_4Leaf_Clover_Box,PC 4Leaf Clover Box,Usable
12488,Ticket_Gift_Box,Valkyrie Mercenary Scroll,Usable
12489,Ticket_Gift_Box2,Ticket Gift Box II,Usable
12490,Vivid_Notation,Christmas Music Box,Usable
12491,Curious_Snowball,Curious Snowball,Usable
12492,Crumpled_Paper,Crumpled Paper,Usable
12493,Lucky_Egg_C4,Lucky Egg C4,Usable
12494,E_Giant_Fly_Wing,E Giant Fly Wing,Usable
12495,E_Battle_Manual,E Battle Manual,Usable
12496,E_Insurance,E Insurance,Usable
12497,E_Bubble_Gum,E Bubble Gum,Usable
12498,E_Kafra_Card,E Kafra Card,Usable
12499,E_Neuralizer,E Neuralizer,Usable
12500,E_Dun_Tele_Scroll1,E Dun Tele Scroll1,Usable
12501,E_Str_Dish10_,Steamed Tongue,Usable
12502,E_Agi_Dish10_,Steamed Desert Scorpions,Usable
12503,E_Int_Dish10_,Dragon Breath Cocktail,Usable
12504,E_Dex_Dish10_,Hwergelmir's Tonic,Usable
12505,E_Luk_Dish10_,Cooked Nine Tail,Usable
12506,E_Vit_Dish10_,Immortal Stew,Usable
12507,E_WOB_Rune,Yellow Butterfly Wing,Usable
12508,E_WOB_Schwaltz,Green Butterfly Wing,Usable
12509,E_WOB_Rachel,Red Butterfly Wing,Usable
12510,E_WOB_Local,Blue Butterfly Wing,Usable
12511,E_Siege_Teleport_Scroll,E Siege Teleport Scroll,Usable
12512,E_Greed_Scroll,E Greed Scroll,DelayConsume
12513,E_Glass_Of_Illusion,E Glass Of Illusion,Usable
12514,E_Abrasive,E Abrasive,Usable
12515,E_Med_Life_Potion,E Med Life Potion,Usable
12516,E_Small_Life_Potion,E Small Life Potion,Usable
12517,E_Regeneration_Potion,E Regeneration Potion,Usable
12518,E_B_Mdef_Potion,E B Mdef Potion,Usable
12519,E_S_Mdef_Potion,E S Mdef Potion,Usable
12520,E_B_Def_Potion,E B Def Potion,Usable
12521,E_S_Def_Potion,E S Def Potion,Usable
12522,E_Blessing_10_Scroll,Blessing Scroll Lv 10,DelayConsume
12523,E_Inc_Agi_10_Scroll,Increase Agility Scroll Lv 10,DelayConsume
12524,E_Aspersio_5_Scroll,Aspersio Scroll Lv 5,DelayConsume
12525,E_Assumptio_5_Scroll,Assumptio Scroll Lv 5,DelayConsume
12526,E_Wind_Walk_10_Scroll,Wind Walk Scroll Lv 10,DelayConsume
12527,E_Adrenaline_Scroll,Adrenaline Scroll,DelayConsume
12528,E_Convex_Mirror,Convex Mirror,Usable
12529,White_Slim_Potion_Box,White Slim Potion Box,Usable
12530,Mastela_Fruit_Box,Mastela Fruit Box,Usable
12531,White_Potion_Box,White Potion Box,Usable
12532,Royal_Jelly_Box2,Royal Jelly Box,Usable
12533,Blue_Herb_Box2,Blue Herb Box,Usable
12534,Yggdrasil_Seed_Box,Yggdrasil Seed Box,Usable
12535,Iggdrasilberry_Box,Iggdrasilberry Box,Usable
12536,NY_Rice_Cake_Soup,NY Rice Cake Soup,Usable
12537,Solo_Gift_Basket,Gift Chocolate Basket,Usable
12538,Couple_Event_Basket,Firecracker Basket,Usable
12539,Splendid_Box,Splendid Box,Usable
12540,GM_Warp_Box,GM Warp Box,Usable
12541,Fortune_Cookie1,Fortune Cookie1,Usable
12542,Fortune_Cookie2,Fortune Cookie2,Usable
12543,Fortune_Cookie3,Fortune Cookie3,Usable
12544,Mystic_Tree_Branch,Mystic Tree Branch,Usable
12545,Lucky_Egg_C5,Lucky Egg C5,Usable
12546,Suspicious_Dish,Suspicious Dish,Usable
12547,Chalcenodny_Box,Chalcenodny Box,Usable
12548,Buy_Market_Permit2,Shabby Purchase Street Stall License,Usable
12549,White_Slim_Pot_Box2,White Slim Pot Box2,Usable
12550,Poison_Bottle_Box2,Deadly Poison Box,Usable
12551,MVP_Tele_Scroll,MVP Tele Scroll,Usable
12552,Quest_Tele_Scroll,Quest Tele Scroll,Usable
12553,Brysinggamen_Piece_Box,Brysinggamen Piece Box,Usable
12554,Asprika_Piece_Box,Asprika Piece Box,Usable
12555,Brynhild_Piece_Box,Brynhild Piece Box,Usable
12556,Sleipnir_Piece_Box,Sleipnir Piece Box,Usable
12557,Mjolnir_Piece_Box,Mjolnir Piece Box,Usable
12558,Magingiorde_Piece_Box,Magingiorde Piece Box,Usable
12559,Tenkaippin_Strong,Tenkaippin Strong,Usable
12560,Tenkaippin_Clean,Tenkaippin Clean,Usable
12561,Mysterious_Seed,Mysterious Seed,Usable
12562,Bubble_Gum_Plus,Bubble Gum Plus,Usable
12563,BM75,BM75,Usable
12564,3D_Glasses_Box,3D Glasses Box,Cash
12565,Cheer_Scarf_Box,Cheering Scarf Box,Usable
12566,Cheer_Scarf2_Box,Cheering Scarf II Box,Cash
12567,Cheer_Scarf3_Box,Cheering Scarf Box,Cash
12568,Cheer_Scarf4_Box,Cheering Scarf Box,Cash
12569,Cheer_Scarf6_Box,Cheering Scarf Box,Cash
12570,Cheer_Scarf8_Box,Cheering Scarf Box,Cash
12571,Cheer_Scarf10_Box,Cheering Scarf Box,Cash
12572,Cheer_Scarf10_Box2,Cheering Scarf Box,Cash
12573,Fruit_Basket,Fruit Basket,Usable
12574,Mora_Berry,Mora Berry,Usable
12575,Arrow_Of_Elf_Cntr,Arrow Of Elf Cntr,Usable
12576,Hunting_Arrow_Cntr,Hunting Arrow Cntr,Usable
12577,Lucky_Egg_C6,Lucky Egg C6,Usable
12578,Rapid_Life_Water,Rapid Life Water,Usable
12579,Ring_Of_Valkyrie_Box,Valkyrie Ring Box,Cash
12580,Vending_Search_Scroll,Universal Catalog Silver,Usable
12581,Vending_Search_Scroll2,Universal Catalog Gold,Usable
12582,Siege_Supply_Box,WoE Supply Box,Usable
12583,PR_Team_Box,Public Relations box,Cash
12584,Develop_Team_box,Development Team box,Cash
12585,Marketing_Team_Box,Marketing Team box,Cash
12586,Operating_Team_Box,Operation Team box,Cash
12587,Summer_Night_box,A Summer Night's Box,Cash
12588,Summer_Night_box2,A Summer Night's Box2,Cash
12589,Summer_Night_box3,A Summer Night's Box3,Cash
12591,Uni_Catalog_Bz,Universal Catalog Bronze,Usable
12592,Cyclops_Box1,Cyclops Box1,DelayConsume
12593,Cyclops_Box2,Cyclops Box2,DelayConsume
12594,Cyclops_Box3,Cyclops Box3,DelayConsume
12595,Lucky_Egg_C7,Lucky Egg C7,Usable
12596,Magic_Candy,Magic Candy,Usable
12597,Opor_Ayam,Opor Ayam,DelayConsume
12598,Dendeng_Balado,Dendeng Balado,DelayConsume
12599,Kurma,Kurma,DelayConsume
12600,Treasure_Box_Scroll,Treasure Chest Summoned,DelayConsume
12601,Cold_Watermelon_Juice,Fresh Watermelon Juice,Healing
12602,Special_Box1,Special Box I,Usable
12603,Special_Box2,Special Box II,Usable
12604,Special_Box3,Special Box III,Usable
12605,Special_Box4,Special Box IV,Usable
12606,Special_Box5,Special Box V,Usable
12607,Lolli_Pop_Box,Lolli Pop Box,Usable
12608,Splendid_Box2,Splendid Box2,Usable
12609,Old_Ore_Box,Old Ore Box,Usable
12610,Mysterious_Egg,Mysterious Egg,Usable
12612,Old_Coin_Pocket,Old Coin Bag,Usable
12613,High_Coin_Pocket,Improved Coin Bag,Usable
12614,Mid_Coin_Pocket,Intermediate Coin Bag,Usable
12615,Low_Coin_Pocket,Minor Coin Bag,Usable
12616,Sgrade_Pocket,S Grade Coin Bag,Usable
12617,Agrade_Pocket,A Grade Coin Bag,Usable
12618,Bgrade_Pocket,B Grade Coin Bag,Usable
12619,Cgrade_Pocket,C Grade Coin Bag,Usable
12620,Dgrade_Pocket,D Grade Coin Bag,Usable
12621,Egrade_Pocket,E Grade Coin Bag,Usable
12622,Boarding_Halter,Reins Of Mount,Usable
12623,High_Weapon_Box,Advanced Weapons Box,Usable
12624,Delicious_Jelly,Delicious Jelly,Healing
12625,Sapa_Feat_Cert_Pack,Sapha Certification Bag,Usable
12626,Wander_Man_Scroll,Wander Man Scroll,Usable
12627,Wicked_Nymph_Scroll,Wicked Nymph Scroll,Usable
12628,Kasa_Scroll,Kasa Scroll,Usable
12629,Salamander_Scroll,Salamander Scroll,Usable
12630,Teddy_Bear_Scroll,Teddy Bear Scroll,Usable
12631,Macro_Stone_A,Macro Stone A,Usable
12632,Macro_Stone_B,Macro Stone B,Usable
12633,Malang_Cat_Can,Malangdo Cat Can,Usable
12634,Macro_Stone_A1,Macro Stone A1,Usable
12635,Macro_Stone_A2,Macro Stone A2,Usable
12636,Malang_Sp_Can,Malangdo Canned Specialties,Usable
12637,Gong_Bug_Pocket,Sow Bug Pocket,Usable
12638,Dried_Squid_Box,Dried Squid Box,Usable
12639,Flying_Fish_Box,Flying Fish Box,Usable
12640,Starfish_Box,Starfish Box,Usable
12641,Lucky_Egg_C8,Lucky Egg C8,Usable
12642,Fruit_Of_Mastela_Box2,Fruit Of Mastela 100 Box,Usable
12643,E_Coin_Pack50,E Coin Pack50,Usable
12644,PCBang_Coupon_Box4,PC Cafe Coupon BoxIV,Usable
12645,J_Aspersio_5_Scroll_C,J Aspersio 5 Scroll C,Usable
12646,Takoyaki,Fried Octopus Legs,Usable
12647,Ink_Ball,Sea Ink,Usable
12648,Special_Potion_Set,Comprehensive Set Of Potions,Usable
12649,Lv70_Imperial_Gift,Level 70 Bounty,Usable
12650,Lv90_Imperial_Gift,Level 90 Bounty,Usable
12651,Lv110_Imperial_Gift,Level 110 Bounty,Usable
12652,Lv130_Imperial_Gift,Level 130 Bounty,Usable
12653,Lv150_Imperial_Gift,Level 150 Bounty,Usable
12654,Lucky_Egg_C9,Lucky Egg C9,Usable
12655,Brain_Powder,Brain Powder,Usable
12656,Magical_Powder,Magical Powder,Usable
12657,Madness_Powder,Madness Powder,Usable
12658,Trans_Scroll_Devi,Transformation Scroll(Deviruchi),Usable
12659,Trans_Scroll_Ray_Arch,Transformation Scroll(Raydric),Usable
12660,Trans_Scroll_Mavka,Transformation Scroll(Mavka),Usable
12661,Trans_Scroll_Marduk,Transformation Scroll(Marduk),Usable
12662,Trans_Scroll_Banshee,Transformation Scroll(Banshee),Usable
12663,Trans_Scroll_Poring,Transformation Scroll(Poring),Usable
12664,Trans_Scroll_Golem,Transformation Scroll(Golem),Usable
12665,Grovel_Buff,Grovel Buff,Usable
12666,Thai_Perfume_MATK,Thai Perfume MATK,Usable
12667,Thai_Perfume_ATK,Thai Perfume ATK,Usable
12668,Thai_Perfume_ASPD,Thai Perfume ASPD,Usable
12669,Thai_Perfume_CAST,Thai Perfume CAST,Usable
12670,Beast_Powder,Beast Powder,Usable
12671,99lv_Battle_Manual,99lv Battle Manual,Usable
12672,Start_New_Box,Start New Box,Usable
12673,Lucky_Egg_C10,Lucky Egg C10,Usable
12674,God_Material_Box,God Material Box,Usable
12675,Sg_Weapon_Supply_Box,WoE Weapon Supply Box,Usable
12676,Sg_Violet_Potion_Box,Siege Violet Potion Box,Usable
12677,Siege_Arrow_Quiver_S,Siege Arrow Quiver S,Usable
12678,Siege_Arrow_Quiver_A,Siege Arrow Quiver A,Usable
12679,Sg_White_Potion_Box,Siege White Potion Box,Usable
12680,Sg_Blue_Potion_Box,Siege Blue Potion Box,Usable
12681,Nestea_Lemon,Nestea Lemon,Usable
12682,Nestea_Blacktea,Nestea Black Tea,Usable
12683,Sg_Vi_Potion_Box200,Siege Violet Potion Box (200),Usable
12684,ASPD_Potion,ASPD Potion,Usable
12685,Gryphon_Egg_Scroll,Gryphon Egg Scroll,Usable
12686,Str_Dish20,Str Dish20,Usable
12687,Int_Dish20,Int Dish20,Usable
12688,Vit_Dish20,Vit Dish20,Usable
12689,Dex_Dish20,Dex Dish20,Usable
12690,Old_C_Album_Helm,Headgear Card Album,Usable
12691,Old_C_Album_Armor,Armor Card Album,Usable
12692,Old_C_Album_Shield,Shield Card Album,Usable
12693,Old_C_Album_Garment,Garment Card Album,Usable
12694,Old_C_Album_Shoes,Shoes Card Album,Usable
12695,Old_C_Album_Acc,Accessory Card Album,Usable
12696,RWC_Cele_Fire,RWC Celebration Firecracker,Usable
12697,RWC_Cele_Fire2,RWC Celebration Firecracker,Usable
12698,Old_C_Album_Weapon,Weapon Card Album,Usable
12699,Tikbalang_Belt,Tikbalang Harness,Usable
12700,Insideout_Shirt,Inside-out Shirt,Usable
12701,Old_Blue_Box_F,Old Blue Box,Usable
12702,Old_Bleu_Box,Old Navy Box,Usable
12703,Holy_Egg_2,Holy Egg,Usable
12704,Elixir_Of_Life,Elixir of Life,Healing
12705,Noble_Nameplate,Noble Nameplate,Usable
12706,Lucky_Cookie01,Lucky Cookie,DelayConsume
12707,Lucky_Cookie02,Lucky Cookie,DelayConsume
12708,Lucky_Cookie03,Lucky Cookie,DelayConsume
12709,Guyak_Candy,Guyak Candy,Healing
12710,Guyak_Pudding,Guyak Pudding,Usable
12711,Pretzel,Pretzel,Healing
12712,Green_Beer,Green Beer,Usable
12713,Monster_Extract,Monster Extract,Usable
12714,Easter_Scroll,Easter Scroll,Usable
12715,Black_Treasure_Box,Black Treasure Box,Usable
12716,Indian_Rice_Cake,Indian Rice Cake,Usable
12717,Poison_Paralysis,Paralyze,Usable
12718,Poison_Leech,Leech End,Usable
12719,Poison_Oblivion,Oblivion Curse,Usable
12720,Poison_Contamination,Disheart,Usable
12721,Poison_Numb,Toxin,Usable
12722,Poison_Fever,Pyrexia,Usable
12723,Poison_Laughing,Magic Mushroom,Usable
12724,Poison_Fatigue,Venom Bleed,Usable
12725,Runstone_Nosiege,Nauthiz Rune,Usable
12726,Runstone_Rhydo,Raido Rune,Usable
12727,Runstone_Verkana,Berkana Rune,Usable
12728,Runstone_Isia,Isa Rune,Usable
12729,Runstone_Asir,Othila Rune,Usable
12730,Runstone_Urj,Uruz Rune,Usable
12731,Runstone_Turisus,Thurisaz Rune,Usable
12732,Runstone_Pertz,Wyrd Rune,Usable
12733,Runstone_Hagalas,Hagalaz Rune,Usable
12734,Runstone_Quality,Luxurious Rune,Healing
12735,Runstone_Ancient,Ancient Rune,Healing
12736,Runstone_Mystic,Mystic Rune,Healing
12737,Runstone_Ordinary,General Rune,Healing
12738,Runstone_Rare,Rare Rune,Healing
12739,Snow_Flower,Snow Flowers,Usable
12740,Inc_Str_Scroll,Amplification Scroll,Usable
12741,Inc_Int_Scroll,Intellect Amplification Scroll,Usable
12742,Valentine_Gift_Box1,Valentine Gift Box,Usable
12743,Valentine_Gift_Box2,Valentine Gift Box,Usable
12744,Chocotate_Box,Chocolate Box,Usable
12745,Skull_Scroll,Skull Scroll,Usable
12746,Destruction_Scroll,Destruction Scroll,Usable
12747,Royal_Scroll,Royal Scroll,Usable
12748,Immune_Scroll,Immune Scroll,Usable
12749,Mystic_Scroll,Mystic Scroll,Usable
12750,Battle_Scroll,Battle Scroll,Usable
12751,Armor_Scroll,Armor Scroll,Usable
12752,Prayer_Scroll,Prayer Scroll,Usable
12753,Soul_Scroll,Soul Scroll,Usable
12754,New_Year_Bun,Chinese Pastel,Usable
12755,Traditional_Firecrack,Chinese Fireworks,Usable
12756,New_Gift_Envelope,Chinese New Year Envelope,Usable
12757,Loyal_Ring1_Box,Loyal Ring1 Box,Usable
12758,Loyal_Ring2_Box,Loyal Ring2 Box,Usable
12759,Loyal_Ring3_Box,Loyal Ring3 Box,Usable
12760,Bubble_Gum_Green,Bubble Gum Green,Usable
12761,Bubble_Gum_Yellow,Bubble Gum Yellow,Usable
12762,Bubble_Gum_Orange,Bubble Gum Orange,Usable
12763,Bubble_Gum_Red,Bubble Gum Red,Usable
12764,Fools_Day_Box_Tw,Fools Day Box Tw,Usable
12765,Summer_Knight_Box,Summer Knight Box,Usable
12766,Reward_Job_BM25,Reward Job BM25,Usable
12767,Passion_FB_Hat_Box,Passion FB Hat Box,Usable
12768,Cool_FB_Hat_Box,Cool FB Hat Box,Usable
12769,Victory_FB_Hat_Box,Victory FB Hat Box,Usable
12770,Glory_FB_Hat_Box,Glory FB Hat Box,Usable
12771,Passion_Hat_Box2,Passion Hat Box2,Usable
12772,Cool_Hat_Box2,Cool Hat Box2,Usable
12773,Victory_Hat_Box2,Victory Hat Box2,Usable
12774,Empty_Potion_Bottle,Empty Potion Bottle,Usable
12775,Ancient_Spirit_Agimat,Greater Agimat of Ancient Spirit,Usable
12776,Agi_Dish20,Agi Dish20,Usable
12777,Luk_Dish20,Luk Dish20,Usable
12778,Bapho_Jr_Scroll,Bapho Jr Scroll,Usable
12779,Galapago_Scroll,Galapago Scroll,Usable
12780,10M_Zeny_Check,10M Zeny Check,Usable
12781,1M_Zeny_Check,1M Zeny Check,Usable
12782,100T_Zeny_Check,100T Zeny Check,Usable
12783,10000_Zeny_Check,10000 Zeny Check,Usable
12784,1000_Zeny_Check,1000 Zeny Check,Usable
12785,Dragon_Egg_Scroll,Dragon Egg,Usable
12786,Change_Slot_Card,Character Position Change Coupon,Usable
12787,Diabolic_Scroll,Diabolic Scroll,Usable
12788,No100_Firecracker,No100 Firecracker,Usable
12789,Juicy_Fruit,Juicy Fruit,Usable
12790,Change_Name_Card,Character Name Change Coupon,Usable
12791,Combat_Pill,Combat Pill,Usable
12792,P_Combat_Pill,P Combat Pill,Usable
12793,Combat_Pill_Box10,Combat Pill Box10,Usable
12794,P_Combat_Pill_Box10,P Combat Pill Box10,Usable
12795,2011_RWC_Scroll_Kr,2011 RWC Scroll,Usable
12796,Red_Booster,Red Booster,Usable
12797,Wish_Maiden_Scroll,Wish Maiden Scroll,Usable
12798,Zealotus_Scroll,Zealotus Scroll,Usable
12799,PCBang_Coupon_Box5,PC Cafe Coupon Box V,Usable
12800,Ktullanux_Scroll,Ktullanux Scroll,Usable
12801,Eddga_Scroll,Eddga Scroll,Usable
12802,Time_Guardian_Box,Time Keeper Box,Usable
12803,Beginner_Kit_Box,Novice Support Box,Usable
12804,Cru_Scroll,Crew Egg,Usable
12805,Mystic_Powder,Mystic Powder,Usable
12806,Scaraba_Scroll,Scaraba Scroll,Usable
12807,Mercenary_Casting_,Mercenary Casting,Usable
12808,Mother_Love_Box,Mother's Gentle Heart Box,Usable
12809,Level_Up_Box,Level Up Box,Usable
12810,Event_Gift_Box,Event Gift Box,Cash
12811,Event_Gift_Box_,GM Event Gift Box,Cash
12812,Snow_Flip,Snow Flip,DelayConsume
12813,Peony_Mommy,Peony Mamy,DelayConsume
12814,Slapping_Herb,Slapping Herb,DelayConsume
12815,Yggdrasil_Dust,Yggdrasil Dust,DelayConsume
12816,Old_Ore_Box_,Old Ore Box,Usable
12817,Old_Card_Album_,Old Card Album,Usable
12818,High_Weapon_Box_,High Weapon Box,Usable
12819,Zherlthsh_Tck_Box_,Zherlthsh Tck Box,Usable
12820,Mao_Guai_Scroll,Mao Guai Scroll,Usable
12821,Loli_Ruri_Scroll,Loli Ruri Scroll,Usable
12822,Songpyun_Box50,Songpyun Box50,Usable
12823,Sedora_Scroll,Sedora Scroll,Usable
12824,Chepet_Scroll,Chepet Scroll,Usable
12825,FlipPackage,Flip Seed,Usable
12826,Wind_Type_Scroll,Wind Type Scroll,Usable
12827,Water_Type_Scroll,Water Type Scroll,Usable
12828,Fire_Type_Scroll,Fire Type Scroll,Usable
12829,Earth_Type_Scroll,Earth Type Scroll,Usable
12830,Dead_Tree_Box,Ancient Tree Wooden Box,Usable
12831,Potion_Box,Potion Box,Usable
12832,Mysterious_Water,Mysterious Water,Usable
12833,Union_Of_Tribe_,Union of Organization,Usable
12834,Undead_Egg,Nucleus of Undead,Usable
12835,Girls_Heart,Heart of Girl,Usable
12837,Wooden_Treasure_Box,Wooden Treasure Box,Usable
12838,Iron_Treasure_Box,Iron Treasure Box,Usable
12839,bronze_Treasure_Box,bronze Treasure Box,Usable
12840,Silver_Treasure_Box,Silver Treasure Box,Usable
12841,Golden_Treasure_Box,Golden Treasure Box,Usable
12842,Platinum_Treasure_Box,Platinum Treasure Box,Usable
12843,Pearl_Treasure_Box,Pearl Treasure Box,Usable
12844,Diamond_Treasure_Box,Diamond Treasure Box,Usable
12845,WOB_Amatsu,Amatsu_Butterfly_Wing,Usable
12846,Unripe_Apple2,Little Unripe Apple,Usable
12847,Old_Equipment_Box,Old Equipment Box,Usable
12848,Falcon_Pipe,Falcon Flute,DelayConsume
12849,Combination_Kit,Combination Kit,Usable
12850,Heaven_Scroll,Heaven Scroll,Usable
12851,Vocation_Scroll,Vocation Scroll,Usable
12852,Wisdom_Scroll,Wisdom Scroll,Usable
12853,Patron_Scroll,Patron Scroll,Usable
12854,Full_Spray_Of_Flowers,Voluminous Spray of Flowers,Usable
12855,Pope_Scroll,Pope Scroll,Usable
12856,GoldenApple_P_RG,RG Golden Apple Slice,Usable
12857,GoldenApple_RG,RG Golden Apple,Usable
12858,Golden_Potion_RG,RG Golden Potion,Usable
12860,Mommy_Day_Cake,Mommy Day Cake,Usable
12863,Treasure_Box_Scroll2,Treasure Chest Summoned II,Usable
12871,Mysterious_Egg2,Mysterious Egg2,Usable
12872,Battle_Manual_Limit,Battle Manual Limit,Usable
12873,TE_Potion_Box,TE Potion Box,Cash
12874,Frost_Giant_Blood,Frost Giant Blood,Usable
12875,Golem_Stone,Golem Stone,Usable
12876,Elf_Tear_Stun,Elf Tear Stun,Usable
12877,Elf_Tear_Stone_Curse,Elf Tear Stone Curse,Usable
12878,Elf_Tear_Freezing,Elf Tear Freezing,Usable
12879,Elf_Tear_Sleep,Elf Tear Sleep,Usable
12880,Elf_Tear_Curse,Elf Tear Curse,Usable
12881,Elf_Tear_Silence,Elf Tear Silence,Usable
12882,Elf_Tear_Blind,Elf Tear Blind,Usable
12883,Almighty,Almighty,Usable
12884,Infinite_Center_Potion,Infinite Concentration Potion,DelayConsume
12885,Ifn_Awakening_Potion,Infinite Awakening Potion,DelayConsume
12886,Infinite_Berserk_Potion,Infinite Berserk Potion,DelayConsume
12887,C_Wing_Of_Fly,Infinite Flywing,Usable
12888,Siege_Kit_Box,WoE Support Box,Usable
12889,Weapon_Box_Spear,Weapon Box(Spear),Usable
12890,Weapon_Box_Mace,Weapon Box(Mace),Usable
12891,Weapon_Box_Dagger,Weapon Box(Dagger),Usable
12892,Weapon_Box_Axe,Weapon Box(Axe),Usable
12893,Weapon_Box_Bow,Weapon Box(Bow),Usable
12894,Weapon_Box_Sword,Weapon Box(Sword),Usable
12895,Weapon_Box_Fist,Weapon Box(Knuckle),Usable
12896,Weapon_Box_Book,Weapon Box(Book),Usable
12897,Weapon_Box_Guitar,Weapon Box(Guitar),Usable
12898,Weapon_Box_Whip,Weapon Box(Whip),Usable
12899,Weapon_Box_Wand,Weapon Box(Staff),Usable
12900,Battle_Manual_Box,Battle Manual Box,Cash
12901,Insurance_Package,Insurance Package,Cash
12902,Bubble_Gum_Box,Bubble Gum Box,Cash
12903,Str_Dish_Box,Steamed Tongue Box,Cash
12904,Agi_Dish_Box,Steamed Scorpion Box,Cash
12905,Int_Dish_Box,Dragon Breath Cocktail Box,Cash
12906,Dex_Dish_Box,Hwergelmir's Tonic Box,Cash
12907,Luk_Dish_Box,Nine Tail Dish Box,Cash
12908,Vit_Dish_Box,Stew Of Immortality Box,Cash
12909,Kafra_Card_Box,Kafra Card Box,Cash
12910,Giant_Fly_Wing_Box,Giant Fly Wing Box,Cash
12911,Neuralizer_Box,Neuralizer Box,Cash
12912,Convex_Mirror_Box,Convex Mirror Box,Cash
12913,Blessing_10_Scroll_Box,Blessing 10 Scroll Box,Cash
12914,Inc_Agi_10_Scroll_Box,Increase AGI 10 scroll Box,Cash
12915,Aspersio_5_Scroll_Box,Aspersio 5 Scroll Box,Cash
12916,Assumptio_5_Scroll_Box,Assumptio 5 Scroll Box,Cash
12917,Wind_Walk_10_Scroll_Box,Wind Walk 10 Scroll Box,Cash
12918,Adrenaline_Scroll_Box,Adrenaline 5 Scroll Box,Cash
12919,Megaphone_Box,Megaphone Box,Cash
12920,Enriched_Elunium_Box,Enriched Elunium Box,Cash
12921,Enriched_Oridecon_Box,Enriched Oridecon Box,Cash
12922,Token_Of_Siegfried_Box,Token of Siegfried Box,Cash
12923,Pet_Egg_Scroll_Box1,December Lucky Box,Cash
12924,Pet_Egg_Scroll_Box2,Pet Egg Box 2,Cash
12925,Pet_Egg_Scroll1,Kafra Item Mall Prize Package,Cash
12926,Pet_Egg_Scroll2,December Lucky Box,Cash
12927,J_Aspersio_5_Scroll_Box,Aspersio Scroll Box,Cash
12928,J_Aspersio_5_Scroll,Sacred Scroll,DelayConsume
12929,Pet_Egg_Scroll_Box3,Pet Egg Box 3,Cash
12930,Pet_Egg_Scroll_Box4,Pet Egg Box 4,Cash
12931,Pet_Egg_Scroll_Box5,Pet Egg Box 5,Cash
12932,Pet_Egg_Scroll3,Episode 13.2 Key Package,Cash
12933,Pet_Egg_Scroll4,Summer Hat Pack,Cash
12934,Pet_Egg_Scroll5,Pet Egg Scroll5,Cash
12935,Infiltrator_Box,Infiltrator Box,Cash
12936,Muramasa_Box,Muramasa Box,Cash
12937,Excalibur_Box,Excalibur Box,Cash
12938,Combat_Knife_Box,Combat Knife Box,Cash
12939,Counter_Dagger_Box,Dagger of Counter Box,Cash
12940,Kaiser_Knuckle_Box,Kaiser Knuckle Box,Cash
12941,Pole_Axe_Box,Poll Axe Box,Cash
12942,Mighty_Staff_Box,Mighty Staff Box,Cash
12943,Right_Epsilon_Box,Light Epsilon Box,Cash
12944,Balistar_Box,Ballista Box,Cash
12945,Diary_Of_Great_Sage_Box,Sage's Diary Box,Cash
12946,Asura_Box,Asura Box,Cash
12947,Apple_Of_Archer_Box,Apple of Archer Box,Cash
12948,Bunny_Band_Box,Bunny Band Box,Cash
12949,Sahkkat_Box,Sakkat Box,Cash
12950,Lord_Circlet_Box,Grand Circlet Box,Cash
12951,Elven_Ears_Box,Elven Ears Box,Cash
12952,Steel_Flower_Box,Steel Flower Box,Cash
12953,Critical_Ring_Box,Critical Ring Box,Cash
12954,Earring_Box,Earring Box,Cash
12955,Ring_Box,Ring Box,Cash
12956,Necklace_Box,Necklace Box,Cash
12957,Glove_Box,Glove Box,Cash
12958,Brooch_Box,Brooch Box,Cash
12959,Rosary_Box,Rosary Box,Cash
12960,Safety_Ring_Box,Safety Ring Box,Cash
12961,Vesper_Core01_Box,Vesper Core 01 Box,Cash
12962,Vesper_Core02_Box,Vesper Core 02 Box,Cash
12963,Vesper_Core03_Box,Vesper Core 03 Box,Cash
12964,Vesper_Core04_Box,Vesper Core 04 Box,Cash
12965,Emergency_Box1,Emergency Level 1 Scroll Box,Cash
12966,Emergency_Box2,Emergency Level 2 Scroll Box,Cash
12967,Emergency_Box3,Emergency Level 3 Scroll Box,Cash
12968,Emergency_Scroll1,Emergency Level 1 Scroll,Usable
12969,Emergency_Scroll2,Emergency Level 2 Scroll,Usable
12970,Emergency_Scroll3,Emergency Level 3 Scroll,Usable
12971,Teleport_Box1,Teleport Scroll Box 1,Cash
12972,Teleport_Box2,Teleport Scroll Box 2,Cash
12973,Teleport_Box3,Teleport Scroll Box 3,Cash
12974,Teleport_Box4,Teleport Scroll Box 4,Cash
12975,Teleport_Box5,Teleport Scroll Box 5,Cash
12976,Teleport_Box6,Teleport Scroll Box 6,Cash
12977,Teleport_Scroll1,Teleport Scroll 1,Usable
12978,Teleport_Scroll2,Teleport Scroll 2,Usable
12979,Teleport_Scroll3,Teleport Scroll 3,Usable
12980,Teleport_Scroll4,Teleport Scroll 4,Usable
12981,Teleport_Scroll5,Teleport Scroll 5,Usable
12982,Teleport_Scroll6,Teleport Scroll 6,Usable
12983,Pet_Egg_Scroll_Box6,Pet Egg Scroll Box 6,Cash
12984,Pet_Egg_Scroll_Box7,Pet Egg Scroll Box 7,Cash
12985,Pet_Egg_Scroll_Box8,Pet Egg Scroll Box 8,Cash
12986,Pet_Egg_Scroll_Box9,Adventurer Pack Box,Cash
12987,Pet_Egg_Scroll_Box10,Pet Egg Scroll Box 10,Cash
12988,Pet_Egg_Scroll_Box11,Pet Egg Scroll Box 11,Cash
12989,Pet_Egg_Scroll6,Pet Egg Scroll 6,Cash
12990,Pet_Egg_Scroll7,Pet Egg Scroll 7,Cash
12991,Pet_Egg_Scroll8,Party Hard Pack,Cash
12992,Pet_Egg_Scroll9,Adventurer Pack,Cash
12993,Pet_Egg_Scroll10,Pet Egg Scroll 10,Cash
12994,Pet_Egg_Scroll11,Pet Egg Scroll 11,Cash
12995,White_Herb_Box,White Herb Box,Cash
12996,Blue_Herb_Box,Blue Herb Box,Cash
12997,Elunium_Box,Elunium Box,Cash
12998,Oridecon_Box,Oridecon Box,Cash
12999,Branch_Of_Dead_Tree_Box,Dead Branch Box,Cash
13500,Insurance60_Package,Life Insurrance Box,Cash
13501,Assorted_Scroll_Box,Experience Scroll Box,Cash
13502,Drooping_Kitty_Box,Refined Drooping Cat Box,Cash
13503,Magestic_Goat_Box,Baphomet Horns Box,Cash
13504,Deviruchi_Cap_Box,Refined Deviruchi Hat Box,Cash
13505,Executioner_Box,Executioner Box,Cash
13506,Brood_Axe_Box,Refined Bloody Axe Box,Cash
13507,Tomahawk_Box,Tomahawk Box,Cash
13508,Bow_Of_Rudra_Box,Rudra Bow Box,Cash
13509,Cutlas_Box,Cutlas Box,Cash
13510,Solar_Sword_Box,Solar Sword Box,Cash
13511,Sword_Breaker_Box,Refined Swordbreaker Box,Cash
13512,Mail_Breaker_Box,Refined Mailbreaker Box,Cash
13513,Moonlight_Sword_Box,Moonlight Dagger Box,Cash
13514,Spanner_Box,Wrench Box,Cash
13515,Grape_Box,Grape Box,Cash
13516,Royal_Jelly_Box,Royal Jelly Box,Cash
13517,Yggdrasilberry_Box,Yggdrasil Berry Box,Cash
13518,Weapon_Card_Scroll_Box,Weapon Card Pet Egg Scroll Box,Cash
13519,Armor_Card_Scroll_Box,Armor Card Pet Egg Scroll Box,Cash
13520,Helmet_Card_Scroll_Box,Helmet Card Pet Egg Scroll Box,Cash
13521,Garment_Card_Scroll_Box,Garment Card Pet Egg Scroll Box,Cash
13522,Shield_Card_Scroll_Box,Shield Card Pet Egg Scroll Box,Cash
13523,Shoes_Card_Scroll_Box,Shoes Card Pet Egg Scroll Box,Cash
13524,Accy_Card_Scroll_Box,Accessory Card Pet Egg Scroll Box,Cash
13525,Zeny_Card_Scroll_Box,Zeny Pet Egg Scroll Box,Cash
13526,Pet_Egg_Scroll_Box1_,Pet Egg Scroll Box 12,Cash
13527,Pet_Egg_Scroll_Box2_,Pet Egg Scroll Box 13,Cash
13528,Pet_Egg_Scroll_Box3_,Pet Egg Scroll Box 14,Cash
13529,Pet_Egg_Scroll_Box4_,Pet Egg Scroll Box 15,Cash
13530,Pet_Egg_Scroll_Box5_,Pet Egg Scroll Box 16,Cash
13531,Light_Red_Pot_Box,Light Red Potion Box,Cash
13532,Light_Orange_Pot_Box,Light Orange Potion Box,Cash
13533,Light_Yellow_Pot_Box,Light Yellow Potion Box,Cash
13534,Light_White_Pot_Box,Light White Potion Box,Cash
13535,Light_Center_Pot_Box,Light Concentration Potion Box,Cash
13536,Light_Awakening_Pot_Box,Light Awakening Potion Box,Cash
13537,Light_Berserk_Pot_Box,Light Berserk Potion Box,Cash
13538,Meteor_10_Scroll_Box,Meteor Storm Scroll Box,Cash
13539,Storm_10_Scroll_Box,Storm Gust Scroll Box,Cash
13540,Vermilion_10_Scroll_Box,Lord of Vermilion Scroll Box,Cash
13541,Lex_Aeterna_Scroll_Box,Lex Aeterna Scroll Box,Cash
13542,Magnificat_5_Scroll_Box,Magnificat Scroll Box,Cash
13543,CP_Helm_Scroll_Box,Chemical Protection Helm Scroll Box,Cash
13544,CP_Shield_Scroll_Box,Chemical Protection Shield Scroll Box,Cash
13545,CP_Armor_Scroll_Box,Chemical Protection Armor Scroll Box,Cash
13546,CP_Weapon_Scroll_Box,Chemical Protection Weapon Scroll Box,Cash
13547,Repair_Scroll_Box,Repair Weapon Scroll Box,Cash
13548,Big_Bun_Box,Big Bun Box,Cash
13549,Pill__Box,Pill Box,Cash
13550,Superb_Fish_Slice_Box,Fish Slice Box,Cash
13551,Chewy_Ricecake_Box,Chewy Ricecake Box,Cash
13552,Oriental_Pastry_Box,Pastry Box,Cash
13553,Dun_Tele_Scroll1_Box,Dungeon Teleport Scroll 5 Box,Cash
13554,Weapon_Card_Scroll_Box2,Weapon Card Pet Egg Scroll Box,Cash
13555,Weapon_Card_Scroll_Box3,Weapon Card Pet Egg Scroll Box,Cash
13556,Armor_Card_Scroll_Box2,Armor Card Pet Egg Scroll Box,Cash
13557,Accy_Card_Scroll_Box2,Accessory Card Pet Egg Scroll Box,Cash
13558,Weapon_Card_Scroll,Weapon Card Pet Egg Scroll,Cash
13559,Armor_Card_Scroll,Armor Card Pet Egg Scroll,Cash
13560,Helmet_Card_Scroll,Helmet Card Pet Egg Scroll,Cash
13561,Hood_Card_Scroll,Garment Card Pet Egg Scroll,Cash
13562,Hood_Card_Scroll2,Shield Card Pet Egg Scroll,Cash
13563,Shoes_Card_Scroll,Shoes Card Pet Egg Scroll,Cash
13564,Accy_Card_Scroll,Accessory Card Pet Egg Scroll,Cash
13565,Weapon_Card_Scroll2,Weapon Card Pet Egg Scroll,Cash
13566,Weapon_Card_Scroll3,Weapon Card Pet Egg Scroll,Cash
13567,Armor_Card_Scroll2,Armor Card Pet Egg Scroll,Cash
13568,Accy_Card_Scroll2,Accessory Card Pet Egg Scroll,Cash
13569,PVP_Tele_Scroll_Box,PVP Teleport Scroll Box,Cash
13570,Giant_Fly_Wing_Box50,Giant Fly Wing 50 Box,Cash
13571,Giant_Fly_Wing_Box100,Giant Fly Wing 100 Box,Cash
13572,Dex_Dish_Box30,Hwergelmir's Tonic 30 Box,Cash
13573,Dex_Dish_Box50,Hwergelmir's Tonic 50 Box,Cash
13574,Luk_Dish_Box30,Nine Tail Dish 30 Box,Cash
13575,Luk_Dish_Box50,Nine Tail Dish 50 Box,Cash
13576,Inc_Agi_10_Box30,Increase Agility Scroll 30 Box,Cash
13577,Inc_Agi_10_Box50,Increase Agility Scroll 50 Box,Cash
13578,Vit_Dish_Box30,Stew of Immortality 30 Box,Cash
13579,Vit_Dish_Box50,Stew of Immortality 50 Box,Cash
13580,Insurance_Package30,Life Insurrance 30 Box,Cash
13581,Insurance_Package50,Life Insurrance 50 Box,Cash
13582,Convex_Mirror_Box5,Convex Mirror 5 Box,Cash
13583,Convex_Mirror_Box30,Convex Mirror 30 Box,Cash
13584,Blessing10_Box30,Blessing Scroll 30 Box,Cash
13585,Blessing10_Box50,Blessing Scroll 50 Box,Cash
13586,Adrenaline10_Box30,Adrenaline Rush Scroll 30 Box,Cash
13587,Adrenaline10_Box50,Adrenaline Rush Scroll 50 Box,Cash
13588,Assumptio_5_Box30,Assumptio Scroll 30 Box,Cash
13589,Assumptio_5_Box50,Assumptio Scroll 50 Box,Cash
13590,Aspersio_5_Box30,Aspersio Scroll 30 Box,Cash
13591,Aspersio_5_Box50,Aspersio Scroll 50 Box,Cash
13592,Agi_Dish_Box30,Steamed Scorpion 30 Box,Cash
13593,Agi_Dish_Box50,Steamed Scorpion 50 Box,Cash
13594,Wind_Walk10_Box30,Wind Walk Scroll 30 Box,Cash
13595,Wind_Walk10_Box50,Wind Walk Scroll 50 Box,Cash
13596,Int_Dish_Box30,Dragon Breath Cocktail 30 Box,Cash
13597,Int_Dish_Box50,Dragon Breath Cocktail 50 Box,Cash
13598,Battle_Manual_Box1,Field Manual Box,Cash
13599,Battle_Manual_Box5,Field Manual 5 Box,Cash
13600,Siegfried_Box5,Token of Siegfried 5 Box,Cash
13601,Siegfried_Box20,Token of Siegfried 20 Box,Cash
13602,Kafra_Card_Box30,Kafra Card 30 Box,Cash
13603,Kafra_Card_Box50,Kafra Card 50 Box,Cash
13604,Str_Dish_Box30,Steamed Tongue 30 Box,Cash
13605,Str_Dish_Box50,Steamed Tongue 50 Box,Cash
13606,Bubble_Gum_Box1,Bubble Gum Box,Cash
13607,Bubble_Gum_Box5,Bubble Gum 5 Box,Cash
13608,Megaphone_Box1,Megaphone Box,Cash
13609,Megaphone_Box5,Megaphone 5 Box,Cash
13610,Enriched_Elunium_Box5,Enriched Elunium 5 Box,Cash
13611,Enriched_Oridecon_Box5,Enriched Oridecon 5 Box,Cash
13612,Handcuff_Box,Arrest Handcuffs Box,Cash
13613,Super_Pet_Egg_Box1,Super Pet Egg Box 1,Cash
13614,Super_Pet_Egg_Box2,Super Pet Egg Box 2,Cash
13615,Super_Pet_Egg_Box3,Super Pet Egg Box 3,Cash
13616,Super_Pet_Egg_Box4,Super Pet Egg Box 4,Cash
13617,Super_Pet_Egg1,Super Pet Egg 1,Usable
13618,Super_Pet_Egg2,Super Pet Egg 2,Usable
13619,Super_Pet_Egg3,Super Pet Egg 3,Usable
13620,Super_Pet_Egg4,Super Pet Egg 4,Usable
13621,Greed_Box30,Greed Scroll 30 Box,Cash
13622,Greed_Box50,Greed Scroll 50 Box,Cash
13623,Greed_Box100,Greed Scroll 100 Box,Cash
13624,Flee_30_Scroll_Box,Evasion Scroll Box,Cash
13625,Accuracy_30_Scroll_Box,Concentration Scroll Box,Cash
13626,Super_Card_Pet_Egg_Box1,Super Card Pet Egg Box 1,Cash
13627,Super_Card_Pet_Egg_Box2,Super Card Pet Egg Box 2,Cash
13628,Super_Card_Pet_Egg_Box3,Super Card Pet Egg Box 3,Cash
13629,Super_Card_Pet_Egg_Box4,Super Card Pet Egg Box 4,Cash
13630,Super_Card_Pet_Egg1,Super Card Pet Egg 1,Usable
13631,Super_Card_Pet_Egg2,Super Card Pet Egg 2,Usable
13632,Super_Card_Pet_Egg3,Super Card Pet Egg 3,Usable
13633,Super_Card_Pet_Egg4,Super Card Pet Egg 4,Usable
13634,Vigorgra_Package1,1 Hour Package Vol. 1,Cash
13635,Vigorgra_Package2,1 Hour Package Vol. 2,Cash
13636,Vigorgra_Package3,1 Hour Package Vol. 3,Cash
13637,Vigorgra_Package4,1 Hour Package Vol. 4,Cash
13638,Vigorgra_Package5,1 Hour Package Vol. 5,Cash
13639,Vigorgra_Package6,1 Hour Package Vol. 6,Cash
13640,Vigorgra_Package7,2 Hour Package Vol. 1,Cash
13641,Vigorgra_Package8,2 Hour Package Vol. 2,Cash
13642,Vigorgra_Package9,2 Hour Package Vol. 3,Cash
13643,Vigorgra_Package10,2 Hour Package Vol. 4,Cash
13644,Vigorgra_Package11,2 Hour Package Vol. 5,Cash
13645,Vigorgra_Package12,2 Hour Package Vol. 6,Cash
13646,Infiltrator_Box1,Refined Infiltrator Box,Cash
13647,Muramasa_Box1,Refined Muramasa Box,Cash
13648,Excalibur_Box1,Refined Excalibur Box,Cash
13649,Combat_Knife_Box1,Refined Combat Knife Box,Cash
13650,Counter_Dagger_Box1,Refined Dagger of Counter Box,Cash
13651,Kaiser_Knuckle_Box1,Refined Kaiser Knuckle Box,Cash
13652,Pole_Axe_Box1,Refined Pole Axe Box,Cash
13653,Mighty_Staff_Box1,Refined Mighty Staff Box,Cash
13654,Right_Epsilon_Box1,Refined Light Epsilon Box,Cash
13655,Balistar_Box1,Refined Ballista Box,Cash
13656,Diary_Of_Sage_Box1,Refined Sage's Diary Box,Cash
13657,Asura_Box1,Refined Ashura Box,Cash
13658,Apple_Of_Archer_Box1,Refined Apple of Archer Box,Cash
13659,Bunny_Band_Box1,Refined Bunny Band Box,Cash
13660,Sahkkat_Box1,Refined Sakkat Box,Cash
13661,Lord_Circlet_Box1,Refined Grand Circlet Box,Cash
13662,Elven_Ears_Box1,Refined Elven Ears Box,Cash
13663,Steel_Flower_Box1,Refined Romantic Flower Box,Cash
13664,Critical_Ring_Box1,Refined Critical Ring Box,Cash
13665,Earring_Box1,Refined Earring Box,Cash
13666,Ring_Box1,Refined Ring Box,Cash
13667,Necklace_Box1,Refined Necklace Box,Cash
13668,Glove_Box1,Refined Glove Box,Cash
13669,Brooch_Box1,Refined Brooch Box,Cash
13670,Rosary_Box1,Refined Rosary Box,Cash
13671,Safety_Ring_Box1,Refined Safety Ring Box,Cash
13672,Vesper_Core01_Box1,Refined Vesper Core 01 Box,Cash
13673,Vesper_Core02_Box1,Refined Vesper Core 02 Box,Cash
13674,Vesper_Core03_Box1,Refined Vesper Core 03 Box,Cash
13675,Vesper_Core04_Box1,Refined Vesper Core 04 Box,Cash
13676,Drooping_Kitty_Box1,Refined Drooping Cat Box,Cash
13677,Magestic_Goat_Box1,Refined Majestic Goat Box,Cash
13678,Deviruchi_Cap_Box1,Refined Deviruchi Hat Box,Cash
13679,Executioner_Box1,Refined Executioner Box,Cash
13680,Brood_Axe_Box1,Punksutawney Phil's Lucky Box,Cash
13681,Tomahawk_Box1,Serpent's Surprise,Cash
13682,Bow_Of_Rudra_Box1,Refined Rudra Bow Box,Cash
13683,Cutlas_Box1,Lovely Groove Pack,Cash
13684,Solar_Sword_Box1,Refined Solar Sword Box,Cash
13685,Sword_Breaker_Box1,Refined Swordbreaker Box,Cash
13686,Mail_Breaker_Box1,Refined Mailbreaker Box,Cash
13687,Moonlight_Sword_Box1,Apocalypse Survivor Fire Sale Box,Cash
13688,Spanner_Box1,Refined Wrench Box,Cash
13689,Bok_Choy_Box,Bok Choy Box,Cash
13690,Chung_E_Cake_Box,Green Maiden Cake Box,Cash
13691,Freyja_Overcoat_Box,Freya's Clothes Box,Cash
13692,Freyja_Boots_Box,Freya's Boots Box,Cash
13693,Freyja_Cape_Box,Freya's Manteau Box,Cash
13694,Freyja_Crown_Box,Freyja Crown Box,Cash
13695,Battle_Manual25_Box,Field Manual 25% Box,Cash
13696,Battle_Manual100_Box,Field Manual 100% Box,Cash
13697,J_Blessing10_Box,Blessing Scroll 10 Box,Cash
13698,J_Inc_Agi10_Box,Increase Agility Scroll 10 Box,Cash
13699,J_Wind_Walk10_Box,Wind Walk Scroll 10 Box,Cash
13700,J_Adrenaline10_Box,Adrenaline Rush Scroll 10 Box,Cash
13701,Pet_Egg_Scroll12,Pet Egg Scroll 12,Usable
13702,Pet_Egg_Scroll13,Pet Egg Scroll 13,Usable
13703,Pet_Egg_Scroll14,Pet Egg Scroll 14,Usable
13704,Super_Pet_Egg5,Super Pet Egg 5,Usable
13705,Super_Pet_Egg6,Super Pet Egg 6,Usable
13706,Super_Pet_Egg7,Super Pet Egg 7,Usable
13707,Super_Pet_Egg8,Super Pet Egg 8,Usable
13708,Pet_Egg_Scroll_E,Pet Egg Scroll E,Usable
13709,BRO_Package1,BRO Package Box,Cash
13710,Max_Weight_Up_Box,Gym Pass Box,Cash
13711,Small_Life_Potion_Box,Small Life Potion 10 Box,Cash
13712,Small_Life_Potion_Box30,Small Life Potion 30 Box,Cash
13713,Small_Life_Potion_Box50,Small Life Potion 50 Box,Cash
13714,Med_Life_Potion_Box,Medium Life Potion 10 Box,Cash
13715,Med_Life_Potion_Box30,Medium Life Potion 30 Box,Cash
13716,Med_Life_Potion_Box50,Medium Life Potion 50 Box,Cash
13717,Abrasive_Box5,Abrasive 5 Box,Cash
13718,Abrasive_Box10,Abrasive 10 Box,Cash
13719,Regeneration_Box5,Regeneration Potion 5 Box,Cash
13720,Regeneration_Box10,Regeneration 10 Box,Cash
13721,Dun_Tele_Scroll_Box10,Dungeon Teleport Scroll 10 Box,Cash
13722,Pecopeco_Hairband_Box,Pecopeco Hairband Box,Cash
13723,Red_Glasses_Box,Red Glasses Box,Cash
13724,Whisper_Mask_Box,Whisper Mask Box,Cash
13725,Ramen_Hat_Box,Ramen Hat Box,Cash
13726,Gold_Box_,Golden Box,Cash
13727,Silver_Box_,Silver Box,Cash
13728,Gold_Key1_Box,Golden Key 1 Box,Cash
13729,Gold_Key5_Box,Golden Key 5 Box,Cash
13730,Silver_Key1_Box,Silver Key 1 Box,Cash
13731,Silver_Key5_Box,Silver Key 5 Box,Cash
13734,Pecopeco_Hairband_Box1,Peco Peco Hairband Box,Cash
13735,Red_Glasses_Box1,Red Glasses Box,Cash
13736,Whisper_Mask_Box1,Whisper Mask Box,Cash
13737,Ramen_Hat_Box1,Ramen Hat Box,Cash
13738,Glass_Of_Illusion_Box5,Glass of Illusion 5 Box,Cash
13739,Glass_Of_Illusion_Box10,Glass of Illusion 10 Box,Cash
13740,Shadow_Armor_S_Box5,Shadow Armor Scroll 5 Box,Cash
13741,Shadow_Armor_S_Box10,Shadow Armor Scroll 10 Box,Cash
13742,Shadow_Armor_S_Box30,Shadow Armor Scroll 30 Box,Cash
13743,Holy_Armor_S_Box5,Holy Armor Scroll 5 Box,Cash
13744,Holy_Armor_S_Box10,Holy Armor Scroll 10 Box,Cash
13745,Holy_Armor_S_Box30,Holy Armor Scroll 30 Box,Cash
13746,S_Def_Potion_Box10,Small Defense Potion 10 Box,Cash
13747,S_Def_Potion_Box30,Small Defense Potion 30 Box,Cash
13748,S_Def_Potion_Box50,Small Defense Potion 50 Box,Cash
13749,B_Def_Potion_Box10,Big Defense Potion 10 Box,Cash
13750,B_Def_Potion_Box30,Big Defense Potion 30 Box,Cash
13751,B_Def_Potion_Box50,Big Defense Potion 50 Box,Cash
13752,S_Mdef_Potion_Box10,Small Magic Defense Potion 10 Box,Cash
13753,S_Mdef_Potion_Box30,Small Magic Defense Potion 30 Box,Cash
13754,S_Mdef_Potion_Box50,Small Magic Defense Potion 50 Box,Cash
13755,B_Mdef_Potion_Box10,Big Magic Defense Potion 10 Box,Cash
13756,B_Mdef_Potion_Box30,Big Magic Defense Potion 30 Box,Cash
13757,B_Mdef_Potion_Box50,Big Magic Defense Potion 50 Box,Cash
13758,Battle_Manual_X3_Box,Field Manual 300% Box,Cash
13759,In_Blue_Herb_Box,Blue Herb Box,Cash
13760,Honey_Box,Honey Box,Cash
13761,Empty_Bottle_Box,Empty Bottle Box,Cash
13762,In_Royal_Jelly_Box,Royal Jelly Box,Cash
13763,5_Anniversary_Coin_Box,PC Cafe Premium Anniversary Coin Box,Cash
13764,Battle_Manual_Box_TW,Beginner's Field Manual 5 Box,Cash
13765,Certificate_TW_Box,Fully Closed Certificate,Cash
13766,Nagan_Box,Nagan Box,Cash
13767,Skewer_Box,Skewer Box,Cash
13768,Survival_Rod_Box,Survival Rod Box,Cash
13769,Quadrille_Box,Quadrille Box,Cash
13770,Great_Axe_Box,Great Axe Box,Cash
13771,Bloody_Roar_Box,Bloody Roar Box,Cash
13772,Hardback_Box,Hardback Box,Cash
13773,Fire_Brand_Box,Refined Fireblend Box,Cash
13774,Immaterial_Sword_Box,Immaterial Sword Box,Cash
13775,Unholy_Touch_Box,Unholy Touch Box,Cash
13776,Cloak_Of_Survival_Box,Cloak Of Survival Box,Cash
13777,Masquerade_Box,Masquerade Box,Cash
13778,Orc_Hero_Helm_Box,Orc Hero Helm Box,Cash
13779,Evil_Wing_Ears_Box,Evil Wing Ears Box,Cash
13780,Dark_Blindfold_Box,Dark Blindfold Box,Cash
13781,kRO_Drooping_Kitty_Box,Refined Drooping Cat Box,Cash
13782,Corsair_Box,Corsair Box,Cash
13783,Bloody_Iron_Ball_Box,Bloody Iron Ball Box,Cash
13784,Spiritual_Ring_Box,Spiritual Ring Box,Cash
13785,Nagan_Box1,Nagan Box,Cash
13786,Skewer_Box1,Refined Brocca Box,Cash
13787,Survival_Rod_Box1,Refined Staff of Survival Box,Cash
13788,Quadrille_Box1,Refined Quadrille Box,Cash
13789,Great_Axe_Box1,Refined Great Axe Box,Cash
13790,Bloody_Roar_Box1,Refined Bloody Roar Box,Cash
13791,Hardback_Box1,Refined Hardcover Book Box,Cash
13792,Fire_Brand_Box1,Fire Brand Box,Cash
13793,Immaterial_Sword_Box1,Black Friday Groove Pack,Cash
13794,Unholy_Touch_Box1,Cyber Monday Lucky Box,Cash
13795,Cloak_Of_Survival_Box1,Refined Manteau of Survival Box,Cash
13796,Masquerade_Box1,Butterfly Mask Box,Cash
13797,Orc_Hero_Helm_Box1,Refined Helmet of Orc Hero Box,Cash
13798,Evil_Wing_Ears_Box1,Refined Wing of Diablo Box,Cash
13799,Dark_Blindfold_Box1,Refined Dark Blinder Box,Cash
13800,kRO_Drooping_Kitty_Box1,Refined Drooping Cat Box,Cash
13801,Corsair_Box1,Refined Corsair Box,Cash
13802,Bloody_Iron_Ball_Box1,Refined Bloodied Shackle Ball Box,Cash
13803,Spiritual_Ring_Box1,Refined Spiritual Ring Box,Cash
13804,Fire_Cracker_Love_Box,I Love You Firecracker Box,Cash
13805,Fire_Cracker_Wday_Box,Whiteday Firecracker Box,Cash
13806,Fire_Cracker_Vday_Box,Valentine's Day Firecracker Box,Cash
13807,Fire_Cracker_Bday_Box,Birthday Firecracker Box,Cash
13808,Fire_Cracker_Xmas_Box,Xmas Firecracker Box,Cash
13809,Blue_Gemstone_Box,Blue Gemstone Box,Cash
13810,Blue_Potion_Box,Light Blue Potion Box,Cash
13811,Food_Box_Lv1,Food Box Vol 1,Cash
13812,Food_Box_Lv2,Food Box Vol 2,Cash
13813,Food_Box_Lv3,Food Box Vol 3,Cash
13814,Indonesia_Box,Healing Box,Cash
13815,Knife_Goblin_Box,Knife Goblin Taming Box,Cash
13816,Flail_Goblin_Box,Flail Goblin Taming Box,Cash
13817,Hammer_Goblin_Box,Hammer Goblin Taming Box,Cash
13818,Red_Deleter_Box,Red Deleter Taming Box,Cash
13819,Diabolic_Box,Diabolic Taming Box,Cash
13820,Wanderer_Box,Wanderer Taming Box,Cash
13821,Green_Apple_Box,Green Apple Box,Cash
13822,Whole_Barbecue_Box,Barbeque Box,Cash
13823,Meat_Veg_Skewer_Box,Meat Skewer Box,Cash
13824,Spirit_Liquor_Box,Spirit Liquor Box,Cash
13825,Green_Box_,Old Green Box,Cash
13826,Power_Box1,Power Box 1,Usable
13827,Power_Box2,Power Box 2,Usable
13828,Resist_Box1,Resist Box 1,Cash
13829,Resist_Box2,Resist Box 2,Cash
13830,Stat_Boost1,Stat Boost 1,Cash
13831,Stat_Boost2,Stat Boost 2,Cash
13832,Stat_Boost3,Stat Boost 3,Cash
13833,Stat_Boost4,Stat Boost 4,Cash
13834,Dun_Tele_Scroll2_Box5,Dungeon Teleport Scroll II 5 Box,Cash
13835,Dun_Tele_Scroll2_Box10,Dungeon Teleport Scroll II 10 Box,Cash
13836,Mbl_Str_Dish_Box,Steamed Tongue Box,Cash
13837,Mbl_Agi_Dish_Box,Steamed Desert Scorpions Box,Cash
13838,Mbl_Int_Dish_Box,Dragon Breath Cocktail Box,Cash
13839,Mbl_Dex_Dish_Box,Hwergelmir's Tonic Box,Cash
13840,Mbl_Luk_Dish_Box,Cooked Nine Tail Box,Cash
13841,Mbl_Vit_Dish_Box,Immortal Stew Box,Cash
13842,Mbl_Kafra_Card_Box,Payment Statement for Kafra Employee Box,Cash
13843,Mbl_Battle_Manual_Box,Field Manual Box,Cash
13844,Heroic_Stone_Box,Heroic Stone Box,Cash
13845,Mysterious_Travel_Sack1,Mystery Travel Sack A,Cash
13846,Mysterious_Travel_Sack2,Mystery Travel Sack B,Cash
13847,Mysterious_Travel_Sack3,Mystery Travel Sack C,Cash
13848,Mysterious_Travel_Sack4,Mystery Travel Sack D,Cash
13849,WOB_Box_Rune5,Yellow Butterfly Wing 5 Box,Cash
13850,WOB_Box_Rune10,Yellow Butterfly Wing Box,Cash
13851,WOB_Box_Schawaltz5,Green Butterfly Wing 5 Box,Cash
13852,WOB_Box_Schawaltz10,Green Butterfly Wing Box,Cash
13853,WOB_Box_Rachel5,Red Butterfly Wing 5 Box,Cash
13854,WOB_Box_Rachel10,Red Butterfly Wing Box,Cash
13855,WOB_Box_Local5,Blue Butterfly Wing 5 Box,Cash
13856,WOB_Box_Local10,Blue Butterfly Wing Box,Cash
13857,Spark_Candy_Box5,Candy 5 Box,Cash
13858,Spark_Candy_Box10,Candy 10 Box,Cash
13859,Directive_A_Envelope,Directive Envelope A,Cash
13860,Directive_B_Envelope,Directive Envelope B,Cash
13861,Mini_Battle_Manual_Box,Small Field Manual Box,Cash
13862,Trial_Box,Trial Box,Cash
13863,Repair_Scroll_Box10,Repair Weapon Scroll 10 Box,Cash
13864,Hockey_Mask_Box,Hockey Mask Box,Cash
13865,Observer_Box,Observer Box,Cash
13866,Flying_Angel_Box,Flying Angel Box,Cash
13867,Neko_Mimi_Box,Neko Mimi Box,Cash
13868,MFH_Box,Moonlight Flower Hat Box,Cash
13869,Chick_Hat_Box,Baby Chick Hat Box,Cash
13870,New_Style_Box,Beauty Gift Certificate Box,Cash
13871,Mage_Card_Box,Mage Card Box,Cash
13872,Acolyte_Card_Box,Acolyte Card Box,Cash
13873,Archer_Card_Box,Archer Card Box,Cash
13874,Swordman_Card_Box,Swordman Card Box,Cash
13875,Thief_Card_Box,Thief Card Box,Cash
13876,Merchant_Card_Box,Merchant Card Box,Cash
13877,Clock_Tower_Card_Box,Clock Tower Card Box,Cash
13878,Geffenia_Card_Box,Geffenia Card Box,Cash
13879,Owl_Card_Box,Owl Card Box,Cash
13880,Ghost_Card_Box,Ghost Card Box,Cash
13881,Nightmare_Card_Box,Nightmare Card Box,Cash
13882,Curse_Card_Box,Curse Card Box,Cash
13883,Sleep_Card_Box,Sleep Card Box,Cash
13884,Freeze_Card_Box,Freeze Card Box,Cash
13885,Stun_Card_Box,Stun Card Box,Cash
13886,Silence_Card_Box,Silence Card Box,Cash
13887,Blind_Card_Box,Blind Card Box,Cash
13888,Chaos_Card_Box,Chaos Card Box,Cash
13889,Elunium_Box_,Elunium Box,Cash
13890,Oridecon_Box_,Oridecon Box,Cash
13891,Fire_Converter_Box,Fire Converter Box,Cash
13892,Water_Converter_Box,Water Converter Box,Cash
13893,Wind_Converter_Box,Wind Converter Box,Cash
13894,Earth_Converter_Box,Earth Converter Box,Cash
13895,Starter_Pack,Starter Pack,Cash
13896,Mimic_Scroll_Box5,Mimic Summoning 5 Box,Cash
13897,Disguise_Croll_Box5,Disguise Summoning 5 Box,Cash
13898,Alice_Scroll_Box5,Alice Summoning 5 Box,Cash
13899,Mimic_Scroll_Box10,Mimic Summoning 10 Box,Cash
13900,Disguise_Croll_Box10,Disguise Summoning 10 Box,Cash
13901,Alice_Scroll_Box10,Alice Summoning 10 Box,Cash
13902,Fish_Head_Hat_Box,Fish Head Hat Box,Cash
13903,Santa_Poring_Hat_Box,Santa Poring Box,Cash
13904,Bell_Ribbon_Box,Bell Ribbon Box,Cash
13905,Hard_Core_Set_Box,XM Hardcore Set Box,Cash
13906,Kitty_Set_Box,XM Kitty Set Box,Cash
13907,Soft_Core_Set_Box,XM Softcore Set Box,Cash
13908,Deviruchi_Set_Box,XM Deviruchi Set Box,Cash
13909,MVP_Hunt_Box,MVP Hunting Box,Cash
13910,Cook_Box,XM Brewing Set Box,Cash
13911,Xmas_Pet_Scroll,Christmas Pet Scroll,Usable
13912,Party_Blessing_Box,Party Blessing 10 Scroll Box,Cash
13913,Party_Inc_Agi_Box,Party Increase Agi 10 Scroll Box,Cash
13914,Party_Assumptio_Box,Party Assumptio 5 Scroll Box,Cash
13915,Love_Angel_Box,Love Angel Magic Powder Box,Cash
13916,Squirrel_Box,Squirrel Magic Powder Box,Cash
13917,Gogo_Box,Gogo Magic Powder Box,Cash
13918,Drooping_Kitty__Box,Koneko Hat Box,Cash
13919,Magestic_Goat__Box,Baphomet Horns Box,Cash
13920,Satanic__Chain_Box,Flying Evil Wing Box,Cash
13921,Antique_Pipe_Box,Gentleman's Pipe Box,Cash
13922,Bunny_Band__Box,Bunny Top Hat Box,Cash
13923,Darkness_Helm_Box,Dark Randgris Helm Box,Cash
13924,L_Orc_Hero_Helm_Box,Orc Hero Headdress Box,Cash
13925,Year_Of_Mouse_Scroll,Lucky Scroll08,Cash
13926,Crusader_Card_Box,Crusader Card Box,Cash
13927,Alchemist_Card_Box,Alchemist Card Box,Cash
13928,Rogue_Card_Box,Rogue Card Box,Cash
13929,Bard_Dancer_Card_Box,Bard Dancer Card Box,Cash
13930,Sage_Card_Box,Sage card box,Cash
13931,Monk_Card_Box,Monk Card Box,Cash
13932,Sylph_Box,Sylph Box,Cash
13933,Undine_Box,Undine Box,Cash
13934,Salamander_Box,Salamander Box,Cash
13935,Soul_Box,Soul Box,Cash
13936,Noum_Bpx,Gnome Box,Cash
13937,Robo_Eye_Box,Robo Eye Box,Cash
13938,Twin_Ribbon_Box,Maiden's Twin Ribbon Box,Cash
13939,Diadem_Box,Diadem Box,Cash
13940,Siege_Scroll_Box,WoE Teleport Scroll 100 Box,Cash
13941,TW_Valentine_Scroll,Valentine Scroll,Cash
13942,Love_Angel_Box_1m,Love Angel Magic Powder Box 30 Days,Cash
13943,Squirrel_Box_1m,Squirrel Magic Powder Box 30 Days,Cash
13944,Gogo_Box_1m,Gogo Magic Powder Box 30 Days,Cash
13945,BRO_SM_Package,Swordman Package,Cash
13946,BRO_MG_Package,Magician Package,Cash
13947,BRO_AC_Package,Acolyte Package,Cash
13948,BRO_AR_Package,Archer Package,Cash
13949,BRO_MC_Package,Merchant Package,Cash
13950,BRO_TF_Package,Thief Package,Cash
13951,Wasteland_Outlaw_Box,Western Outlaw Box,Cash
13952,Lever_Action_Rifle_Box,Lever Action Rifle Box,Cash
13953,All_In_One_Ring_Box,All In One Ring Box,Cash
13954,Spiritual_Tunic_Box,Spiritual Tunic Box,Cash
13955,Recuperative_Armor_Box,Recuvative Armor Box,Cash
13956,Shelter_Resistance_Box,Shell Of Resistance Box,Cash
13957,Sylphid_Manteau_Box,Silf Manteau Box,Cash
13958,Refresh_Shoes_Box,Refresh Shoes Box,Cash
13959,Toast_Box,Crunch Toast Box,Cash
13960,Name_Change_Coupon_Box,Identification Box,Cash
13961,Mojji_Box,Mochi Box,Cash
13962,Deprotai_Doll_Hat_Box,Defolty Doll Hat Box,Cash
13963,Claris_Doll_Hat_Box,Glaris Doll Hat Box,Cash
13964,Sorin_Doll_Hat_Box,Sorin Doll Hat Box,Cash
13965,Tayelin_Doll_Hat_Box,Tailring Doll Hat Box,Cash
13966,Binit_Doll_Hat_Box,Vinit Doll Hat Box,Cash
13967,Debril_Doll_Hat_Box,W Doll Hat Box,Cash
13968,Bubblegum_Lower_Box,Bubble Gum Hat Box,Cash
13969,Lucky_Clip_Box,July Jubilee Groove Pack,Cash
13970,Iron_10_Box,Iron Box,Cash
13971,Steel_10_Box,Steel Box,Cash
13972,Coal_10_Box,Coal Box,Cash
13973,Poison_Bottle_30_Box,Poison Bottle Box,Cash
13974,TW_Scroll01,RWC Gear Set,Cash
13975,Picture_Diary_Box,Diary Magic Powder Box,Cash
13976,Mini_Heart_Box,Mini Heart Magic Powder Box,Cash
13977,Newcomer_Box,Freshman Magic Powder Box,Cash
13978,Kid_Box,Kid Magic Powder Box,Cash
13979,Magic_Castle_Box,Magic Magic Powder Box,Cash
13980,Bulging_Head_Box,JJangu Magic Powder Box,Cash
13981,Picture_Diary_Box_1m,Diary Magic Powder Box 30 Days,Cash
13982,Mini_Heart_Box_1m,Mini Heart Magic Powder Box 30 Days,Cash
13983,Newcomer_Box_1m,Freshman Magic Powder Box 30 Days,Cash
13984,Kid_Box_1m,Kid Magic Powder Box 30 Days,Cash
13985,Magic_Castle_Box_1m,Magic Magic Powder Box 30 Days,Cash
13986,Bulging_Head_Box_1m,JJangu Magic Powder Box 30 Days,Cash
13987,Ori_Stone_5_Box,Rough Oridecon 5 Box,Cash
13988,Ori_Stone_50_Box,Rough Oridecon 50 Box,Cash
13989,Acidbomb_10_Box,Acid Bomb 10 Box,Cash
13990,Job_Manual50_Box,JOB Battle Manual Box,Cash
13991,Tiger_Mask_Box,Tiger Mask Box,Cash
13992,Cat_Hat_Box,Pussy Cat Bell Box,Cash
13993,Alice_Doll_Box,Alice Hat Box,Cash
13994,Speed_Up_Potion_Box5,Speed Potion 5 Box,Cash
13995,Speed_Up_Potion_Box10,Speed Potion 10 Box,Cash
13996,Big_Bun_Box100,Big Bun 100 Box,Cash
13997,Big_Bun_Box500,Big Bun 500 Box,Cash
13998,Giant_Fly_Wing_Box500,Giant Fly Wing 500 Box,Cash
13999,Pill__Box100,Pill 100 Box,Cash
14000,Pill__Box500,Pill 500 Box,Cash
14001,Basic_Siege_Supply_Box,Recruit Siege Supply Box,Cash
14002,Adv_Siege_Supply_Box,Veteran Siege Supply Box,Cash
14003,Elite_Siege_Supply_Box,Elite Siege Supply Box,Cash
14004,Poison_Bottle_10_Box,Poison Bottle 10 Box,Cash
14005,Poison_Bottle_5_Box,Poison Bottle 5 Box,Cash
14006,F_Drooping_W_Kitty_Box,Evolved Drooping Cat Box,Cash
14007,F_Rabbit_Ear_Hat_Box,Evolved Rabbits Headband Box,Cash
14008,F_L_Orc_Hero_Helm_Box,Evolved Helmet Of Orc Hero Box,Cash
14009,F_Love_Angel_Box,Love Angel Magic Powder Box,Cash
14010,F_Squirrel_Box,Squillroll Magic Powder Box,Cash
14011,F_Gogo_Box,Gogo Magic Powder Box,Cash
14012,F_Love_Angel_Box_1m,Love Angel Magic Powder Box 30 Days,Cash
14013,F_Squirrel_Box_1m,Squillroll Magic Powder Box 30 Days,Cash
14014,F_Gogo_Box_1m,Gogo Magic Powder Box 30 Days,Cash
14015,F_Wasteland_Outlaw_Box,Western Outlaw Box,Cash
14016,F_Lever_Action_Rifle_Bo,Lever Action Rifle Box,Cash
14017,F_All_In_One_Ring_Box,All In One Ring Box,Cash
14018,F_Spritual_Tunic_Box,Spiritual Tunic Box,Cash
14019,F_Recuperative_Box,Recuvative Armor Box,Cash
14020,F_Shelter_Resist_Box,Shell Of Resistance Box,Cash
14021,F_Sylphid_Manteau_Box,Silf Manteau Box,Cash
14022,F_Refresh_Shoes_Box,Refresh Shoes Box,Cash
14023,F_Toast_Box,Crunch Toast Box,Cash
14024,F_Robo_Eye_Box,Robo Eye Box,Cash
14025,F_Twin_Ribbon_Box,Maiden's Twin Ribbon Box,Cash
14026,F_Diadem_Box,Diadem Box,Cash
14027,F_Fish_Head_Hat_Box,Fish Head Hat Box,Cash
14028,F_Santa_Poring_Hat_Box,SantaPoring Cap Box,Cash
14029,F_Bell_Ribbon_Box,Bell Ribbon Box,Cash
14030,F_Mimic_Scroll_Box5,Mimic Summoning 5 Box,Cash
14031,F_Disguise_Scroll_Box5,Disguise Summoning 5 Box,Cash
14032,F_Alice_Scroll_Box5,Alice Summoning 5 Box,Cash
14033,F_Mimic_Scroll_Box10,Mimic Summoning 10 Box,Cash
14034,F_Disguise_Scroll_Box10,Disguise Summoning 10 Box,Cash
14035,F_Alice_Scroll_Box10,Alice Summoning 10 Box),Cash
14036,F_New_Style_Coupon_Box,New Style Box,Cash
14037,F_Repair_Scroll_Box,Repair Weapon Scroll Box,Cash
14038,F_Repair_Scroll_Box10,Repair Weapon Scroll 10 Box,Cash
14039,F_Hockey_Mask_Box,Hockey Mask Box,Cash
14040,F_Observer_Box,Observer Box,Cash
14041,F_WOB_Rune_Box5,Yellow Butterfly Wing 5 Box,Cash
14042,F_WOB_Rune_Box10,Yellow Butterfly Wing Box,Cash
14043,F_WOB_Schwaltz_Box5,Green Butterfly Wing 5 Box,Cash
14044,F_WOB_Schwaltz_Box10,Green Butterfly Wing Box,Cash
14045,F_WOB_Rachel_Box5,Red Butterfly Wing 5 Box,Cash
14046,F_WOB_Rachel_Box10,Red Butterfly Wing Box,Cash
14047,F_WOB_Local_Box5,Blue Butterfly Wing 5 Box,Cash
14048,F_WOB_Local_Box10,Blue Butterfly Wing Box,Cash
14049,F_Spark_Candy_Box5,Candy 5 Box,Cash
14050,F_Spark_Candy_Box10,Candy 10 Box,Cash
14051,F_Dun_Tel_Scroll2_Box5,Dungeon Teleport Scroll II 5 Box,Cash
14052,F_Dun_Tel_Scroll2_Box10,Dungeon Teleport Scroll II 10 Box,Cash
14053,F_Little_Angel_Doll_Box,Little Angel Doll Box,Cash
14054,F_Triple_Poring_Hat_Box,Poring 3 Hats Box,Cash
14055,F_Nagan_Box,Refined Nagan Box,Cash
14056,F_Skewer_Box,Refined Brocca Box,Cash
14057,F_Survival_Rod_Box,Refined Survivor's Rod Box,Cash
14058,F_Quadrille_Box,Refined Quadrille Box,Cash
14059,F_Great_Axe_Box,Refined Great Axe Box,Cash
14060,F_Bloody_Roar_Box,Refined Bloody Roar Box,Cash
14061,F_Hardback_Box,Refined Hardcover Book Box,Cash
14062,F_Fire_Brand_Box,Refined Fireblend Box,Cash
14063,F_Immaterial_Sword_Box,Refined Immaterial Sword Box,Cash
14064,F_Unholy_Touch_Box,Refined Unholy Touch Box,Cash
14065,F_Clack_Of_Servival_Box,Refined Survivor's Manteau Box,Cash
14066,F_Masquerade_Box,Refined Masquerade Box,Cash
14067,F_Orc_Hero_Helm_Box,Refined Helmet of Orc Hero Box,Cash
14068,F_Ear_Of_Devil_Wing_Box,Refined Wing of Diablo Box,Cash
14069,F_Dark_Blindfold_Box,Refined Dark Blinder Box,Cash
14070,F_K_Drooping_Kitty_Box,Refined Drooping Cat Box,Cash
14071,F_Corsair_Box,Refined Corsair Box,Cash
14072,F_Bloody_Iron_Ball_Box,Refined Bloodied Shackle Ball Box,Cash
14073,F_Spiritual_Ring_Box,Refined Spiritual Ring Box,Cash
14074,F_G_O_I_Box5,Wine Glass of Illusion 5 Box,Cash
14075,F_G_O_I_Box10,Glass Of Illusion 10 Box,Cash
14076,F_Shadow_Armor_S_Box5,Scroll of Shadow Armor 5 Box,Cash
14077,F_Shadow_Armor_S_Box10,Scroll of Shadow Armor 10 Box,Cash
14078,F_Shadow_Armor_S_Box30,Scroll of Shadow Armor 30 Box,Cash
14079,F_Holy_Armor_S_Box5,Scroll of Holy Armor 5 Box,Cash
14080,F_Holy_Armor_S_Box10,Scroll of Holy Armor 10 Box,Cash
14081,F_Holy_Armor_S_Box30,Scroll of Holy Armor 30 Box,Cash
14082,FS_Def_Potion_Box10,Small Defense Potion 10 Box,Cash
14083,FS_Def_Potion_Box30,Small Physical Defense Potion 30 Box,Cash
14084,FS_Def_Potion_Box50,Small Physical Defense Potion 50 Box,Cash
14085,FB_Def_Potion_Box10,Big Defense Potion 10 Box,Cash
14086,FB_Def_Potion_Box30,Large Physical Defense Potion 30 Box,Cash
14087,FB_Def_Potion_Box50,Large Physical Defense Potion 50 Box,Cash
14088,FS_Mdef_Potion_Box10,Small Magic Defense Potion 10 Box,Cash
14089,FS_Mdef_Potion_Box30,Small Magical Defense Potion 30 Box,Cash
14090,FS_Mdef_Potion_Box50,Small Magical Defense Potion 50 Box,Cash
14091,FB_Mdef_Potion_Box10,Big Magic Defense Potion 10 Box,Cash
14092,FB_Mdef_Potion_Box30,Large Magical Defense Potion 30 Box,Cash
14093,FB_Mdef_Potion_Box50,Large Magical Defense Potion 50 Box,Cash
14094,F_Flying_Angel_Box,Flying Angel Box,Cash
14095,F_Cat_Hat_Box,Neko Mimi Box,Cash
14096,F_M_F_H_Box,Moonlight Flower Hat Box,Cash
14097,F_Chick_Hat_Box,Baby Chick Hat Box,Cash
14098,F_Pecopeco_Hairband_Box,Pecopeco Hairband Box,Cash
14099,F_Red_Glasses_Box,Red Glasses Box,Cash
14100,F_Whisper_Mask_Box,Whisper Mask Box,Cash
14101,F_Ramen_Hat_Box,Ramen Hat Box,Cash
14102,F_Dun_Tele_Scroll1_Box,Dungeon Teleport Scroll 5 Box,Cash
14103,F_Max_Weight_Up_Box,Gym Membership Card Box,Cash
14104,F_S_Life_Potion_Box,Small Life Potion 10 Box,Cash
14105,F_S_Life_Potion_Box30,Small Life Potion 30 Box,Cash
14106,F_S_Life_Potion_Box50,Small Life Potion 50 Box,Cash
14107,F_M_Life_Potion_Box,Medium Life Potion 10 Box,Cash
14108,F_M_Life_Potion_Box30,Large Life Potion 30 Box,Cash
14109,F_M_Life_Potion_Box50,Large Life Potion 50 Box,Cash
14110,F_Abrasive_Box5,Abrasive 5 Box,Cash
14111,F_Abrasive_Box10,Abrasive 10 Box,Cash
14112,F_Regeneration_Box5,Regeneration Potion 5 Box,Cash
14113,F_Regeneration_Box10,Regeneration Potion 10 Box,Cash
14114,F_Dun_Tele_Scroll_Box10,Dungeon Teleport Scroll 10 Box,Cash
14115,F_Infiltrator_Box,Refined Infiltrator Box,Cash
14116,F_Muramasa_Box,Refined Muramasa Box,Cash
14117,F_Excalibur_Box,Refined Excalibur Box,Cash
14118,F_Combat_Knife_Box,Combat Knife Box,Cash
14119,F_Counter_Dagger_Box,Counter Dagger Box,Cash
14120,F_Kaiser_Knuckle_Box,Refined Kaiser Knuckle Box,Cash
14121,F_Mighty_Staff_Box,Refined Mighty Staff Box,Cash
14122,F_Right_Epsilon_Box,Light Epsilon Box,Cash
14123,F_Balistar_Box,Refined Ballista Box,Cash
14124,F_Diary_Of_Great_Sage,Sage's Diary Box,Cash
14125,F_Asura_Box,Asura Box,Cash
14126,F_Apple_Of_Archer_Box,Apple of Archer Box,Cash
14127,F_Bunny_Band_Box,Bunny Band Box,Cash
14128,F_Sahkkat_Box,Refined Sakkat Box,Cash
14129,F_Lord_Circlet_Box,Refined Grand Circlet Box,Cash
14130,F_Elven_Ears_Box,Elven Ears Box,Cash
14131,F_Steel_Flower_Box,Steel Flower Box,Cash
14132,F_Critical_Ring_Box,Critical Ring Box,Cash
14133,F_Earring_Box,Earring Box,Cash
14134,F_Ring_Box,Ring Box,Cash
14135,F_Necklace_Box,Necklace Box,Cash
14136,F_Glove_Box,Glove Box,Cash
14137,F_Brooch_Box,Brooch Box,Cash
14138,F_Rosary_Box,Rosary Box,Cash
14139,F_Safety_Ring_Box,Safety Ring Box,Cash
14140,F_Vesper_Core_Box01,Refined Vesper Core 01 Box,Cash
14141,F_Vesper_Core_Box02,Refined Vesper Core 02 Box,Cash
14142,F_Vesper_Core_Box03,Refined Vesper Core 03 Box,Cash
14143,F_Vesper_Core_Box04,Refined Vesper Core 04 Box,Cash
14144,F_Vigorgra_Package1,Vigorgra Box1,Cash
14145,F_Vigorgra_Package2,Vigorgra Box2,Cash
14146,F_Vigorgra_Package3,Candy-Gram Lucky Box,Cash
14147,F_Vigorgra_Package4,Candy-Gram Lucky Crate,Cash
14148,F_Vigorgra_Package5,Vigorgra Box5,Cash
14149,F_Vigorgra_Package6,Vigorgra Box6,Cash
14150,F_Vigorgra_Package7,Vigorgra Box7,Cash
14151,F_Vigorgra_Package8,Vigorgra Box8,Cash
14152,F_Vigorgra_Package9,Start your Journey Pack,Cash
14153,F_Vigorgra_Package10,Siege Mode Pack,Cash
14154,F_Vigorgra_Package11,1 Hour Survival Pack,Cash
14155,F_Vigorgra_Package12,Weekend Hunting Pack,Cash
14156,F_Battle_Manual_Box,Battle Manual Box,Cash
14157,F_Insurance_Package,Insurance Package,Cash
14158,F_Bubble_Gum_Box,Bubble Gum Box,Cash
14159,F_Str_Dish_Box,Steamed Tongue Box,Cash
14160,F_Agi_Dish_Box,Steamed Scorpion Box,Cash
14161,F_Int_Dish_Box,Dragon Breath Cocktail Box,Cash
14162,F_Dex_Dish_Box,Hwergelmir's Tonic Box,Cash
14163,F_Luk_Dish_Box,Nine Tail Dish Box,Cash
14164,F_Vit_Dish_Box,Stew Of Immortality Box,Cash
14165,F_Kafra_Card_Box,Kafra Card Box,Cash
14166,F_Giant_Fly_Wing_Box,Giant Fly Wing Box,Cash
14167,F_Neuralizer_Box,Neuralizer Box,Cash
14168,F_Convex_Mirror_Box,Convex Mirror Box,Cash
14169,F_Blessing_10_Box,Blessing 10 Scroll Box,Cash
14170,F_Inc_Agi_10_Scroll_Box,Increase AGI 10 scroll Box,Cash
14171,F_Aspersio_5_Scroll_Box,Aspersio 5 Scroll Box,Cash
14172,F_Assumptio_5_Box,Assumptio 5 Scroll Box,Cash
14173,F_Wind_Walk_10_Box,Wind Walk 10 Scroll Box,Cash
14174,F_Adrenaline_Scroll_Box,Adrenaline 5 Scroll Box,Cash
14175,F_Megaphone_Box,Megaphone 10 Box,Cash
14176,F_Enriched_Elunium_Box,Enriched Elunium Box,Cash
14177,F_Enriched_Oridecon_Box,Enriched Oridecon Box,Cash
14178,F_Siegfried_Box,Token of Siegfried Box,Cash
14179,F_Giant_Fly_Wing_Box50,Giant Fly Wing 50 Box,Cash
14180,F_Giant_Fly_Wing_Box100,Giant Fly Wing 100 Box,Cash
14181,F_Dex_Dish_Box30,Hwergelmir's Tonic 30 Box,Cash
14182,F_Dex_Dish_Box50,Hwergelmir's Tonic 50 Box,Cash
14183,F_Luk_Dish_Box30,Nine Tail Dish 30 Box,Cash
14184,F_Luk_Dish_Box50,Nine Tail Dish 50 Box,Cash
14185,F_Inc_Agi_10_Box30,Increase Agility Scroll 30 Box,Cash
14186,F_Inc_Agi_10_Box50,Increase Agility Scroll 50 Box,Cash
14187,F_Vit_Dish_Box30,Stew of Immortality 30 Box,Cash
14188,F_Vit_Dish_Box50,Stew of Immortality 50 Box,Cash
14189,F_Insurance_Package30,Life Insurrance 30 Box,Cash
14190,F_Insurance_Package50,Life Insurrance 50 Box,Cash
14191,F_Convex_Mirror_Box5,Convex Mirror 5 Box,Cash
14192,F_Convex_Mirror_Box30,Convex Mirror 30 Box,Cash
14193,F_Blessing10_Box30,Blessing Scroll 30 Box,Cash
14194,F_Blessing10_Box50,Lv10 Blessing Scroll Box 50,Cash
14195,F_Adrenaline10_Box30,Adrenaline Rush Scroll 30 Box,Cash
14196,F_Adrenaline10_Box50,Adrenaline Rush Scroll 50 Box,Cash
14197,F_Assumptio_5_Box30,Assumptio Scroll 30 Box,Cash
14198,F_Assumptio_5_Box50,Lv5 Assumptio Scroll Box 50,Cash
14199,F_Aspersio_5_Box30,Aspersio Scroll 30 Box,Cash
14200,F_Aspersio_5_Box50,Aspersio Scroll 50 Box,Cash
14201,F_Agi_Dish_Box30,Steamed Scorpion 30 Box,Cash
14202,F_Agi_Dish_Box50,Steamed Scorpion 50 Box,Cash
14203,F_Wind_Walk10_Box30,Wind Walk Scroll 30 Box,Cash
14204,F_Wind_Walk10_Box50,Wind Walk Scroll 50 Box,Cash
14205,F_Int_Dish_Box30,Dragon Breath Cocktail 30 Box,Cash
14206,F_Int_Dish_Box50,Dragon Breath Cocktail 50 Box,Cash
14207,F_Battle_Manual_Box1,Field Manual Box,Cash
14208,F_Battle_Manual_Box5,Battle Manual 5 Box,Cash
14209,F_Siegfried_Box5,Token of Siegfried 5 Box,Cash
14210,F_Siegfried_Box20,Token of Siegfried 20 Box,Cash
14211,F_Kafra_Card_Box30,Kafra Card 30 Box,Cash
14212,F_Kafra_Card_Box50,Kafra Card 50 Box,Cash
14213,F_Str_Dish_Box30,Steamed Tongue 30 Box,Cash
14214,F_Str_Dish_Box50,Steamed Tongue 50 Box,Cash
14215,F_Bubble_Gum_Box1,Bubble Gum Box,Cash
14216,F_Bubble_Gum_Box5,Bubble Gum 5 Box,Cash
14217,F_Megaphone_Box1,Megaphone Box,Cash
14218,F_Megaphone_Box5,Megaphone 5 Box,Cash
14219,F_Enriched_Elunium_Box5,Enriched Elunium 5 Box,Cash
14220,FEnriched_Oridecon_Box5,Enriched Oridecon 5 Box,Cash
14221,MP_Scroll_Box,Mystical Amplification Scroll 10 Box,Cash
14222,MP_Scroll_Box30,Mystical Amplification Scroll 30 Box,Cash
14223,MP_Scroll_Box50,Mystical Amplification Scroll 50 Box,Cash
14224,Quagmire_Scroll_Box,Quagmire Scroll 10 Box,Cash
14225,Quagmire_Scroll_Box30,Quagmire Scroll 30 Box,Cash
14226,Quagmire_Scroll_Box50,Quagmire Scroll 50 Box,Cash
14227,Healing_Staff_Box,Healing Staff Box,Cash
14228,Praxinus_Box,Praccsinos Box,Cash
14229,Sakura,Cherry Blossom Scroll,Cash
14230,Headset_OST_Box,Note Headphones Box,Cash
14231,Novice_Set_Box,Novice Breastplate Boxes,Cash
14232,Yggdrasilberry_Box_,Yggdrasil Berry 10 Box,Cash
14233,Dead_Tree_Branch_Box1,Dead Branch 10 Box,Cash
14234,Dead_Tree_Branch_Box2,Dead Branch 25 Box,Cash
14235,Battle_Manual50_Box,Field Manual 2 Box,Cash
14236,Str_Dish20_Box,Steamed Tongue 20 Box,Cash
14237,Agi_Dish20_Box,Steamed Desert Scorpions Box (20),Cash
14238,Vit_Dish20_Box,Immortal Stew 20 Box,Cash
14239,Int_Dish20_Box,Dragon Breath Cocktail 20 Box,Cash
14240,Dex_Dish20_Box,Hwergelmir's Tonic 20 Box,Cash
14241,Luk_Dish20_Box,Nine Tail Dish 20 Box,Cash
14242,Beholder_Ring_Box,Beholder Ring Box,Cash
14243,Hallow_Ring_Box,Hallow Ring Box,Cash
14244,Clamorous_Ring_Box,Clamorous Ring Box,Cash
14245,Chemical_Ring_Box,Chemical Ring Box,Cash
14246,Insecticide_Ring_Box,Insecticide Ring Box,Cash
14247,Fisher_Ring_Box,Fisher Ring Box,Cash
14248,Decussate_Ring_Box,Decussate Ring Box,Cash
14249,Bloody_Ring_Box,Bloody Ring Box,Cash
14250,Satanic_Ring_Box,Satanic Ring Box,Cash
14251,Dragoon_Ring_Box,Dragon Ring Box,Cash
14252,Beholder_Ring_Box2,Neutral Ring Box2,Cash
14253,Hallow_Ring_Box2,Hallow Ring Box2,Cash
14254,Clamorous_Ring_Box2,Clamorous Ring Box2,Cash
14255,Chemical_Ring_Box2,Chemical Ring Box2,Cash
14256,Insecticide_Ring_Box2,Insecticide Ring Box2,Cash
14257,Fisher_Ring_Box2,Fisher Ring Box2,Cash
14258,Decussate_Ring_Box2,Decussate Ring Box2,Cash
14259,Bloody_Ring_Box2,Bloody Ring Box2,Cash
14260,Satanic_Ring_Box2,Satanic Ring Box2,Cash
14261,Dragoon_Ring_Box2,Dragon Ring Box2,Cash
14262,FPicture_Diary_Box,Diary Magic Powder Box,Cash
14263,FMini_Heart_Box,Mini Heart Magic Powder Box,Cash
14264,FNewcomer_Box,Freshman Magic Powder Box,Cash
14265,FKid_Box,Kid Magic Powder Box,Cash
14266,FMagic_Castle_Box,Magic Magic Powder Box,Cash
14267,FBulging_Head_Box,JJangu Magic Powder Box,Cash
14268,FPicture_Diary_Box_1m,Diary Magic Powder Box,Cash
14269,FMini_Heart_Box_1m,Mini Heart Magic Powder Box,Cash
14270,FNewcomer_Box_1m,Freshman Magic Powder Box,Cash
14271,FKid_Box_1m,Kid Magic Powder Box,Cash
14272,FMagic_Castle_Box_1m,Magic Magic Powder Box,Cash
14273,FBulging_Head_Box_1m,JJangu Magic Powder Box,Cash
14274,FMP_Scroll_Box,Mystical Amplification Scroll 10 Box,Cash
14275,FMP_Scroll_Box30,Mystical Amplification Scroll 30 Box,Cash
14276,FMP_Scroll_Box50,Mystical Amplification Scroll 50 Box,Cash
14277,FQuagmire_Scroll_Box,Quagmire Scroll 10 Box,Cash
14278,FQuagmire_Scroll_Box30,Quagmire Scroll 30 Box,Cash
14279,FQuagmire_Scroll_Box50,Quagmire Scroll 50 Box,Cash
14280,FHealing_Staff_Box,Healing Staff Box,Cash
14281,FPraxinus_Box,Fraxinus Box,Cash
14282,Empelium_Box,Emperium Box,Cash
14283,Marriage_Covenant_Box,Written Oath Of Marriage Box,Cash
14284,Muffler_C_Box,Neo Muffler Box,Cash
14285,Valkyrja's_Shield_C_Box,Neo Valkyrja's Shield Box,Cash
14286,Skul_Ring_C_Box,Neo Skull Ring Box,Cash
14287,S_Barricade_Repair_Kit,Barricade Repair Kit,Cash
14288,S_Gstone_Repair_Kit,Guardian Stone Repair Kit,Cash
14289,Cloth_Dye_Coupon_Box,New Clothing Dye Coupon Box,Cash
14290,Cloth_Dye_Coupon2_Box,Original Clothing Dye Coupon Box,Cash
14291,FCloth_Dye_Coupon_Box,Clothing Dye Coupon Box,Usable
14292,FCloth_Dye_Coupon_Box2,Clothing Dye Coupon Box II,Usable
14293,Mercenary_Contract_Box,Mercenary Contract Box,Usable
14294,Mercenary_Contract_5Box,Mercenary Contract Box 5ea,Usable
14295,Mercenary_Con_10Box,Mercenary Contract Box 10ea,Usable
14296,Angel_Scroll,Angel Scroll,Usable
14297,Devil_Scroll,Devil Scroll,Usable
14298,Surprise_Scroll,Surprise Scroll,Usable
14299,Evolved_Leaf_Box,Leaves of Grass Box,Cash
14300,Mask_Of_Ifrit_Box,Mask Of Ifrit Box,Cash
14301,Ifrit's_Ear_Box,Ears Of Ifrit Box,Cash
14302,Filr_Hat_Box,Filir Hat Box,Cash
14303,Angel_Spirit_Box,Angel Spirit Box,Cash
14304,Scuba_Mask_Box,Scuba Mask Box,Cash
14305,Neko_Mimi_Kafra_Box,Neko Mimi Kafra Band Box,Cash
14306,RWC_Special_Scroll,RWC Special Scroll,Usable
14307,RWC_Limited_Scroll,RWC Limited Scroll,Usable
14308,Ardor_Scroll,Ardor Scroll,Cash
14309,Gang_Scarf_Box,Gangster Scarf Box,Cash
14310,Ninja_Scroll_Box,Ninja's Scroll Box,Cash
14311,FAngel_Spirit_Box,Angel Spirit Box,Cash
14312,FGang_Scarf_Box,Gangster Scarf Box,Cash
14313,FNinja_Scroll_Box,Ninja's Scroll Box,Cash
14314,PhreeoniS_Box,Phreeoni Scroll Box,Cash
14315,GhostringS_Box,Ghostring Scroll Box,Cash
14316,July7_Scroll,July7 Scroll,Usable
14317,Bacsojin_Scroll,Bacsojin Scroll,Usable
14318,Radio_Antenna_Box,Antenna Box,Cash
14319,Tiraya_Bonnet_Box,Tiraya Bonnet Box,Cash
14320,Balloon_Hat_Box,Balloon Hat Box,Cash
14321,Holy_Saber_Box,Holy Sabre Box,Cash
14322,Book_Of_Prayer_Box,Book of Prayer Box,Cash
14323,Phenomena_Whip_Box,Phenomena Whip Box,Cash
14324,Staff_Of_Darkness_Box,Staff of Darkness Box,Cash
14325,Monk_Knuckle_Box,Monk Knuckle Box,Cash
14326,Mace_Of_Madness_Box,Mace of Madness Box,Cash
14327,Spear_Of_Excellent_Box,Spear of Excellent Box,Cash
14328,Bow_Of_Evil_Box,Bow of Evil Box,Cash
14329,Katar_Of_Speed_Box,Katar of Speed Box,Cash
14330,SS_Revolver_Box,Sharpshooter Revolver Box,Cash
14331,Guildsman_Recruiter_Box,Guild Member Hat Box,Cash
14332,Party_Recruiter_Hat_Box,Party Member Hat Box,Cash
14333,Bf_Recruiter_Hat_Box,Boyfriend Hat Box,Cash
14334,Friend_Recr_Hat_Box,Friend Hat Box,Cash
14335,Gf_Recruiter_Hat_Box,Girlfriend Hat Box,Cash
14336,Marcher_Hat_Box,Holy Marcher Hat Box,Cash
14337,F_Guildsman_Recr_Box,Guild Member Hat Box,Cash
14338,F_Party_Recr_Hat_Box,Party Member Hat Box,Cash
14339,FBf_Recruiter_Hat_Box,Boyfriend Hat Box,Cash
14340,F_Friend_Recr_Hat_Box,Friend Hat Box,Cash
14341,FGf_Recruiter_Hat_Box,Girlfriend Hat Box,Cash
14342,FMarcher_Hat_Box,Holy Marcher Hat Box,Cash
14343,Spiked_Scarf_Box,Spiked Scarf Box,Cash
14344,Rainbow_Scarf_Box,Rainbow Scarf Box,Cash
14345,Animal_Scroll,Animal Scroll,Usable
14346,Bro_Flag_Box,Brazilian Flag Hat Box,Cash
14347,Greed_Scroll_C20Box,Greed Scroll Box(20),Cash
14348,Greed_Scroll_C50Box,Greed Scroll Box(50),Cash
14349,Mental_Potion20_Box,Mental Potion 20 Box,Cash
14350,Mental_Potion50_Box,Mental Potion 50 Box,Cash
14351,Tyr_Blessing_Box20,Tyr's Blessing 20 Box,Cash
14352,Tyr_Blessing_Box50,Tyr's Blessing 50 Box,Cash
14353,F_Greed_Scroll_C20Box,Greed Scroll Box(20),Cash
14354,F_Greed_Scroll_C50Box,Greed Scroll Box(50),Cash
14355,F_Mental_Potion20_Box,Mental Potion Box(20),Cash
14356,F_Mental_Potion50_Box,Mental Potion Box(50),Cash
14357,F_Tyr_Blessing_Box20,Tyr's Blessing Box(20),Cash
14358,F_Tyr_Blessing_Box50,Tyr's Blessing Box(50),Cash
14359,TaogunkaS_Box,Tao Gunka Scroll Box,Cash
14360,MistressS_Box,Mistress Scroll Box,Cash
14361,Orc_HeroS_Box,Orc HeroS Box,Cash
14362,Orc_LoadS_Box,Orc LoadS Box,Cash
14363,Heart_Scroll,Heart Scroll,Usable
14364,Job_Manual25_Box1,JOB Battle Manual Box,Cash
14365,Job_Manual25_Box5,JOB Battle Manual Box(5),Cash
14366,Job_Manual25_Box10,JOB Battle Manual Box(10),Cash
14367,F_Job_Manual25_Box1,JOB Battle Manual Box,Cash
14368,F_Job_Manual25_Box5,JOB Battle Manual Box(5),Cash
14369,F_Job_Manual25_Box10,JOB Battle Manual Box(10),Cash
14370,Goddess_Bless_Box,Goddess of Blessing Box,Cash
14371,Angel_Bless_Box,Angel of Blessing Box,Cash
14372,Powder_Snow_Box,Powder Snow Box,Cash
14373,Little_Heart_Box,Small Hearts Box,Cash
14374,J_Firecracker_Box,Extravagant Firework Box,Cash
14375,Holy_Celestial_Axe_Box,Celestial Axe Box,Cash
14376,Angeling_Pot_Box,Angeling Potion Box,Cash
14377,Shout_Megaphone_Box,Scream Megaphone Box,Cash
14378,Dun_Tele_Scroll3_Box_fr,Dungeon Teleport Scroll 3 Box,Cash
14379,Love_Daddy_Box,Love Daddy Box,Cash
14380,Anubis_Helm_Box,Anubis Hat Box,Cash
14381,Piercing_Box_M,Piercing Box M,Cash
14382,Lich_Bone_Box_M,Lich Bone Box M,Cash
14383,Long_Horn_Box_M,Long Horn Box M,Cash
14384,Hunting_Spear_Box_M,Hunting Spear Box M,Cash
14385,Death_Note_Box_M,Death Note Box M,Cash
14386,Destruction_Box_M,Destruction Box M,Cash
14387,Rider_Insignia_Box_M,Rider Insignia Box M,Cash
14388,Mithril_Cape_Box_M,Mithril Cape Box M,Cash
14389,Sniping_Box_M,Sniping Box M,Cash
14390,Orleans_Box_M,Orleans Box M,Cash
14391,Spiritual_Box_M,Spiritual Box M,Cash
14392,Variant_Box_M,Variant Box M,Cash
14393,Almighty_Charm_Box,Universal Amulet Box,Cash
14394,Santa_Hat_1_Box,Cute Santa Hat Box,Cash
14395,J_Captain_Hat_Box,Master's Hat Box,Cash
14396,Coke_Hat_Box,Red Minstrel Hat Box,Cash
14397,Bonus_Box01,Bonus Box 01,Cash
14398,Bonus_Box02,Bonus Box 02,Cash
14399,Bonus_Box03,Bonus Box 03,Cash
14400,Bonus_Box04,Bonus Box 04,Cash
14401,Bonus_Box05,Bonus Box 05,Cash
14402,Bonus_Box06,Bonus Box 06,Cash
14403,Bonus_Box07,Bonus Box 07,Cash
14404,Bonus_Box08,Bonus Box 08,Cash
14405,Bonus_Box09,Bonus Box 09,Cash
14406,Bonus_Box10,Bonus Box 10,Cash
14407,Xmas_Scroll,Xmas Scroll,Cash
14408,New_Year_Scroll,New Year Scroll,Usable
14409,F_Santa_Hat_1_Box,Twin Pompom By JB Box,Cash
14410,F_Captain_Hat_Box,Ship Captain Hat Box,Cash
14411,F_Coke_Hat_Box,Red Minstrel Hat Box,Cash
14412,F_Bonus_Box01,Bonus Box 01,Cash
14413,F_Bonus_Box02,Bonus Box 02,Cash
14414,F_Bonus_Box03,Bonus Box 03,Cash
14415,F_Bonus_Box04,Bonus Box 04,Cash
14416,F_Bonus_Box05,Bonus Box 05,Cash
14417,F_Bonus_Box06,Bonus Box 06,Cash
14418,F_Bonus_Box07,Bonus Box 07,Cash
14419,F_Bonus_Box08,Bonus Box 08,Cash
14420,F_Bonus_Box09,Bonus Box 09,Cash
14421,F_Bonus_Box10,Bonus Box 10,Cash
14422,Shaman's_Old_Paper_Box,Shaman's Document Box,Cash
14423,Broken_Sword_Box,Broken Sword Box,Cash
14424,Wing_Of_Bizofnil_Box,Bijofnil Feather Box,Cash
14426,Fortune_Sword_Box_I,Fortune Sword Box,Cash
14427,House_Auger_Box_I,Ice Pick Box,Cash
14428,Kamaitachi_Box_I,Kamaitachi Box,Cash
14429,Berserk_Guitar_Box_I,Spirited Guitar Box,Cash
14430,Doom_Slayer_Box_I,Doom Slayer Box,Cash
14431,Huuma_Blaze_Box_I,Huuma Blaze Shuriken Box,Cash
14432,Odin's_Blessing_Box_I,Odin's Blessing Box,Cash
14433,Ring_Of_F_Lord_Box_I,Ring of Flame Lord Box,Cash
14434,Ring_Of_Reson_Box_I,Ring of Resonance Box,Cash
14435,Boy's_Cap_Box_I,Student Cap Box,Cash
14436,Ulle_Cap_Box_I,Ulle's Cap Box,Cash
14437,Spinx_Helm_Box_I,Sphinx Hat Box,Cash
14438,Honglyun's_Sword_Box,Honglyun's Sword Box,Cash
14439,Power_Of_Thor_Box,Power Of Thor Box,Cash
14440,Dice_Hat_Box,Dice Hat Box,Cash
14441,King_Tiger_Doll_Hat_Box,King Tiger Doll Hat Box,Cash
14442,Wondering_Wolf_Helm_Box,Wondering Wolf Helm Box,Cash
14443,Pizza_Hat_Box,Pizza Hat Box,Cash
14444,Icecream_Hat_Box,Icecream Hat Box,Cash
14447,Pirate's_Pride_Box,Pirate's Pride Box,Cash
14448,Necromencer's_Hood_Box,Necromancer's Hood Box,Cash
14449,Fugin_Egg01,Huginn's First Egg,Cash
14450,Fugin_Egg02,Huginn's Second Egg,Cash
14451,Fugin_Egg03,Huginn's Third Egg,Cash
14452,Fugin_Egg04,Huginn's Fourth Egg,Cash
14453,Fugin_Egg05,Huginn's Fifth Egg,Cash
14454,Fugin_Egg06,Huginn's Sixth Egg,Cash
14455,Munin_Egg01,Munin's First Egg,Cash
14456,Munin_Egg02,Munin's Second Egg,Cash
14457,Munin_Egg03,Munin's Third Egg,Cash
14458,Munin_Egg04,Munin's Fourth Egg,Cash
14459,Rabbit_Magic_Hat_Box,Magic Rabbit Hat Box,Cash
14460,China_Wedding_Veil_Box,RO 5th Wedding Anniversary Box,Cash
14461,Asara_Fairy_Hat_Box,Ashura Fairy Hat Box,Cash
14462,Darkness_Helm_Box2,Dark Randgris Helm Box,Cash
14463,New_Cowboy_Hat_Box,Purple Cowboy Hat Box,Cash
14464,F_Darkness_Helm_Box2,Dark Randgris Helm Box,Cash
14465,F_New_Cowboy_Hat_Box,Purple Cowboy Hat Box,Cash
14466,Valentine_Pledge_Box,Valentine's Emblem Box,Usable
14467,Carnival_Hat_Box,Carnival Hat Box,Cash
14468,Carnival_Circlet_Box,Carnival Circlet Box,Cash
14469,Ox_Tail_Scroll,Ox Tail Egg,Usable
14470,T_Nightmare_Box,Nightmare Terror Exchange Coupon Box,Cash
14471,T_Loli_Ruri_Box,Loli Ruri Exchange Coupon Box,Cash
14472,T_Goblin_Leader_Box,Goblin Leader Exchange Coupon Box,Cash
14473,T_Incubus_Box,Incubus Exchange Coupon Box,Cash
14474,T_Miyabi_Ningyo_Box,Miyabi Doll Exchange Coupon Box,Cash
14475,T_Whisper_Box,Giant Whisper Exchange Coupon Box,Cash
14476,T_Wicked_Nymph_Box,Evil Nymph Exchange Coupon Box,Cash
14477,T_Medusa_Box,Medusa Exchange Coupon Box,Cash
14478,T_Stoneshooter_Box,Stone Shooter Exchange Coupon Box,Cash
14479,T_Marionette_Box,Marionette Exchange Coupon Box,Cash
14480,T_Leafcat_Box,Leaf Cat Exchange Coupon Box,Cash
14481,T_Dullahan_Box,Dullahan Exchange Coupon Box,Cash
14482,T_Shinobi_Box,Shinobi Exchange Coupon Box,Cash
14483,T_Golem_Box,Golem Exchange Coupon Box,Cash
14484,T_Civil_Servant_Box,Civil Servant Exchange Coupon Box,Cash
14485,Academy_Badge_Box,Academy Badge Box,Cash
14486,Academy_Fresh_Hat_Box,Academy Fresh Hat Box,Cash
14487,Academy_Gradu_Cap_Box,Academy Gradu Cap Box,Cash
14488,Blue_Pajamas_Hat_Box,Blue Pajamas Hat Box,Cash
14489,Pink_Pajamas_Hat_Box,Pink Pajamas Hat Box,Cash
14490,Shark_Hat_Box,Shark Hat Box,Cash
14491,Sting_Hat_Box,Sting Hat Box,Cash
14492,FShark_Hat_Box,Shark Hat Box,Cash
14493,FSting_Hat_Box,Sting Hat Box,Cash
14494,Samambaia_Box,Samambaia Box,Cash
14495,Aquarius_Diadem_Box,Aquarius Diadem Box,Cash
14496,Aquarius_Crown_Box,Aquarius Crown Box,Cash
14497,Pisces_Diadem_Box,Pisces Diadem Box,Cash
14498,Pisces_Crown_Box,Pisces Crown Box,Cash
14499,Peacock_Feather_Box,Peacock Feather Box,Cash
14500,Insurance60,Life Insurrance Certificate,Usable
14505,Dun_1HR_Voucher,Sky Fortress Ticket,Usable
14506,Dun_Voucher,Sky Fortress Ticket,Usable
14508,Zeny_Scroll,Zeny Pet Egg Scroll,Usable
14509,Light_Center_Pot,Light Concentration Potion,Usable
14510,Light_Awakening_Pot,Light Awakening Potion,Usable
14511,Light_Berserk_Pot,Light Berserk Potion,Usable
14512,Meteor_10_Scroll,Meteor Storm Scroll,DelayConsume
14513,Storm_10_Scroll,Storm Gust Scroll,DelayConsume
14514,Vermilion_10_Scroll,Lord of Vermilion Scroll,DelayConsume
14515,Lex_Aeterna_Scroll,Lex Aeterna Scroll,DelayConsume
14516,Magnificat_5_Scroll,Magnificat Scroll,DelayConsume
14517,CP_Helm_Scroll,Chemical Protection Helm Scroll,Usable
14518,CP_Shield_Scroll,Chemical Protection Shield Scrol,Usable
14519,CP_Armor_Scroll,Chemical Protection Armor Scroll,Usable
14520,CP_Weapon_Scroll,Chemical Protection Weapon Scroll,Usable
14521,Repair_Scroll,Repair Weapon Scroll,Usable
14522,Big_Bun,Big Bun,Healing
14523,Pill_,Pill,Healing
14524,Superb_Fish_Slice,Superb Fish Slice,Healing
14525,Chewy_Ricecake,Chewy Ricecake,Usable
14526,Oriental_Pastry,Oriental Pastry,Usable
14527,Dun_Tele_Scroll1,Dungeon Teleport Scroll,Usable
14528,PVP_Tele_Scroll,PVP Teleport Scroll,Usable
14529,Greed_Scroll,Greed Scroll,DelayConsume
14530,Flee_30_Scroll,Evasion Scroll,Usable
14531,Accuracy_30_Scroll,Concentration Scroll,Usable
14532,Battle_Manual25,Field Manual 25%,Usable
14533,Battle_Manual100,Field Manual 100%,Usable
14534,Small_Life_Potion,Small Life Potion,Usable
14535,Med_Life_Potion,Medium Life Potion,Usable
14536,Abrasive,Abrasive,Usable
14537,Regeneration_Potion,Regeneration Potion,Usable
14538,Glass_Of_Illusion,Glass of Illusion,Usable
14539,Shadow_Armor_S,Shadow Armor Scroll,Usable
14540,Holy_Armor_S,Holy Armor Scroll,Usable
14541,S_Def_Potion,Small Defense Potion,Usable
14542,B_Def_Potion,Big Defense Potion,Usable
14543,S_Mdef_Potion,Small Magic Defense Potion,Usable
14544,B_Mdef_Potion,Big Magic Defense Potion,Usable
14545,Battle_Manual_X3,Field Manual 300%,Usable
14546,Fire_Cracker_Love,I Love You Firecracker,Usable
14547,Fire_Cracker_Wday,Whiteday Firecracker,Usable
14548,Fire_Cracker_Vday,Valentine's Day Firecracker,Usable
14549,Fire_Cracker_Bday,Birthday Firecracker,Usable
14550,Fire_Cracker_Xmas,Xmas Firecracker,Usable
14551,Str_Dish01_,Fried Grasshopper Legs,Healing
14552,Str_Dish02_,Seasoned Sticky Webfoot,Healing
14553,Str_Dish03_,Bomber Steak,Healing
14554,Int_Dish01_,Grape Juice Herbal Tea,Healing
14555,Int_Dish02_,Autumn Red Tea,Healing
14556,Int_Dish03_,Honey Herbal Tea,Healing
14557,Vit_Dish01_,Steamed Crab Nippers,Healing
14558,Vit_Dish02_,Assorted Seafood,Healing
14559,Vit_Dish03_,Clam Soup,Healing
14560,Agi_Dish01_,Frog Egg Squid Ink Soup,Healing
14561,Agi_Dish02_,Smooth Noodle,Healing
14562,Agi_Dish03_,Tentacle Cheese Gratin,Healing
14563,Dex_Dish01_,Honey Grape Juice,Healing
14564,Dex_Dish02_,Chocolate Mousse Cake,Healing
14565,Dex_Dish03_,Fruit Mix,Healing
14566,Luk_Dish01_,Fried Monkey Tails,Healing
14567,Luk_Dish02_,Mixed Juice,Healing
14568,Luk_Dish03_,Fried Sweet Potato,Healing
14569,Knife_Goblin_Ring,Knife Goblin Ring,Usable
14570,Flail_Goblin_Ring,Flail Goblin Ring,Usable
14571,Hammer_Goblin_Ring,Hammer Goblin Ring,Usable
14572,Holy_Marble,Holy Marble,Usable
14573,Red_Burning_Stone,Red Burning Stone,Usable
14574,Skull_Of_Vagabond,Vagabond's Skull,Usable
14575,Str_Dish05_,Lutie Lady's Pancake,Healing
14576,Int_Dish05_,Mastela Fruit Wine,Healing
14577,Vit_Dish05_,Spicy Fried Bao,Healing
14578,Agi_Dish05_,Steamed Bat Wing in Pumpkin,Healing
14579,Dex_Dish05_,Green Salad,Healing
14580,Luk_Dish05_,Fried Scorpion Tails,Healing
14581,Dun_Tele_Scroll2,Dungeon Teleport Scroll II,Usable
14582,WOB_Rune,Yellow Butterfly Wing,Usable
14583,WOB_Schwaltz,Green Butterfly Wing,Usable
14584,WOB_Rachel,Red Butterfly Wing,Usable
14585,WOB_Local,Blue Butterfly Wing,Usable
14586,Spark_Candy,Jumping Candy,Usable
14587,Repair_Scroll_,Equipment Repair Spell Book,DelayConsume
14588,Pty_Blessing_Scroll,Party Blessing 10 Scroll,DelayConsume
14589,Pty_Inc_Agi_Scroll,Party Increase Agi 10 Scroll,DelayConsume
14590,Pty_Assumptio_Scroll,Party Assumptio 5 Scroll,DelayConsume
14591,Siege_Teleport_Scroll,WoE Teleport Scroll,Usable
14592,Job_Manual50,JOB Battle Manual,Usable
14593,Magic_Power_Scroll,Mystical Amplification Scroll,DelayConsume
14594,Quagmire_Scroll,Quagmire Scroll,DelayConsume
14595,Unsealed_Magic_Spell,Unsealed Magic Spell,Usable
14596,Pierre_Treasurebox,Pierre's Treasure Box,Usable
14597,PhreeoniS,Phreeoni Scroll,Usable
14598,GhostringS,Ghostring Scroll,Usable
14599,Greed_Scroll_C,Greed Scroll,DelayConsume
14600,Mental_Potion,Mental Potion,Usable
14601,Tyr's_Blessing,Tyr's Blessing,Usable
14602,TaogunkaS,Tao Gunka Scroll,Usable
14603,MistressS,Mistress Scroll,Usable
14604,Orc_HeroS,Orc Hero Scroll,Usable
14605,Orc_LoadS,Orc Lord Scroll,Usable
14606,Job_Manual25,JOB Battle Manual,Usable
14607,Luxurious_Dinner_W,Luxurious Western Food,Usable
14608,Luxurious_Dinner_E,Manchu-Han Imperial Feast,Usable
14609,Spoiled_Cuisine,Spoiled Cuisine,Usable
14611,M_Def_Potion,M Def Potion,DelayConsume
14612,M_Mdef_Potion,M Mdef Potion,DelayConsume
14613,RWC_Scroll_2012,RWC Scroll 2012,Usable
14614,Ex_Def_Potion,Ex Def Potion,Usable
14616,STR_Biscuit_Stick,Bar Cookie Of Strength,Usable
14617,VIT_Biscuit_Stick,Bar Cookie Of Vitality,Usable
14618,AGI_Biscuit_Stick,Bar Cookie Of Agility,Usable
14619,INT_Biscuit_Stick,Bar Cookie Of Intelligence,Usable
14620,DEX_Biscuit_Stick,Bar Cookie Of Dexterity,Usable
14621,LUK_Biscuit_Stick,Bar Cookie Of Lucky,Usable
14622,aegis_14622,Cherry Blossom Scroll,Cash
14623,GoldenTreasureBox,Golden Treasure Box,Cash
14624,Blue_Scroll,Blue Scroll,Usable
14626,Indigo_Scroll,Indigo Scroll,Usable
14627,Xmax_Egg_Kr,Christmas Scroll,Cash
14628,C_Festival_Ticket,Costume Festival Box,Cash
14629,Enchant_Stone_Box,Costume Enchant Stone Box,Usable
14643,Violet_Scroll,Violet Scroll,Cash
14645,Wing_Of_Baalzebub,Beelzebub Wing,DelayConsume
14646,Orleans_Full_Course,Orleans Full Course,Usable
14663,Sealed_D_Lord_Scroll,Sealed Dark Lord Scroll,Cash
14664,Bi_Hwang_Scroll,Bi Hwang Scroll,Cash
14665,Jung_Bi_Scroll,Jung Bi Scroll,Cash
14666,Je_Un_Scroll,Je Un Scroll,Cash
14667,Yong_Kwang_Scroll,Yong Kwang Scroll,Cash
14672,StealFighter_20Lv,Steel Fighter (20Lv) Egg,Cash
14673,StealFighter_25Lv,Steel Fighter (25Lv) Scroll,Cash
14674,Cup_Of_Boza,Cup Of Boza,Usable
14675,Shadow_Box2,Shadow Stat Box,Cash
14679,Sealed_Knight_WS_Scroll,Article Sealed Storm Scroll,Cash
14681,Enchant_Stone_Box2,Costume Enchant Stone Box 2,Usable
14682,Sealed_Berz_Scroll,Sealed Beelzebub Scroll,Cash
14689,Sealed_Kiel_Scroll,Sealed Kiel-D-01 Scroll,Cash
14695,Enchant_Stone_Box3,Costume Enchant Stone Box 3,Usable
14696,Sealed_Gloom_Scroll,Sealed Gloom Under Night Scroll,Cash
14699,Garuda_Scroll,Memorial Garuda Lucky Egg,Cash
14701,TW_13y_Lucky_Egg_06,Midgard Immortal Lucky Egg,Cash
14704,Gemstone_Shadow_Box,Gemstone Shadow Box,Cash
14705,Sealed_F_Bishop_Scroll,Sealed Fallen Bishop Scroll,Cash
14713,Sealed_Ifrit_Scroll,Sealed Ifrit Scroll,Cash
14717,2013_RWC_Scroll,2013 RWC Scroll,Usable
14718,Sealed_TurtleG_Scroll,Sealed Turtle General Gachapon,Cash
14723,LI_Neuralizer,(Limited)Neuralizer I,DelayConsume
14724,LI_Neuralizer2,(Limited)Neuralizer II,DelayConsume
14725,Sealed_Bacsojin_Scroll,Sealed Bacsojin Scroll,Cash
14726,Greed_Shadow_Box,Greed Shadow Box,Cash
14727,Heal_Shadow_Box,Heal Shadow Box,Cash
14728,Hiding_Shadow_Box,Hiding Shadow Box,Cash
14729,Cloaking_Shadow_Box,Cloaking Shadow Box,Cash
14730,Costume_Festival_Box2,Costume Festival Box II,Cash
14731,Teleport_Shadow_Box,Teleport Shadow Box,Cash
14732,Steal_Shadow_Box,Steal Shadow Box,Cash
14733,Sealed_Pharaoh_Scroll,Sealed Paraoh Scroll,Cash
14735,Costama_Egg22,Shapeshifter Costume,Cash
14739,Sealed_B_Ygnizem_Scroll,Sealed General Egnigem Cenia Scroll,Cash
14740,Sealed_Apo_H_Scroll,Sealed Vesper Scroll,Cash
14741,Imortal_Midgard_Scroll,Midgard Celebration Lucky Egg,Cash
14753,Hero_Midgard_Scroll,Hero Midgard Egg,Cash
14758,Guarantee_Relax_Scroll,Safe To Smelting Scroll,Cash
14765,Job_Manual_Limit,Limited Edition JOB Battle Manual,Cash
14766,Limit_Power_Booster,Limited Power Booster,Usable
14780,Pump_Of_Spirit_Scroll,Soul Plunger Scroll,Cash
14781,Happy_Balloon_Scroll,Happy Balloon Scroll,Cash
14799,AID_Manual_Bubble_7d,[7Day] Battle Manual & Bubble Gum,Cash
14805,July_Lucky_Scroll,Almighty Lucky Egg,Cash
14826,Dungeon_Ticket,Dungeon Teleport Ticket,Healing
14840,DF_Megaphone,[Sale] Megaphone,Usable
14841,DF_Songpyun,[Scroll] Korean Rice Cake,Healing
14843,DF_Insurance,[Scroll] Life Insurance,Usable
14844,DF_Kafra_Card,[Scroll] Kafra Card,Usable
14845,DF_Blessing_10_Scroll,[Scroll] Blessing Lv.10 Scroll,DelayConsume
14846,DF_Inc_Agi_10_Scroll,[Scroll] Increase Agility Lv.10 Scroll,DelayConsume
14847,DF_Small_Life_Potion,[Scroll] Small Life Potion,Usable
14849,DF_Vit_Dish10,[Scroll] Vit Dish10,Usable
14850,DF_Luk_Dish10,[Scroll] Luk Dish10,Usable
14851,DF_Dex_Dish10,[Scroll] Dex Dish10,Usable
14852,DF_Int_Dish10,[Scroll] Int Dish10,Usable
14853,DF_Agi_Dish10,[Scroll] Agi Dish10,Usable
14854,DF_Str_Dish10,[Scroll] Str Dish10,Usable
14861,DF_GhostringS,[Scroll] Ghostring Scroll,Usable
14862,DF_Tyr's_Blessing,[Scroll] Tyr's Blessing,Usable
14866,DF_Holy_Armor_S,[Scroll] Holy Armor Scroll,Usable
14869,DF_Red_Booster,[Scroll] Red Booster,Usable
14875,DF_Med_Life_Potion,[Scroll] Medium Life potion,Usable
14886,UltimateCook_S,[Scroll] Ultimate Cook,Usable
14887,EF_UltimateCook,[Not For Sale] Ultimate Cook,Usable
14908,Korea_Rice_Cake_B,[Not For Sale] Korean Rice Cake,Healing
16100,Angry_Mouth_C_Box,Angry Mouth Box,Cash
16101,KRO_Lucky_Box,Lucky Box,Cash
16102,Claymore_C_box,Claymore Box,Cash
16103,Jamadhar_C_Box,Jamadhar Box,Cash
16104,Two_Handed_Axe_C_Box,Two-Handed Axe Box,Cash
16105,Lance_C_Box,Lance Box,Cash
16106,Huuma_Giant_Wheel_C_Box,Huuma Giant Wheel Shuriken Box,Cash
16107,Orcish_Axe_C_Box,Orcish Axe Box,Cash
16108,Pike_C_Box,Spike Box,Cash
16109,Encyclopedia_C_Box,Giant Encyclopedia Box,Cash
16110,Fist_C_Box,Fist Box,Cash
16111,Guitar_C_Box,Guitar Box,Cash
16112,Rante_C_Box,Rante Whip Box,Cash
16113,Damascus_C_Box,Damascus Box,Cash
16114,Flamberge_C_Box,Flamberge Box,Cash
16115,Stunner_C_Box,Stunner Box,Cash
16116,F_KRO_Lucky_Box,Lucky Box,Cash
16117,F_Claymore_C_box,Claymore Box,Cash
16118,F_Jamadhar_C_Box,Jamadhar Box,Cash
16119,F_Two_Handed_Axe_C_Box,Two-Handed Axe Box,Cash
16120,F_Lance_C_Box,Lance Box,Cash
16121,F_Huuma_Giant_C_Box,Huuma Giant Wheel Shuriken Box,Cash
16122,F_Orcish_Axe_C_Box,Orcish Axe Box,Cash
16123,F_Pike_C_Box,Pike Box,Cash
16124,F_Encyclopedia_C_Box,Giant Encyclopedia Box,Cash
16125,F_Fist_C_Box,Fist Box,Cash
16126,F_Guitar_C_Box,Guitar Box,Cash
16127,F_Rante_C_Box,Rante Whip Box,Cash
16128,F_Damascus_C_Box,Damascus Box,Cash
16129,F_Flamberge_C_Box,Flamberge Box,Cash
16130,F_Stunner_C_Box,Stunner Box,Cash
16131,Lady_Tanee_Doll_Box,Lady Tanee Doll Box,Cash
16132,Lunatic_Hat_Box,Lunatic Hat Box,Cash
16133,G_Staff_Of_Light_Box,Staff Of Light Box,Cash
16134,King_Frog_Hat_Box,Frog King Hat Box,Cash
16135,Evil's_Bone_Hat_Box,Satanic Bone Helm Box,Cash
16136,Goddess_Bless10_Box,Goddess of Blessing Box,Cash
16137,Angel_Bless10_Box,Angel of Blessing Box,Cash
16138,Powder_Snow10_Box,Snow Powder Box,Cash
16139,Little_Heart10_Box,Small Hearts Box,Cash
16140,J_Firecracker10_Box,Extravagant Firework Box,Cash
16141,Golden_Earing_Box,Gold Earring Box,Cash
16142,Green_Lucky_Bag_Box,Green Jewel Bag Box,Cash
16143,F_Glasses_Box,Fashion Glasses Box,Cash
16144,Star_Hairband_Box,Hairband of Stars Box,Cash
16145,Wine_On_Sleeve_Box,Tassel for Durumagi Box,Cash
16146,Spirit_Chain_Box,Pet Soul Ring Box,Cash
16147,Nice_Badge_Box,Beautiful Badges Box,Cash
16148,Jade_Trinket_Box,Jade Trinket Box,Cash
16149,Summer_Fan_Box,Summer Fan Box,Cash
16150,Death_Coil_Box,Ring of Death Box,Cash
16151,Queen's_Coronet_Box,Queen's Coronet Box,Cash
16152,Apro_Hair_Box,Afro Box,Cash
16153,Ball_Mask_Box,Masked Ball Box,Cash
16154,Windup_Spring_Box,Spring Box,Cash
16155,Hell_Horn_Box,Horn of Hell Box,Cash
16156,Poring_Tck_Box,Poring Exchange Ticket Box,Cash
16157,Drops_Tck_Box,Drops Exchange Ticket Box,Cash
16158,Poporing_Tck_Box,Poporing Exchange Ticket Box,Cash
16159,Lunatic_Tck_Box,Lunatic Exchange Ticket Box,Cash
16160,Picky_Tck_Box,Picky Exchange Ticket Box,Cash
16161,Pecopeco_Tck_Box,Peco Peco Exchange Ticket Box,Cash
16162,Savage_Baby_Tck_Box,Savage Babe Exchange Ticket Box,Cash
16163,Spore_Tck_Box,Spore Exchange Ticket Box,Cash
16164,Poison_Spore_Tck_Box,Poison Spore Exchange Ticket Box,Cash
16165,Chonchon_Tck_Box,Chonchon Exchange Ticket Box,Cash
16166,Steel_Chonchon_Tck_Box,Steel Chonchon Exchange Ticket Box,Cash
16167,Petit_Tck_Box,Sky Petite Exchange Ticket Box,Cash
16168,Deviruchi_Tck_Box,Deviruchi Exchange Ticket Box,Cash
16169,Isis_Tck_Box,Isis Exchange Ticket Box,Cash
16170,Smokie_Tck_Box,Smokie Exchange Ticket Box,Cash
16171,Dokebi_Tck_Box,Dokkaebi Exchange Ticket Box,Cash
16172,Desert_Wolf_B_Tck_Box,Baby Desert Wolf Exchange Ticket Box,Cash
16173,Yoyo_Tck_Box,Yoyo Exchange Ticket Box,Cash
16174,Sohee_Tck_Box,Sohee Exchange Ticket Box,Cash
16175,Rocker_Tck_Box,Rocker Exchange Ticket Box,Cash
16176,Hunter_Fly_Tck_Box,Hunter Fly Exchange Ticket Box,Cash
16177,Orc_Warrior_Tck_Box,Orc Warrior Exchange Ticket Box,Cash
16178,Bapho_Jr_Tck_Box,Bapho Jr. Exchange Ticket Box,Cash
16179,Munak_Tck_Box,Munak Exchange Ticket Box,Cash
16180,Bongun_Tck_Box,Bongun Exchange Ticket Box,Cash
16181,Goblin_Tck_Box,Christmas Goblin Exchange Ticket Box,Cash
16182,Hardtack_Tck_Box,Rice Cake Exchange Ticket Box,Cash
16183,Zherlthsh_Tck_Box,Zherlthsh Exchange Ticket Box,Cash
16184,Alice_Tck_Box,Alice Exchange Ticket Box,Cash
16185,Raven_Cap_Box,Raven Cap Box,Cash
16186,B_Dragon_Hat_Box,Baby Dragon Hat Box,Cash
16187,F_Angry_Mouth_C_Box,Angry Mouth Box,Cash
16188,Bunny_Magic_Hat_Box,Magic Rabbit Hat Box,Cash
16189,Side_Cap_Box,Side Cap Box,Cash
16190,F_Rabbit_Magic_Hat_Box,Magic Rabbit Hat Box,Cash
16191,F_Side_Cap_Box,Side Cap Box,Cash
16192,Quati_Hat_Box,Kwati Hat Box,Cash
16193,Tucan_Hat_Box,Tucan Hat Box,Cash
16194,Jaguar_Hat_Box,Jaguar Hat Box,Cash
16195,Tw_March_Scroll,Tw March Scroll,Cash
16196,Freyja_Shield_Box7,Freya's Spiritual Shield Box,Cash
16197,Freyja_Shield_Box30,Freya's Spiritual Shield Box,Cash
16198,Freyja_Shield_Box60,Freya's Spiritual Shield Box,Cash
16199,Freyja_Shield_Box90,Freya's Spiritual Shield Box,Cash
16200,Freyja_Robe_Box7,Freya's Spiritual Robe Box,Cash
16201,Freyja_Robe_Box30,Freya's Spiritual Robe Box,Cash
16202,Freyja_Robe_Box60,Freya's Spiritual Robe Box,Cash
16203,Freyja_Robe_Box90,Freya's Spiritual Robe Box,Cash
16204,Freyja_Scarf_Box7,Freya's Spiritual Scarf Box,Cash
16205,Freyja_Scarf_Box30,Freya's Spiritual Scarf Box,Cash
16206,Freyja_Scarf_Box60,Freya's Spiritual Scarf Box,Cash
16207,Freyja_Scarf_Box90,Freya's Spiritual Scarf Box,Cash
16208,Freyja_Sandal_Box7,Freya's Spiritual Sandals Box,Cash
16209,Freyja_Sandal_Box30,Freya's Spiritual Sandals Box,Cash
16210,Freyja_Sandal_Box60,Freya's Spiritual Sandals Box,Cash
16211,Freyja_Sandal_Box90,Freya's Spiritual Sandals Box,Cash
16212,Freyja_Circlet_Box7,Freya's Spiritual Circlet Box,Cash
16213,Freyja_Circlet_Box30,Freya's Spiritual Circlet Box,Cash
16214,Freyja_Circlet_Box60,Freya's Spiritual Circlet Box,Cash
16215,Freyja_Circlet_Box90,Freya's Spiritual Circlet Box,Cash
16216,Freyja_Bracelet_Box7,Freya's Spiritual Bracelet Box,Cash
16217,Freyja_Bracelet_Box30,Freya's Spiritual Bracelet Box,Cash
16218,Freyja_Bracelet_Box60,Freya's Spiritual Bracelet Box,Cash
16219,Freyja_Bracelet_Box90,Freya's Spiritual Bracelet Box,Cash
16220,Marionette_C_Box,Marionette Accessory Box,Cash
16221,Whisper_C_Box,Whisper Accessory Box,Cash
16222,Incubus_C_Box,Incubus Accessory Box,Cash
16223,F_Marionette_C_Box,Marionette Accessory Box,Cash
16224,F_Whisper_C_Box,Whisper Accessory Box,Cash
16225,F_Incubus_C_Box,Incubus Accessory Box,Cash
16226,Aries_Diadem_Box,Aries Diadem Box,Cash
16227,Aries_Crown_Box,Aries Crown Box,Cash
16228,RJC_Katusa_Box,RJC Katusa Box,Cash
16229,Scarlet_Rose_Box,Scarlet Rose Box,Cash
16230,Taurus_Diadem_Box,Taurus Diadem Box,Cash
16231,Taurus_Crown_Box,Taurus Crown Box,Cash
16232,Reginleif_Box,Reginleif Box,Cash
16233,Fest_Lord_Circlet_Box,Festival Grand Circlet Box,Cash
16234,Fest_Bunny_Band_Box,Festival Bunny Band Box,Cash
16235,Octopus_Hat_Box,Octopus Hat Box,Cash
16236,Leaf_Cat_Hat_Box,Leaf Cat Hat Box,Cash
16237,Fur_Seal_Hat_Box,Fur Seal Hat Box,Cash
16238,Wild_Rose_Hat_Box,Wild Rose Hat Box,Cash
16239,Saci_Hat_Box,Saci Hat Box,Cash
16240,Whikebain_Ears_Box,Whikebain's Black Ears Box,Cash
16241,Chicken_Hat_Box,Chicken Hat Box,Cash
16242,F_Whikebain_Ears_Box,Whikebine's Black Cat Ears Box,Cash
16243,F_Chicken_Hat_Box,Chicken Hat Box Box,Cash
16244,Dolor_Hat_Box,Dolor Hat Box,Cash
16245,Tw_April_Scroll,Tw April Scroll,Usable
16246,Crown_Of_Deceit_Box,Crown Of Deceit Box,Cash
16247,Dragon_Arhat_Mask_Box,Dragon Arhat Mask Box,Cash
16248,Tiger_Arhat_Mask_Box,Tiger Arhat Mask Box,Cash
16249,Knight_Gift_Box,Knight Gift Box,Usable
16250,Valkyriee_Gift,Valkyrie's Gift Box,Cash
16251,Gemini_Diadem_Box,Gemini Diadem Box,Cash
16252,Gemini_Crown_Box,Gemini Crown Box,Cash
16253,Rabbit_Scroll,Rabbit Scroll,Usable
16254,Acti_Potion_Box,Energizing Potion Box,Cash
16255,F_Acti_Potion_Box,Energizing Potion Box,Cash
16256,RO_DS_Headgear_Box,Rag DS Helm Box,Cash
16257,Buddah_Scroll,Buddah Scroll,Usable
16258,HD_Bradium_Box5,HD Bradium 5 Box,Usable
16259,HD_Carnium_Box5,HD Carnium 5 Box,Usable
16260,HD_Bradium_Box10,HD Bradium 10 Box,Usable
16261,HD_Carnium_Box10,HD Carnium 10 Box,Usable
16262,F_HD_Bradium_Box5,HD Bradium 5 Box,Usable
16263,F_HD_Carnium_Box5,HD Carnium 5 Box,Usable
16264,F_HD_Bradium_Box10,HD Bradium 10 Box,Usable
16265,F_HD_Carnium_Box10,HD Carnium 10 Box,Usable
16266,Idn_Inde_Beret_Box,Indonesia Beret Box,Cash
16267,HE_Battle_Manual_Box,HE Battle Manual Box,Usable
16268,HE_Bubble_Gum_Box,HE Bubble Gum Box,Usable
16269,Cancer_Diadem_Box,Cancer Diadem Box,Cash
16270,Cancer_Crown_Box,Cancer Crown Box,Cash
16271,Hockey_Mask_Box1,Hockey Mask Box,Cash
16272,Observer_Box1,Observer Box,Cash
16273,All_In_One_Ring_Box1,Leo Crown Box,Cash
16274,Spritual_Tunic_Box1,Leo Diadem Box,Cash
16275,Recuperative_Armor_Box1,Recuvative Armor Box,Cash
16276,Shelter_Resist_Box1,Shell of Resistance Box,Cash
16277,Sylphid_Manteau_Box1,Silf Manteau Box,Cash
16278,Refresh_Shoes_Box1,Refresh Shoes Box,Cash
16279,Well_Baked_Toast_Box1,Crunch Toast Box,Cash
16280,Wasteland_Outlaw_Box1,Western Outlaw Box,Cash
16281,Lever_Act_Rifle_Box1,Lever Action Rifle Box,Cash
16282,Healing_Staff_Box1,Staff of Healing Box,Cash
16283,Praxinus_Box1,Fraxinus Box,Cash
16284,Guild_Recruit_Box1,Guild Member Hat Box,Cash
16285,Party_Recruit_Hat_Box1,Party Member Hat Box,Cash
16286,Bf_Recruit_Hat_Box1,Boyfriend Hat Box,Cash
16287,Gf_Recruit_Hat_Box1,Girlfriend Hat Box,Cash
16288,Friend_Recruit_Hat_Box1,Friend Hat Box,Cash
16289,Claymore_C_box1,Claymore Box,Cash
16290,Two_Handed_Axe_C_Box1,Two-Handed Axe Box,Cash
16291,Lance_C_Box1,Lance Box,Cash
16292,Jamadhar_C_Box1,Jamadhar Box,Cash
16293,Huuma_Giant_C_Box1,Huuma Giant Wheel Shuriken Box,Cash
16294,Orcish_Axe_C_Box1,Orcish Axe Box,Cash
16295,Pike_C_Box1,Spike Box,Cash
16296,Encyclopedia_C_Box1,Giant Encyclopedia Box,Cash
16297,Fist_C_Box1,Fist Box,Cash
16298,Guitar_C_Box1,Guitar Box,Cash
16299,Rante_C_Box1,Rante Whip Box,Cash
16300,Damascus_C_Box1,Damascus Box,Cash
16301,Flamberge_C_Box1,Flamberge Box,Cash
16302,Stunner_C_Box1,Stunner Box,Cash
16303,Angry_Mouth_C_Box1,Angry Mouth Box,Cash
16304,Evil_Incarnation_Disable,Evil Incarnation,Usable
16305,Upg_Guard_Box,Upg Guard Box,Cash
16306,F_Upg_Guard_Box,F Upg Guard Box,Cash
16307,Upg_Buckler_Box,Upg Buckler Box,Cash
16308,F_Upg_Buckler_Box,F Upg Buckler Box,Cash
16309,Upg_Shield_Box,Upg Shield Box,Cash
16310,F_Upg_Shield_Box,F Upg Shield Box,Cash
16311,Upg_Shoes_Box,Upg Shoes Box,Cash
16312,F_Upg_Shoes_Box,F Upg Shoes Box,Cash
16313,Upg_Boots_Box,Upg Boots Box,Cash
16314,F_Upg_Boots_Box,F Upg Boots Box,Cash
16315,Upg_Greave_Box,Upg Greave Box,Cash
16316,F_Upg_Greave_Box,F Upg Greave Box,Cash
16317,Upg_Hood_Box,Upg Hood Box,Cash
16318,F_Upg_Hood_Box,F Upg Hood Box,Cash
16319,Upg_Muffler_Box,Upg Muffler Box,Cash
16320,F_Upg_Muffler_Box,F Upg Muffler Box,Cash
16321,Upg_Manteau_Box,Upg Manteau Box,Cash
16322,F_Upg_Manteau_Box,F Upg Manteau Box,Cash
16323,Upg_Clip_Box,Upg Clip Box,Cash
16324,F_Upg_Clip_Box,F Upg Clip Box,Cash
16325,Rune_Hairband_Box,Rune Hairband Box,Cash
16326,F_Rune_Hairband_Box,Rune Cloth Circlet Box,Cash
16327,Upg_Adv_Suit_Box,Upg Adv Suit Box,Cash
16328,F_Upg_Adv_Suit_Box,F Upg Adv Suit Box,Cash
16329,Upg_Coat_Box,Upg Coat Box,Cash
16330,F_Upg_Coat_Box,F Upg Coat Box,Cash
16331,Upg_Saint_Robe_Box,Upg Saint Robe Box,Cash
16332,F_Upg_Saint_Robe_Box,F Upg Saint Robe Box,Cash
16333,Upg_Tights_Box,Upg Tights Box,Cash
16334,F_Upg_Tights_Box,F Upg Tights Box,Cash
16335,Upg_Thief_Cloth_Box,Upg Thief Cloth Box,Cash
16336,F_Upg_Thief_Cloth_Box,F Upg Thief Cloth Box,Cash
16337,Upg_Mail_Box,Upg Mail Box,Cash
16338,F_Upg_Mail_Box,F Upg Mail Box,Cash
16339,Upg_Formal_Dress_Box,Upg Formal Dress Box,Cash
16340,F_Upg_Formal_Dress_Box,F Upg Formal Dress Box,Cash
16341,Greed_Clip_Box,Greed Clip Box,Cash
16342,F_Greed_Clip_Box,F Greed Clip Box,Cash
16343,Leo_Crown_Box,Leo Crown Box,Cash
16344,Leo_Diadem_Box,Leo Diadem Box,Cash
16345,F_Leo_Crown_Box,F Leo Crown Box,Cash
16346,F_Leo_Diadem_Box,F Leo Diadem Box,Cash
16347,Shooting_Star_C_Box,Shooting Star Box,Cash
16348,Bloody_Fear_C_Box,Bloody Spear Box,Cash
16349,Ahlspiess_C_Box,Ahlspiess Box,Cash
16350,Staff_Of_Healing_C_Box,Healing of Staff Box,Cash
16351,Anti_Demon_Shield_C_Box,Anti Demon Shield,Cash
16352,F_Shooting_Star_C_Box,Shooting Star Box,Cash
16353,F_Bloody_Fear_C_Box,Bloody Spear Box,Cash
16354,F_Ahlspiess_C_Box,Ahlspiess Box,Cash
16355,F_S_Healing_C_Box,Healing of Staff Box,Cash
16356,F_A_Demon_Shield_C_Box,Anti Demon Shield Box,Cash
16357,F_Evils_Bone_Hat_Box,Satanic Bone Helm Box,Cash
16358,Mbl_Pet_Random_Box,Mobile Pet Random Box,Cash
16359,7th_Anni_Random_Box,7th Years Random Box,Cash
16360,Desert_Prince_Box,Desert Prince Box,Cash
16361,FDesert_Prince_Box,FDesert Prince Box,Cash
16362,Sigrun's_Wing_Box,Sigrun's Wing Box,Cash
16363,FSigrun's_Wing_Box,FSigrun's Wing Box,Cash
16364,Sleipnir_Box,Sleipnir R Box,Cash
16365,Magingiorde_Box,Megingjord R Box,Cash
16366,Brysinggamen_Box,Brisingamen R Box,Cash
16367,Mjolnir_Box,Mjolnir R Box,Cash
16368,Virgo_Crown_Box,Virgo Crown Box,Cash
16369,Freyja_Ring_Box,Freya Ring R Box,Cash
16370,F_Freyja_Ring_Box,Freya Ring R Box,Cash
16371,Tw_Aug_Scroll,Tw Aug Scroll,Usable
16372,Clover_Box_Mouth,Clover Box Mouth,Usable
16373,F_Clover_Box_Mouth,Four Leaf Clover in Mouth R Box,Cash
16374,Bgum_Mouth_Box,Mouth Bubble Gum Box,Usable
16375,F_BGum_Box_In_Mouth,Chewing Bubble Gum R Box,Cash
16376,Odin's_Recall7,Odin's Recall 7days Box,Cash
16377,Odin's_Recall30,Odin's Recall 30days Box,Cash
16378,Siege_Scroll_Box30,Siege Teleport Scroll 30 Box,Cash
16379,Tele_Scroll2_Box10,Siege Teleport Scroll Silver 10Box,Cash
16380,S_Tele_Scroll2_Box30,Siege Teleport Scroll Silver 30Box,Cash
16381,F_Siege_Tele_10Sc_Box,WoE Teleport Scroll 100 Box,Usable
16382,F_Siege_Scroll_Box1_30,WoE Teleport Scroll 30 Box,Usable
16383,F_Siege_Scroll_Box2_10,Siege Map Teleport Scroll II(10),Cash
16384,F_Siege_Scroll_Box2_30,Siege Map Teleport Scroll II(30),Cash
16385,Clover_Box_Mouth2,Clover Box Mouth2,Usable
16386,Clover_Box_Mouth4,Clover Box Mouth4,Usable
16387,F_Clover_Box_Mouth2,Four Leaf Clover in Mouth R Box II,Cash
16388,F_Clover_Box_Mouth4,Four Leaf Clover in Mouth Box III,Cash
16389,BGum_Box_In_Mouth2,BGum Box In Mouth2,Usable
16390,BGum_Box_In_Mouth4,BGum Box In Mouth4,Usable
16391,F_BGum_Box_In_Mouth2,Chewing Bubble Gum R Box II,Cash
16392,F_BGum_Box_In_Mouth4,Chewing Bubble Gum R Box III,Cash
16393,HD_Ori_Box5,HD Oridecon 5 Box,Usable
16394,HD_Ori_Box10,HD Oridecon 10 Box,Usable
16395,HD_Elu_Box5,HD Elunium 5 Box,Usable
16396,HD_Elu_Box10,HD Elunium 10 Box,Usable
16397,Virgo_Diadem_Box,Virgo Diadem Box,Cash
16398,F_Virgo_Crown_Box,Virgo Crown Box,Cash
16399,F_Virgo_Diadem_Box,Virgo Diadem Box,Cash
16400,F_HD_Ori_Box5,Purified Oridecon Box(5),Cash
16401,F_HD_Ori_Box10,Purified Oridecon Box(10),Cash
16402,F_HD_Elu_Box5,Purified Eluminium Box(5),Cash
16403,F_HD_Elu_Box10,Purified Eluminium Box(10),Cash
16405,Midgard_Coin_Box,Midgard Coin Box,Cash
16406,FMidgard_Coin_Box,FMidgard Coin Box,Cash
16407,Freyja_Ring_Box2,Freya Ring R Box,Cash
16408,F_Freyja_Ring_Box2,Freya Ring R Box,Cash
16409,Tw_Sep_Scroll,Tw Sep Scroll,Usable
16410,Chung_Hairband_Box,Chung Hairband Box,Cash
16411,FChung_Hairband_Box,FChung Hairband Box,Cash
16412,Ice_Wing_Ear_Box,Ice Wing Ear Box,Cash
16413,FIce_Wing_Ear_Box,FIce Wing Ear Box,Cash
16414,Turtle_Hat_Box,Turtle Hat Box,Cash
16415,FTurtle_Hat_Box,FTurtle Hat Box,Cash
16418,F_Giant_Fly_Wing_Box500,Giant Fly Wing Box 500,Usable
16419,F_Greed_Box30,Greed Scroll Box 30,Usable
16420,F_Pet_Egg_Scroll9,Adventurer Pack,Usable
16421,F_Marriage_Covenant_Box,Written Oath Of Marriage Box,Usable
16422,F_Magestic_Goat_Box,Magestic Goat Box,Usable
16423,F_Pet_Egg_Scroll3,Episode 13.1 Key Package,Usable
16424,F_Executioner_Box,Executioner Box,Usable
16425,F_Cutlas_Box,Cutlus Box,Usable
16426,F_Moonlight_Sword_Box,Moonlight Dagger Box,Usable
16427,F_Spanner_Box,Wrench Box,Usable
16428,F_Solar_Sword_Box,Solar Sword Box,Usable
16429,F_Tomahawk_Box,Tomahawk Box,Usable
16430,F_Bow_Of_Rudra_Box,Rudra Bow Box,Usable
16431,F_Pole_Axe_Box,Pole Axe Box,Usable
16432,BM_Pack_Box_A,Battle Manual Package Box (A),Cash
16433,F_BM_Pack_Box_A,Battle Manual Package Box (A),Cash
16434,BM_Pack_Box_B,Battle Manual Package Box (B),Cash
16435,F_BM_Pack_Box_B,Battle Manual Package Box (B),Cash
16436,Libra_Crown_Box,Libra Crown Box,Cash
16437,FLibra_Crown_Box,Libra Crown Box,Cash
16438,Libra_Diadem_Box,Libra Diadem Box,Cash
16439,FLibra_Diadem_Box,Libra Diadem Box,Cash
16440,Filir_Wing_Box,Filir Wing Box,Cash
16441,FFilir_Wing_Box,Filir Wings Box,Cash
16442,Shaman_Hat_Box,Shaman Hat Box,Cash
16443,F_Shaman_Hat_Box,Shaman Hat Box,Cash
16444,Golden_Crown_Box,Crown Cap Box,Cash
16445,F_Golden_Crown_Box,Crown Cap Box,Cash
16446,Tw_October_Scroll,Tw October Scroll,Usable
16447,Scorpio_Crown_Box,Scorpio Crown Box,Cash
16448,Scorpio_Diadem_Box,Scorpio Diadem Box,Cash
16449,FScorpio_Crown_Box,Scorpio Crown Box,Cash
16450,FScorpio_Diadem_Box,FScorpio Diadem Box,Cash
16451,F_Raven_Cap_Box,Crow Hat Box,Cash
16452,Bright_Fury_Box,Rage of Luster Box,Cash
16453,Triangle_Rune_Cap_Box,Triangle Rune Cap Box,Cash
16454,F_Bright_Fury_Box,Rage of Luster Box,Cash
16455,F_Triangle_Rune_Cap_Box,Triangle Rune Cap Box,Cash
16456,My_Scroll1,My Scroll1,Usable
16457,Tw_Nov_Scroll,Tw Nov Scroll,Usable
16458,2009Love_Daddy_Box,Love Dad Box,Cash
16459,Queen_Ant_Diadem_Box,Ant Queen Crown Box,Cash
16460,FQueen_Ant_Diadem_Box,Ant Queen Crown Box,Cash
16461,Redwing_Hat_Box,Red Wing Hat Box,Cash
16462,FRed_Wing_Hat_Box,FRed Wing Hat Box,Cash
16466,My_Scroll2,My Scroll2,Usable
16467,Xmas_Card_Box,Christmas Card Box,Cash
16468,F_Xmas_Card_Box,Christmas Card Box,Cash
16469,Xmas_Card_Box2,Christmas Card Box,Cash
16470,F_Xmas_Card_Box2,Christmas Card Box,Cash
16481,E_S_Life_Potion_Box,Small Life Potion Box (10),Usable
16483,E_Abrasive_Box10,Abrasive Box (10),Usable
16492,E_Bunny_Band_Box,Bunny Band Box,Cash
16503,E_Insurance_Package,E Insurance Package,Cash
16504,E_Bubble_Gum_Box,Bubble Gum Box (10),Cash
16505,E_Str_Dish_Box,Steamed Tongue Box (10),Cash
16506,E_Agi_Dish_Box,Steamed Desert Scorpions Box (10),Cash
16507,E_Int_Dish_Box,Dragon Breath Cocktail Box (10),Cash
16508,E_Dex_Dish_Box,Hwergelmir's Tonic Box (10),Cash
16509,E_Luk_Dish_Box,Cooked Nine Tail Box (10),Cash
16510,E_Vit_Dish_Box,Immortal Stew Box (10),Cash
16514,E_Blessing_10_Scr_Box,Blessing Scroll Box (10),Cash
16515,E_Inc_Agi_10_Scr_Box,Increase Agility Scroll Box (10),Cash
16542,Xmas_Bless,Xmas Bless,Usable
16543,Snowman_Hat_Box,Snowman Hat Box,Cash
16544,FSnowman_Hat_Box,FSnowman Hat Box,Cash
16548,Sagittarius_Crown_Box,Sagittarius Crown Box,Cash
16549,Sagittarius_Diadem_Box,Sagittarius Diadem Box,Cash
16550,FSagittarius_Crown_Box,Sagittarius Crown Box,Cash
16551,FSagittarius_Diadem_Box,Sagittarius Diadem Box,Cash
16554,E_Elven_Sunglass_Box,Elven Sunglasses Box,Usable
16555,Pr_Reset_Stone_Box,Pr Reset Stone Box,Usable
16556,FPr_Reset_Stone_Box,Reset Stone Box,Usable
16557,CP_Helm_Scroll10,CP Helm Scroll10,Cash
16558,CP_Shield_Scroll10,CP Shield Scroll10,Cash
16559,CP_Armor_Scroll10,CP Armor Scroll10,Cash
16560,CP_Weapon_Scroll10,CP Weapon Scroll10,Cash
16561,CP_Scroll_Package,CP Scroll Package,Usable
16562,Majestic_Devil_Scroll,Majestic Devil Scroll,Usable
16563,BM100_Box_5,BM100 Box 5,Cash
16565,Capricon_Crown_Box,Capricorn Crown Box,Cash
16566,FCapricon_Crown_Box,Capricorn Crown Box,Cash
16567,Capricon_Diadem_Box,Capricorn Diadem Box,Cash
16568,FCapricon_Diadem_Box,FCapricorn Diadem Box,Cash
16569,Summber_Scroll,Summer Scroll,Usable
16571,Onigiri_Hat_Box,Rice Ball Hat Box,Cash
16573,Skull_Hood_Box,Skull Hood Box,Cash
16574,F_Skull_Hood_Box,Skull Hood Box,Cash
16576,Illusion_Nothing,Illusion Nothing,Usable
16577,Dragon_Captain,Dragon Captain,Usable
16580,Lacma_Box,Lacma Box,Cash
16581,F_Lacma_Box,Lacma Box,Cash
16582,Red_Bunny_Band_Box,Red Bunny Band Box,Cash
16584,Sloth_Hat_Box,Sloth Hat Box,Cash
16585,F_Sloth_Hat_Box,F Sloth Hat Box,Cash
16586,Duneyrr_Helm_Box,Duneyrr Helm Box,Cash
16587,F_Duneyrr_Helm_Box,F Duneyrr Helm Box,Cash
16588,Thoughtful_Hat_Box,Thoughtful Hat Box,Usable
16589,F_Thoughtful_Hat_Box,Thoughtful Hat Box,Usable
16590,E_Thoughtful_Hat_Box,Thoughtful Hat Box,Usable
16591,Summer_Scroll2,Overseas Care Package Remix XIII Mini,Cash
16592,Family_Hat_Box,Family Hat Box,Cash
16593,F_Family_Hat_Box,Family Hat Box,Cash
16596,Helm_Of_Abyss_Box,Helm of Abyss Box,Cash
16597,F_Helm_Of_Abyss_Box,Helm of Abyss Box,Cash
16598,Acti_Potion_Box2,Energizing Potion Box II,Cash
16599,F_Acti_Potion_Box2,Energizing Potion Box II,Cash
16600,Spring_Flower_Scr_Tw,Spring Flower Scr Tw,Usable
16601,Blue_Arara_Hat_Box,Blue Arara Hat Box,Cash
16602,F_Blue_Arara_Hat_Box,F Blue Arara Hat Box,Cash
16603,Drooping_Boto_Box,Drooping Votto Box,Cash
16604,F_Drooping_Boto_Box,Drooping Votto Box,Cash
16605,Tendrilion_Hat_Box,Tendrilion Hat Box,Cash
16606,F_Tendrilion_Hat_Box,Tendrilrion Hat Box,Cash
16619,Yellow_Bunnyband_Box,Yellow Bunnyband Box,Cash
16620,F_Yellow_Bunnyband_Box,Yellow Bunny Headband Box,Cash
16621,Pink_Bunnyband_Box,Pink Bunny Band Box,Cash
16622,F_Pink_Bunnyband_Box,Pink Bunny Band Box,Cash
16623,Green_Bunnyband_Box,Green Bunny Band Box,Cash
16624,F_Green_Bunnyrband_Box,Green Bunnyband Box,Cash
16625,Half_Asprika_Box,Half Asprika Box 7days,Usable
16626,Half_Megin_Box,Half Megin Box 7days,Cash
16627,Half_Brysing_Box,Half Brysing Box 7days,Cash
16628,Half_Brynhild_Box,Half Brynhild Box 7days,Cash
16629,Granpeco_Hairband_Box,Grand Peco Headdress Box,Cash
16630,F_Granpeco_Hairband_Box,Grand Peco Headdress Box,Cash
16631,Aributa_Scroll,Aributa Scroll,Usable
16632,test_3,Closed Mind Box,Usable
16633,Bubble_Gum_Plus_10Box,Bubble Gum Plus Box,Cash
16634,Spiked_Scarf_Box2,Spiked Scarf BoxII,Cash
16635,Rainbow_Scarf_Box2,Rainbow Scarf BoxII,Cash
16636,Spiked_Scarf_Box3,Spiked Scarf BoxIII,Cash
16637,Rainbow_Scarf_Box3,Rainbow Scarf BoxIII,Cash
16638,Ribbon_Of_Life_Box,Life Ribbon Box,Usable
16639,Ribbon_Of_Life_Box2,Life Ribbon Box2,Usable
16640,Ribbon_Of_Life_Box3,Life Ribbon Box3,Usable
16641,F_Spiked_Scarf_Box,Spiked Scarf Box,Cash
16642,F_Rainbow_Scarf_Box,Rainbow Scarf Box,Cash
16643,F_Spiked_Scarf_Box2,Spiked Scarf BoxII,Cash
16644,F_Rainbow_Scarf_Box2,Rainbow Scarf BoxII,Cash
16645,F_Spiked_Scarf_Box3,Spiked Scarf BoxIII,Cash
16646,F_Rainbow_Scarf_Box3,Rainbow Scarf BoxIII,Cash
16647,F_Ribbon_Of_Life_Box,Life Ribbon Box,Cash
16648,F_Ribbon_Of_Life_Box2,Life Ribbon BoxII,Cash
16649,F_Ribbon_Of_Life_Box3,Life Ribbon BoxIII,Cash
16650,F_Gemini_Diadem_Box,Gemini Diadem Box,Cash
16651,F_Gemini_Crown_Box,Gemini Crown Box,Cash
16652,Flame_Light,Flame Light,Usable
16653,BM75_10Box,BM75 10Box,Cash
16654,Valiant_Will,Valiant Will,Usable
16655,Rapid_Life_Water_Box,Rapid Life Potion 10 Box,Usable
16656,F_Rapid_Life_Water_Box,Rapid Life Potion Box (10),Usable
16657,Rapid_Life_Water_Box2,Rapid Life Water Box10,Usable
16658,F_Rapid_Life_Water_Box2,Rapid Water Box (10),Cash
16659,Zodiac_Diadem_Pack,Zodiac Diadem Box,Usable
16660,Auger_Of_Spirit_Box,Spiritual Auger Box,Cash
16661,F_Auger_Of_Spirit_Box,Spiritual Auger Box,Cash
16662,F_Aries_Diadem_Box,Aries Diadem Box,Cash
16663,F_Aries_Crown_Box,Aries Crown Box,Cash
16664,Leo_Scroll,Leo Scroll,Usable
16665,Virgo_Scroll,Virgo Scroll,Usable
16666,Magic_Candy_Box10,Magic Candy Box10,Usable
16667,F_Magic_Candy_Box10,Magic Candy Box (10),Usable
16668,Colorful_Ketupat_Box,Kotak Ketupat Warna Warni,Cash
16670,Battle_Manual_Box_A,Field Manual Box A,Usable
16671,Magic_Candy_Box10_2,Magic Candy Box(10),Usable
16672,F_Magic_Candy_Box10_2,Magic Candy Box(10),Usable
16673,Libra_Scroll,Libra Scroll,Usable
16674,New_Insurance_Box,10 New Life Insurance Box,Usable
16675,Splash_Scroll,Splash Scroll,Usable
16676,Zodiac_Crown_Pack,Zodiac Crown Box,Usable
16677,Vending_Scroll2_Box10,Universal Catalog Gold 10 Box,Usable
16678,Vending_Scroll2_Box50,Universal Catalog Gold 50 Box,Usable
16679,F_Vending_Scroll2_Box10,Universal Catalog Gold 10 Box,Usable
16680,F_Vending_Scroll2_Box50,Universal Catalog Gold 50 Box,Usable
16681,BR_Independence_Scrol,BR Independence Scroll,Usable
16682,Boarding_Halter_Box,Boarding Halter Box,Cash
16683,B_Halter_Box_30Days,Halter Lead 30 Day Box,Cash
16684,Wing_Of_Fly_Box10,Wing Of Fly Box10,Usable
16685,Wing_Of_Fly_Box50,Wing Of Fly Box50,Usable
16686,Wing_Of_Fly_Box100,Wing Of Fly Box100,Usable
16687,RWC2010_SuitcaseA,RWC2010 SuitcaseA,Usable
16688,RWC2010_SuitcaseB,RWC2010 SuitcaseB,Usable
16689,Garuda_Hat_Box,Garuda Hat Box,Cash
16690,F_Garuda_Hat_Box,Garuda Hat Box,Cash
16691,Scorpio_Scroll,Scorpius Scroll,Usable
16692,FAlice_Hat_Box,Alice Hat Box,Usable
16693,Crescent_Helm_Box,Crescent Helm Box,Usable
16694,FCrescent_Helm_Box,Crescent Helm Box,Usable
16695,Dragon_Skull_Box,Dragon Skull Box,Usable
16696,FDragon_Skull_Box,Dragon Skull Box,Usable
16697,Drooping_Bunny_Box,Drooping Bunny Box,Usable
16698,FDrooping_Bunny_Box,Drooping Bunny Box,Usable
16699,Fish_On_Head_Box,Evolved Blue Fish Box,Usable
16701,Pair_Ribbon_Box,Evolved Pair of Red Ribbon Box,Usable
16702,FPair_Ribbon_Box,Evolved Pair of Red Ribbon Box,Usable
16703,Smoking_Pipe_Box,Evolved Pipe Box,Usable
16704,FSmoking_Pipe_Box,Evolved Pipe Box,Usable
16705,Hibiscus_Bpx,Hibiscus Box,Usable
16706,F_Hibiscus_Bpx,Hibiscus Box,Usable
16707,Jumping_Poring_Box,Jumping Poring Box,Usable
16708,FJumping_Poring_Box,Jumping Poring Box,Usable
16709,Kettle_Hat_Box,Kettle Hat Box,Usable
16710,FKettle_Hat_Box,Kettle Hat Box,Usable
16711,Magic_Eyes_Box,Magic Eyes Box,Usable
16712,FMagic_Eyes_Box,Magic Eyes Box,Usable
16713,Propeller_Box,Mini Propeller Box,Usable
16714,F_Propeller_Box,Mini Propeller Box,Usable
16715,Dog_Hat_Box,Puppy Hat Box,Usable
16716,F_Dog_Hat_Box,Puppy Hat Box,Usable
16717,Sheep_Hat_Box,Sheep Hat Box,Usable
16718,FSheep_Hat_Box,Sheep Hat Box,Usable
16719,FTiger_Mask_Box,Tiger Mask Box,Usable
16720,Vacation_Hat_Box,Tiger Mask Box,Usable
16721,FVacation_Hat_Box,Vacation Hat Box,Usable
16722,Vane_Hairpin_Box,Vane Hairpin Box,Usable
16723,FVane_Hairpin_Box,Vane Hairpin Box,Usable
16724,Vanilmirth_Hat_Box,Vanilmirth Hat Box,Usable
16725,FVanilmirth_Hat_Box,Vanilmirth Hat Box,Usable
16726,Water_Lily_Crown_Box,Water Lily Crown Box,Usable
16727,FWater_Lily_Crown_Box,Water Lily Crown Box,Usable
16728,Pink_Fur_Hat_Box,Pink Beanie Hat Box,Usable
16729,F_Pink_Fur_Hat_Box,Pink Beanie Hat Box,Usable
16730,Ribbon_Green_Box,Green Ribbon Box,Usable
16731,F_Ribbon_Green_Box,Green Ribbon Box,Usable
16732,Wh_Deviruchi_Cap_Box,Gray Deviruchi Hat Box,Usable
16733,F_Wh_Deviruchi_Cap_Box,Gray Deviruchi Hat Box,Usable
16734,Blu_Drooping_Kitty_Box,Blue Drooping Cat Box,Usable
16735,FBlu_Drooping_Kitty_Box,Blue Drooping Cat Box,Usable
16736,Fantastic_Wig_Box,Fantastic Wig Box,Usable
16737,F_Fantastic_Wig_Box,Fantastic Wig Box,Usable
16738,Yellow_Wizard_Hat_Box,Yellow Mage Hat Box,Usable
16739,F_Yellow_Wizard_Hat_Box,Yellow Mage Hat Box,Usable
16740,Ptotection_Seagod_Box,Seagod's Protection Box,Cash
16741,Hairtail_Box1,Hairtail Box(1hr),Usable
16742,Hairtail_Box2,Hairtail Box(7day),Usable
16743,Spearfish_Box1,Marlin Box(1hr),Usable
16744,Spearfish_Box2,Marlin Box(7day),Usable
16745,Saurel_Box1,Saurel Box(1hr),Usable
16746,Saurel_Box2,Saurel Box(7day),Usable
16747,Tuna_Box1,Tuna Box(1hr),Usable
16748,Tuna_Box2,Tuna Box(7day),Usable
16749,Malang_Crab_Box1,Malangdo Crab Box(1hr),Usable
16750,Malang_Crab_Box2,Malangdo Crab Box(7day),Usable
16751,Brindle_Eel_Box1,Spotty Eel Box1,Usable
16752,Brindle_Eel_Box2,Spotty Eel Box2,Usable
16753,Unbreak_Weap_Box,Unbreakable Weapon Box,Usable
16754,F_Unbreak_Weap_Box,Unbreakable Weapon Box,Usable
16755,Unbreak_Def_Box,Unbreakable Armor Box,Usable
16756,F_Unbreak_Def_Box,Unbreakable Armor Box,Usable
16757,Hallo_Scroll,Hallo Scroll,Usable
16758,Umbala_Spirit_Box,Umbala Spirit Box,Usable
16759,F_Umbala_Spirit_Box,Umbala Spirit Box,Usable
16760,Umbala_Spirit_Box2,Umbala Spirit Box2,Usable
16761,F_Umbala_Spirit_Box2,F Umbala Spirit Box2,Usable
16762,Umbala_Spirit_Box_7day,Umbala Spirit 7days Box,Cash
16763,Ptotection_Seagod_Box2,Seagod's Protection Box2,Cash
16764,Ptotection_Seagod_Box3,Seagod's Protection Box3,Cash
16765,Octo_Hstick_Box,Octopus Hstick Box,Cash
16766,Octo_Hstick_Box2,Octopus Hstick Box2,Cash
16767,Octo_Hstick_Box3,Octopus Hstick Box3,Cash
16770,Silvervine_Fruit_Box10,Silvervine 10 Box,Cash
16771,Silvervine_Fruit_Box40,Silvervine 40 Box,Cash
16774,Asgard_Scroll,Asgard Scroll,Usable
16775,Sagittarius_Scroll,Sagittarius Scroll,Usable
16776,C_Vending_Scroll2_Box10,Universal Catalog Gold 10 Box,Usable
16777,C_Vending_Scroll2_Box50,Universal Catalog Gold 50 Box,Usable
16778,C_Str_Dish_Box,Steamed Tongue Box(10),Cash
16779,C_Str_Dish_Box50,Steamed Tongue Box(50),Cash
16780,C_Agi_Dish_Box,Steamed Desert Scorpions Box(10),Cash
16781,C_Agi_Dish_Box50,Steamed Desert Scorpions Box(50),Cash
16782,C_Vit_Dish_Box,Stew of Immortality Box(10),Cash
16783,C_Vit_Dish_Box50,Stew of Immortality Box(50),Cash
16784,C_Int_Dish_Box,Dragon Breath Cocktail Box(10),Cash
16785,C_Int_Dish_Box50,Dragon Breath Cocktail Box(50),Cash
16786,C_Dex_Dish_Box,Hwergelmir's Tonic Box(10),Cash
16787,C_Dex_Dish_Box50,Hwergelmir's Tonic Box(50),Cash
16788,C_Luk_Dish_Box,Cooked Nine Tail's Tails Box(10),Cash
16789,C_Luk_Dish_Box50,Cooked Nine Tail's Tails Box(50),Cash
16790,C_Insurance_Package,Life Insurrance Certificate Box(10),Usable
16791,C_Insurance_Package50,Life Insurrance Certificate Box(50),Usable
16792,C_Kafra_Card_Box,Kafra Card Box(10),Usable
16793,C_Kafra_Card_Box50,Kafra Card Box(50),Usable
16794,C_Giant_Fly_Wing_Box,Giant Flywing 500 Box,Cash
16795,C_Giant_Fly_Wing_Box100,Giant Fly Wing Box(100),Usable
16796,C_Siegfried_Box5,Token of Siegfried Box(5),Cash
16797,C_Siegfried_Box20,Token of Siegfried Box(20),Cash
16798,C_Convex_Mirror_Box5,Convex Mirror Box 5,Cash
16799,C_Convex_Mirror_Box30,Convex Mirror Box(30),Cash
16800,C_Blessing_10_Box,Blessing Scroll Box(10),Usable
16801,C_Blessing_10_Box50,Blessing Scroll Box(50),Usable
16802,C_Inc_Agi_10_Scroll_Box,Increase Agility Scroll Box(10),Usable
16803,C_Inc_Agi_10_Box50,Increase Agility Scroll Box(50),Usable
16804,C_Adrenaline_5_box,Adrenaline Rush Scroll Box(10),Usable
16805,C_Adrenaline_5_box50,Adrenaline Rush Scroll Box(50),Usable
16806,C_Aspersio_5_Scroll_Box,Aspersio Scroll Box(10),Usable
16807,C_Aspersio_5_Box50,Aspersio Scroll Box(50),Usable
16808,C_Battle_Manual_Box,Battle Manual Box,Usable
16809,C_Battle_Manual_Box10,Battle Manual Box(10),Usable
16810,C_Bubble_Gum_Box,Bubble Gum Box,Usable
16811,C_Bubble_Gum_Box10,Bubble Gum Box(10),Usable
16812,C_Megaphone_Box,Megaphone Box,Cash
16813,C_Megaphone_Box10,Megaphone Box(10),Cash
16814,C_Enriched_Elunium_Box,Enriched Elunium Box(10),Cash
16815,C_Enriched_Elunium_Box5,Enriched Elunium Box(5),Cash
16816,C_Enriched_Oridecon_Box,Enriched Oridecon Box(10),Cash
16817,C_Enc_Oridecon_Box5,Enriched Oridecon Box(5),Cash
16818,C_Neuralizer_Box,Neuralizer Box,Cash
16819,C_Abrasive_Box5,Abrasive Box(5),Cash
16820,C_Abrasive_Box10,Abrasive Box(10),Cash
16821,C_Dun_Tele_Scroll_Box5,Dungeon Teleport Scroll Box (5),Usable
16822,C_Dun_Tele_Scroll_Box10,Dungeon Teleport Scroll Box (10),Usable
16823,C_Max_Weight_Up_Box,Gym Pass Box,Cash
16824,C_Regeneration_Box5,Regeneration Potion Box(5),Cash
16825,C_Regeneration_Box10,Regeneration Potion Box(10),Cash
16826,Sagittarius_Scr_Box,Sagittarius Scr Box,Usable
16827,C_Small_Life_Potion_Box,Small Life Potion Box(10),Cash
16828,C_S_Life_Potion_Box50,Small Life Potion Box(50),Cash
16829,C_Med_Life_Potion_Box,Medium Life Potion Box(10),Cash
16830,C_Med_Life_Potion_Box50,Medium Life Potion Box(50),Cash
16831,C_G_Illusion_Box5,Glass of Illusion Box(5),Cash
16832,C_G_Illusion_Box10,Glass of Illusion Box(10),Cash
16833,C_S_ArmorBox5,Shadow Armor Scroll Box(5),Cash
16834,C_S_ArmorBox10,Shadow Armor Scroll Box(30),Cash
16835,C_Holy_Armor_S_Box5,Holy Armor Scroll Box(5),Cash
16836,C_Holy_Armor_S_Box30,Holy Armor Scroll Box(30),Cash
16837,C_Dun_Tele_Scroll2_Box5,Dungeon Teleport Scroll II Box (5),Usable
16838,C_Dun_Tele_S2_Box10,Dungeon Teleport Scroll II Box (10),Usable
16839,C_Spark_Candy_Box5,Toktok Candy Box(5),Cash
16840,C_Spark_Candy_Box10,Toktok Candy Box(10),Cash
16841,C_Repair_Scroll_Box,Weapon Repair Scroll Box (5),Cash
16842,C_Repair_Scroll_Box10,Weapon Repair Scroll Box (10),Cash
16843,C_New_Style_Box,Hairstyle Coupon Box,Cash
16844,C_Alice_Scroll_Box5,Alice Summon Book Box(5),Cash
16845,C_Alice_Scroll_Box10,Alice Summon Book Box(10),Cash
16846,C_Mimic_Scroll_Box5,Mimic Summon Book Box(5),Cash
16847,C_Mimic_Scroll_Box10,Mimic Summon Book Box(10),Cash
16848,C_Disguise_Croll_Box5,Disguise Summon Book Box(5),Cash
16849,C_Disguise_Croll_Box10,Disguise Summon Book Box(10),Cash
16850,C_MP_Scroll_Box,Mystical Amplification Scroll Box(10),Cash
16851,C_MP_Scroll_Box50,Mystical Amplification Scroll Box(50),Cash
16852,C_Quagmire_Scroll_Box,Quake Scroll Box(10),Cash
16853,C_Quagmire_Scroll_Box50,Quake Scroll Box(50),Cash
16854,CCloth_Dye_Coupon_Box,Clothing Dye Box,Usable
16855,CCloth_Dye_Coupon2_Box,Clothing Dye Orig Box,Usable
16856,C_Greed_Scroll_C20Box,Greed Scroll Box(20),Cash
16857,C_Greed_Scroll_C50Box,Greed Scroll Box(50),Cash
16858,C_Mental_Potion20_Box,Mental Potion Box(20),Cash
16859,C_Mental_Potion50_Box,Mental Potion Box(50),Cash
16860,C_Tyr_Blessing_Box20,Tyr's Blessing Box(20),Cash
16861,C_Tyr_Blessing_Box50,Tyr's Blessing Box(50),Cash
16862,C_Job_Manual25_Box1,JOB Battle Manual Box,Cash
16863,C_Job_Manual25_Box10,JOB Battle Manual Box(10),Cash
16864,C_Siege_Scroll_Box1_10,Siege Map Teleport Scroll Box (10),Cash
16865,C_Siege_Scroll_Box1_30,Siege Map Teleport Box(30),Cash
16866,C_Siege_Scroll_Box2_10,Siege Map Teleport Scroll II Box (10),Cash
16867,C_Siege_Scroll_Box2_30,Siege Map Teleport Scroll II Box (30),Cash
16868,C_HD_Bradium_Box5,HD Bradium Box(5),Cash
16869,C_HD_Bradium_Box10,HD Bradium Box(10),Cash
16870,C_HD_Carnium_Box5,HD Cranium Box(5),Cash
16871,C_HD_Carnium_Box10,HD Cranium Box(10),Cash
16872,C_HD_Ori_Box5,HD Oridecon Box(5),Cash
16873,C_HD_Ori_Box10,HD Oridecon Box(10),Cash
16874,C_HD_Elu_Box5,HD Elunium Box(5),Cash
16875,C_HD_Elu_Box10,HD Elunium Box(10),Cash
16876,C_Rapid_Life_Water_Box2,Rapid Life Potion Box(10),Usable
16877,C_Magic_Candy_Box102,Magic Candy Box(10),Usable
16878,C_Umbala_Spirit_Box2,Umbala Spirit Box,Usable
16879,C_Muramasa_Box,Muramasa Box,Cash
16880,C_Excalibur_Box,Excalibur Box,Cash
16881,C_Combat_Knife_Box,Combat Knife Box,Cash
16882,C_Counter_Dagger_Box,Dagger of Counter Box,Cash
16883,C_Mighty_Staff_Box,Mighty Staff Box,Cash
16884,C_Right_Epsilon_Box,Light Epsilon Box,Cash
16885,C_Balistar_Box,Ballista Box,Cash
16886,C_D_Great_Sage_Box,Sage's Diary Box,Cash
16887,C_Asura_Box,Ashura Box,Cash
16888,C_Brooch_Box,Brooch Box,Cash
16889,C_Safety_Ring_Box,Safety Ring Box,Cash
16890,C_Pecopeco_Hairband_Box,Pecopeco Headband Box,Cash
16891,C_Nagan_Box,Nagan Box,Cash
16892,C_Skewer_Box,Brocca Box,Cash
16893,C_Quadrille_Box,Quadrille Box,Cash
16894,C_Fire_Brand_Box,Fire Brand Box,Usable
16895,C_Masquerade_Box,Butterfly Mask Box,Cash
16896,C_Orc_Hero_Helm_Box,Orc Hero's Helm Box,Cash
16897,C_KRO_D_Kitty_Box,Drooping Kitty Box,Cash
16898,C_Bloody_Iron_Ball_Box,Bloody Iron Ball Box,Cash
16899,C_Hockey_Mask_Box,Hockey Mask Box,Cash
16900,C_Observer_Box,Observer Box,Cash
16901,C_All_In_One_Ring_Box,All in One Ring Box,Cash
16902,C_Spiritual_Tunic_Box,Spiritual Tunic Box,Cash
16903,C_Recup_Armor_Box,Recuperative Armor Box,Cash
16904,C_Shelter_Resist_Box,Costume: Shelter Resist Box,Cash
16905,C_Sylphid_Manteau_Box,Sylphid Manteau Box,Cash
16906,C_Refresh_Shoes_Box,Refresh Shoes Box,Cash
16907,C_Wasteland_Outlaw_Box,Wasteland's Outlaw Box,Cash
16908,C_Lever_Act_Rifle_Box,Lever Action Rifle Box,Cash
16909,C_Claymore_C_box,Claymore Box,Cash
16910,C_Jamadhar_C_Box,Jamadhar Box,Cash
16911,C_Two_Handed_Axe_C_Box,Two-Handed Axe Box,Cash
16912,C_Lance_C_Box,Lance Box,Cash
16913,C_Orcish_Axe_C_Box,Orcish Axe Box,Cash
16914,C_Encyclopedia_C_Box,Giant Encyclopedia Box,Cash
16915,C_Pike_C_Box,Fist Box,Cash
16916,C_Fist_C_Box,Guitar Box,Cash
16917,C_Damascus_C_Box,Damascus Box,Cash
16918,C_Flamberge_C_Box,Flamberge Box,Cash
16919,C_Stunner_C_Box,Stunner Box,Cash
16920,C_Marriage_Covenant_Box,Written Oath of Marriage Box,Usable
16921,C_Shooting_Star_C_Box,Shooting Star Box,Cash
16922,C_Bloody_Fear_C_Box,Bloody Fear Box,Cash
16923,C_Staff_Healing_C_Box,Staff of Healing Box,Cash
16924,C_Clover_Box_Mouth,Four Leaf Clover Box,Cash
16925,C_Clover_Box_Mouth2,Four Leaf Clover Box II,Cash
16926,C_Clover_Box_Mouth4,Four Leaf Clover BoxIII,Cash
16927,C_BGum_Box_In_Mouth,Chewing Gum Box,Cash
16928,C_BGum_Box_In_Mouth2,Chewing Gum Gum Box II,Cash
16929,C_BGum_Box_In_Mouth4,Chewing Gum Gum Box III,Cash
16930,C_Spiked_Scarf_Box,Spiked Scarf Box,Cash
16931,C_Spiked_Scarf_Box2,Spiked Scarf Box II,Cash
16932,C_Spiked_Scarf_Box3,Spiked Scarf Box III,Cash
16933,C_Rainbow_Scarf_Box,Rainbow Scarf Box,Cash
16934,C_Rainbow_Scarf_Box2,Rainbow Scarf Box II,Cash
16935,C_Rainbow_Scarf_Box3,Rainbow Scarf Box III,Cash
16936,C_Ribbon_Of_Life_Box,Life Ribbon Box,Cash
16937,C_Ribbon_Of_Life_Box2,Life Ribbon Box II,Cash
16938,C_Ribbon_Of_Life_Box3,Life Ribbon Box III,Cash
16939,C_Love_Angel_Box,Love Angel Magic Powder Box,Cash
16940,C_Love_Angel_Box_1m,Love Angel Magic Powder Box (30 days),Cash
16941,C_Squirrel_Box,Squirrel Magic Powder Box,Cash
16942,C_Squirrel_Box_1m,Squirrel Magic Powder (30 days),Cash
16943,C_Picture_Diary_Box,Diary Magic Powder Box,Cash
16944,C_Picture_Diary_Box_1m,Diary Magic Powder Box (30 days),Cash
16945,C_Mini_Heart_Box,Mini Heart Magic Powder Box,Cash
16946,C_Mini_Heart_Box_1m,Mini Heart Magic Powder Box (30 days),Cash
16947,C_Newcomer_Box,Freshman Powder Box,Cash
16948,C_Newcomer_Box_1m,Freshman Powder Box (30 days),Cash
16949,C_Kid_Box,Freshman Powder Box,Cash
16950,C_Kid_Box_1m,Freshman Powder Box (30 days),Cash
16951,C_Magic_Castle_Box,Magic Magic Powder Box,Cash
16952,C_Magic_Castle_Box_1m,Magic Magic Powder Box (30 days),Cash
16953,C_Bulging_Head_Box,JJangu Magic Powder Box,Cash
16954,C_Bulging_Head_Box_1m,JJangu Magic Powder Box (30 days),Cash
16955,P_Upg_Guard_Box,Upgrade Guard Box,Cash
16956,C_Upg_Buckler_Box,Upgrade Buckler Box,Cash
16957,C_Upg_Shield_Box,Upgrade Shield Box,Cash
16958,C_Upg_Shoes_Box,Upgrade Shoes Box,Cash
16959,C_Upg_Boots_Box,Upgrade Boots Box,Cash
16960,C_Upg_Greave_Box,Upgrade Greaves Box,Cash
16961,C_Upg_Hood_Box,Upgrade Hood Box,Cash
16962,C_Upg_Muffler_Box,Upgrade Muffler Box,Cash
16963,C_Upg_Manteau_Box,Upgrade Manteau Box,Cash
16964,C_Upg_Clip_Box,Upgrade Clip Box,Cash
16965,C_Upg_Adv_Suit_Box,Upgrade Adventure Suit Box,Cash
16966,C_Upg_Coat_Box,Upgrade Coat Box,Cash
16967,C_Upg_Saint_Robe_Box,Upgrade Saint Robe Box,Cash
16968,C_Upg_Tights_Box,Upgrade Tight Box,Cash
16969,C_Upg_Thief_Cloth_Box,Upgrade Thief Clothes Box,Cash
16970,C_Upg_Mail_Box,Upgrade Mail Box,Cash
16971,C_Upg_Formal_Dress_Box,Upgrade Formal Suit Box,Cash
16972,Weather_Report_Box,Weather Report Box,Usable
16973,Yellow_Hat_Box,Yellow Hat Box,Cash
16974,Comin_Actor_Box,Costume: Old-Timey Box,Usable
16975,Singing_Bird_Box,Singing Bird Box,Cash
16976,Hen_Set_Box,Costume: Chicken Box,Usable
16977,Red_Minicrown_Box,Red Minicrown Box,Cash
16978,C_Green_FoxtailBox,Foxtail Box,Cash
16979,Silvervine_Fruit_Box4,Silvervine 4 Box,Cash
16990,Sagittar_Diadem_Scroll,Sagittar Diadem Scroll,Usable
16991,Sagittar_Di_Scroll_Box,Sagittar Di Scroll Box,Usable
16992,Butterfly_Wing_Box20,Butterfly Wing Box20,Cash
16993,Butterfly_Wing_Box50,Butterfly Wing Box50,Cash
16995,Old_Hat_Box,Old Hat Box,Usable
16996,Capri_Crown_Scroll,Capri Crown Scroll,Usable
16997,Capri_Crown_Scroll_Box,Capri Crown Scroll Box,Usable
16998,Archangel_Wing_Box,Archangel Wing Box,Cash
16999,Bravery_Bag_Box,Bravery Bag Box,Cash
17000,Wander_Man_Box5,Wander Man Box5,Cash
17001,Wander_Man_Box10,Wander Man Box10,Cash
17002,Wicked_Nymph_Box5,Wicked Nymph Box5,Cash
17003,Wicked_Nymph_Box10,Wicked Nymph Box10,Cash
17004,Kasa_Scroll_Box5,Kasa Scroll Box5,Cash
17005,Kasa_Scroll_Box10,Kasa Scroll Box10,Cash
17006,Salamander_Box5,Salamander Box5,Cash
17007,Salamander_Box10,Salamander Box10,Cash
17008,Teddy_Bear_Box5,Teddy Bear Box5,Cash
17009,Teddy_Bear_Box10,Teddy Bear Box10,Cash
17011,Capricon_Di_Scroll,Capricon Di Scroll,Usable
17012,Capricon_Di_Scroll_Box,Capricon Di Scroll Box,Usable
17013,Malang_Woe_Encard_Box,Malangdo Woe Encard Box,Usable
17014,Butterfly_ear_Box,Butterfly ear Box,Cash
17015,Stuckhead_Screw_Box,Stuckhead Screw Box,Cash
17016,Aquarius_Diadem_Scroll,Aquarius Diadem Scroll,Usable
17017,Aquarius_Di_Scroll_Box,Aquarius Di Scroll Box,Usable
17018,Libra_Scroll2,Libra Scroll2,Usable
17019,Scorpio_Scroll2,Scorpio Scroll2,Usable
17020,Tw_Nov_Scroll2,Tw Nov Scroll2,Usable
17021,Summer_Scroll3,Summer Scroll3,Usable
17022,Super_Pet_Egg1_2,Super Pet Egg1 2,Usable
17023,Super_Pet_Egg4_2,Super Pet Egg4 2,Usable
17024,Lovely_Aquarius_Scroll,Lovely Aquarius Scroll,Usable
17025,Lovely_Aquarius_Box,Lovely Aquarius Box,Usable
17026,Boitata_Scroll,Boitata Scroll,Usable
17027,Refine_Ore_Box,Enriched Ores Box,Usable
17028,Pisces_Diadem_Scroll,Pisces Diadem Scroll,Usable
17029,Pisces_Diadem_S_Box,Pisces Diadem Box,Usable
17030,St_Pat_Hat_box,St Pat Hat box,Cash
17035,Energetic_Pisces_Scroll,Energetic Pisces Scroll,Usable
17036,Energetic_Pisces_Box,Energetic Pisces Box,Usable
17037,Trans_Box_Devi,Transform Deviruchi 10pcs Box,Cash
17038,Trans_Box_Ray_Arch,Transform R Archer 10pcs Box,Cash
17039,Trans_Box_Mavka,Transform Mavke 10pcs Box,Cash
17040,Trans_Box_Marduk,Transform Marduk 10pcs Box,Cash
17041,Trans_Box_Banshee,Transform Banshee 10pcs Box,Cash
17042,Trans_Box_Poring,Trans Box Poring,Cash
17043,Trans_Box_Golem,Transform Golem 10pcs Box,Cash
17044,Donation_Ribbon_Box,Green Ribbon Box,Cash
17045,Korean_Judge_Hat_Box,Judge Hat Box,Cash
17046,Attend_C_Box,Attendance Costume Box,Usable
17050,Aries_Scroll_,Aries Scroll,Usable
17051,Aries_Scroll_box,Aries Scroll Box,Usable
17052,Holy_Mom_Blaze_Box,Holy Mom Blaze Box,Cash
17056,Wiz_Card_Album,Wiz Card Album,Usable
17057,Swordman_Card_Album,Swordman Card Album,Usable
17058,Thief_Card_Album,Thief Card Album,Usable
17059,Acolyte_Card_Album,Acolyte Card Album,Usable
17060,Merchant_Card_Album,Merchant Card Album,Usable
17061,Archer_Card_Album,Archer Card Album,Usable
17062,Taurus_Diadem_Scroll,Taurus Diadem Scroll,Usable
17063,Taurus_Di_Scroll_Box,Taurus Di Scroll Box,Usable
17064,Tw_Sagitt_Scroll,Tw Sagitt Scroll,Usable
17065,Mbl_Taurus_Crown_Box,Taurus Crown Box,Cash
17066,Poison_Bottle_Box50,Poison Bottle Box50,Cash
17067,Poison_Bottle_Box100,Poison Bottle Box100,Cash
17068,Acidbomb_Box50,Acidbomb Box50,Usable
17069,Acidbomb_Box100,Acidbomb Box100,Usable
17070,Acidbomb_Box500,Acidbomb Box500,Usable
17071,Superb_Fish_Box50,Superb Fish Box50,Cash
17072,Superb_Fish_Box100,Superb Fish Box100,Cash
17073,Superb_Fish_Box500,Superb Fish Box500,Cash
17074,Empty_Bottle_Box10,Empty Bottle Box10,Cash
17075,Empty_Bottle_Box100,Empty Bottle Box100,Cash
17076,Empty_Bottle_Box500,Empty Bottle Box500,Cash
17077,Taurus_Crown_Scroll,Taurus Crown Scroll,Usable
17078,Taurus_Crown_Scroll_Box,Taurus Crown Scroll Box,Usable
17079,Indonesian_Box2,Indonesia Box2,Cash
17080,Scorpio_Scroll3,Scorpio Scroll3,Usable
17081,Yggdrasil_Crown_Box,Yggdrasil Crown Box,Cash
17082,Gemi_Diadem_Scroll,Gemi Diadem Scroll,Usable
17083,Gemi_Diadem_Scroll_Box,Gemi Diadem Scroll Box,Usable
17084,Upg_Katar_Box,Upg Katar Box,Cash
17085,Upg_Two_Handed_Axe_Box,Upg Two Handed Axe Box,Cash
17086,Upg_Lance_Box,Upg Lance Box,Cash
17087,Upg_Book_Box,Upg Book Box,Cash
17088,Upg_Staff_Box,Upg Staff Box,Cash
17089,Upg_Dagger_Box,Upg Dagger Box,Cash
17090,Upg_Revolver_Box,Upg Revolver,Cash
17091,Upg_Mace_Box,Upg Mace Box,Cash
17092,Upg_Bow_Box,Upg Bow Box,Cash
17093,Upg_Twohand_Sword_Box,Upg Two-Handed Sword Box,Cash
17094,Upg_Katar_Box2,Upgrade Katar Box,Usable
17095,Upg_Two_Handed_Axe_Box2,Upgrade Two-Handed Axe Box,Usable
17096,Upg_Lance_Box2,Upgrade Two-Handed Spear Box,Usable
17097,Upg_Book_Box2,Upgrade Book Box,Usable
17098,Upg_Staff_Box2,Upgrade Two-Handed Staff Box,Usable
17099,Upg_Dagger_Box2,Upgrade Dagger Box,Usable
17100,Upg_Revolver_Box2,Upgrade Revolver Box,Usable
17101,Upg_Mace_Box2,Upgrade Mace Box,Usable
17102,Upg_Bow_Box2,Upgrade Bow Box,Usable
17103,Upg_Twohand_Sword_Box2,Upgrade Two-Handed Sword Box,Usable
17104,HD_Oridecon_50Box,HD Oridecon 50 Box,Cash
17105,HD_Elunium_50Box,HD Elunium 50 Box,Cash
17106,Max_Weight_Up_10Box,Heavy Lifter Box,Cash
17107,Gemi_Crown_Scroll,Gemi Crown Scroll,Cash
17108,Gemi_Crown_Scroll_Box,Gemi Crown Scroll Box,Cash
17109,Capri_Scroll,Capri Scroll,Usable
17110,Aquarius_Scroll,Aquarius Scroll,Usable
17113,Pisces_Scroll,Pisces Scroll,Usable
17114,Horn_Of_Ancient_Box,Horn Of Ancient Box,Cash
17115,Sprout_Hat_Box,Sprout Hat Box,Cash
17116,Mercury_Helm_Box,Mercury Helm Box,Cash
17117,Aries_Scroll,Aries Scroll,Usable
17118,ASPD_Potion_Box10,ASPD Intensifying Potion Box,Usable
17120,Taurus_Scroll,Taurus Scroll,Usable
17121,Starry_Scroll,Starry Scroll,Usable
17122,Immuned_Shield_Box,Immuned Shield Box,Cash
17123,Black_Devil_Mask_Box,Black Devil Mask Box,Cash
17124,Cat_Ears_Beret_Box,Cat Ears Beret Box,Cash
17125,Red_Bread_Hat_Box,Red Bread Hat Box,Cash
17126,ASPD_Potion_Box10_2,ASPD Enhanced Potion Box,Cash
17127,Leo_Scroll2,Leo Scroll2,Usable
17134,RWC_Scroll,RWC Scroll,Usable
17135,Trans_A_Set,Monster Transformation Set A,Usable
17136,Trans_B_Set,Monster Transformation Set B,Usable
17137,Trans_C_Set,Monster Transformation Set C,Usable
17138,Ms_Cancer_Scroll,Ms Cancer Scroll,Usable
17139,Ms_RWC_Super_Scroll,RWC Super Scroll,Usable
17140,Ms_Leo_Scroll,Leo Scroll,Usable
17141,Ms_Virgo_Scroll,Ms Virgo Scroll,Usable
17143,Ms_Scorpio_Scroll,Ms Scorpio Scroll,Usable
17144,Made_Dish_Set,Assorted Cuisine Set,Cash
17145,Made_Dish_Box,Assorted Cooking Box,Cash
17146,Dep_Alice_Hat_Box,Dep Alice Hat Box,Cash
17147,Ribbon_Chef_Hat_Box,Ribbon Chef Hat Box,Cash
17152,Bridal_Ribbon_Box,Bridal Ribbon Box,Cash
17153,Red_Booster_Box20,Red Booster Box20,Cash
17154,Red_Booster_Box20_2,Red Booster Box,Cash
17155,Upg_Huuma_Shuriken_Box,Upg Huuma Shuriken Box,Usable
17156,TCG_Card_Scroll,Bossnia Ticket Scroll,Usable
17157,Vital_Flower_Box,Vital Flower Box,Cash
17158,Flame_Gemstone_Box,Flame Gemstone Box,Cash
17159,Change_Name_Card_Box,Name Change Box,Cash
17160,Change_Name_Card_Box2,Name Change Card Box,Cash
17162,Boarding_Halter_Box7,Boarding Halter Box7,Cash
17163,Mystic_Powder_Box30,Mystic Powder Box,Cash
17164,Mystic_Powder_Box30_2,Mystic Powder Box,Cash
17165,Challenge_Kit,Challenge Kit,Usable
17166,Hellomother_Hat_Box,Arc Angeling Hat Box,Cash
17171,EC_Battle_Manual_Box,Battle Manual Box (10),Cash
17172,EC_Job_Manual25_Box10,JOB Battle Manual Box (10),Cash
17173,Global_Hat_Fes_Box,Global Hat Festival Box,Cash
17174,Global_Hat_Fes_5_Box,Global Festival Packages (5),Cash
17175,Global_Hat_Fes_Box2,Global Hat Festival Box,Cash
17176,Boarding_Halter_Box3,Boarding Halter Box 3days,Cash
17177,Made_Dish_Box1,Assorted Cooking Box [Trail],Cash
17178,Mysterious_Water_Box50,Mysterious Life Potion Box (Undead),Cash
17179,C_Myst_Water_Box50,Mysterious Water Box50,Cash
17180,Mysterious_Water_Box50_,Mysterious Life Potion Box (Girl),Cash
17181,Jan_Groove_Box,Jan Groove Box,Usable
17182,Fallen_Angel_Wing_Box,Fallen Angel Wings Box,Cash
17184,3rd_Test_Pass_Box,3rd Test Pass Box,Cash
17193,Refine_Ore_Box2,Refining Ore Box II,Cash
17194,Red_Potion_RG_Box,RG Red Potion Box,Cash
17195,Blue_Potion_RG_Box,RG Blue Potion Box,Cash
17196,GoldenApple_P_RG_Box,RG Golden Apple Slice Box,Cash
17197,GoldenApple_RG_Box,RG Golden Apple Box,Cash
17198,Golden_Potion_RG_Box,RG Golden Potion Box,Cash
17200,RG_Noble_Hat_Box,RG Noble Hat Box,Cash
17201,RG_Soft_Sheep_Hat_Box,RG Soft Sheep Hat Box,Cash
17202,Baksojin_Hat_Box,Baksojin Hat Box,Cash
17203,Free_Pass_Box,Free Pass Box,Usable
17204,Miraculous_Egg,Shining Egg,Cash
17205,Special_Po_Box,Poring's Special Box,Cash
17206,Battle_Manual_Limit_Box,Battle Manual Limit Box,Cash
17207,Idn_Heart_Scroll,Idn Heart Scroll,Usable
17209,Tw_Rainbow_Scroll,Tw Rainbow Scroll,Usable
17210,Tw_Red_Scroll,Tw Red Scroll,Usable
17211,Tw_Orange_Scroll,Tw Orange Scroll,Usable
17212,Tw_Yellow_Scroll,Tw Yellow Scroll,Usable
17224,Almighty_Box,Almighty Box,Cash
17226,C_Center_Pot_Box,Infinite Concentration Potion,Cash
17227,C_Awakening_Pot_Box,Infinite Awakening Potion,Cash
17228,C_Berserk_Pot_Box,Infinite Berserk Potion,Cash
17229,C_Wing_Of_Fly_Box,Unlimited Fly Wing 7 Day Box,Cash
17230,Valerian_Scroll,Valerian Egg,Cash
17231,Refine_Ore_Box3,Refining Ore Box,Cash
17232,Guarantee7_Box,Safe to 7 Certificate Box,Cash
17233,Scroll_Of_Death,Scroll Of Death,Usable
17234,Scroll_Of_Life,Scroll Of Life,Usable
17235,Scroll_Of_Magic,Scroll Of Magic,Usable
17236,Scroll_Of_Thews,Scroll Of Thews,Usable
17237,Scroll_Of_Darkness,Scroll Of Darkness,Usable
17238,Scroll_Of_Holiness,Scroll Of Holiness,Usable
17239,Horned_Scroll,Horned Scroll,Usable
17240,Mercury_Scroll,Mercury Scroll,Usable
17241,Amistr_Cap_Box,Amistir Cap Box,Usable
17242,Immortal_Egg,Immortal Egg,Cash
17244,Almighty_Box2,Event Almighty Box,Cash
17245,Idn_Independ_Scroll,Idn Independ Scroll,Cash
17246,HD_Elunium_Box30,HD Elunium Box(30),Cash
17247,HD_Oridecon_Box30,HD Oridecon Box(30),Cash
17251,C_Wing_Of_Fly_3Day_Box,C Wing Of Fly 3Day Box,Usable
17252,RWC_2012_Set_Box,RWC 2012 Set Box,Usable
17253,RWC_2012_Ring_Box,RWC 2012 Ring Box,Cash
17254,RWC_2012_Pendant_Box,RWC 2012 Pendant Box,Cash
17255,Sapphire_Egg,Sapphire Egg,Cash
17256,Good_Student_Gift_Box,Good Student Gift Box,Cash
17257,Bad_Student_Gift_Box,Bad Student Gift Box,Cash
17262,Ex_Def_Potion_Box,Special Defense Potion Box,Cash
17263,C_Center_Pot_3d_Box,3 days Infinite Concentration Potion Box,Cash
17264,C_Awakening_Pot_3d_Box,3 days Infinite Awakening Potion Box,Cash
17265,C_Berserk_Pot_3d_Box,3 days Infinite Berserk Potion Box,Cash
17266,BM_Limit_Pack,Battle Manual Limited Package,Cash
17270,STR_Biscuit_Stick_Box,Bar Cookie Of Strength Box,Cash
17271,VIT_Biscuit_Stick_Box,Bar Cookie Of Vitality Box,Cash
17272,AGI_Biscuit_Stick_Box,Bar Cookie Of Agility Box,Cash
17273,INT_Biscuit_Stick_Box,Bar Cookie Of Intellgence Box,Cash
17274,DEX_Biscuit_Stick_Box,Bar Cookie Of Dexterity Box,Cash
17275,LUK_Biscuit_Stick_Box,Bar Cookie Of Luck Box,Cash
17277,Unlimited_Box,Unlimited Box,Cash
17278,Unlimited_10_Box,Unlimited Set of 10 boxes,Cash
17279,Unlimited_20_Box,Unlimited 20 Set of Boxes,Cash
17281,Refine_Ore_Box4,Refining Ore Box IV,Cash
17282,Refine_Ore_Box4_Set10,Refining Ore Box IV (10),Cash
17283,Refine_Ore_Box4_Set20,Refining Ore Box IV (20 Sets),Cash
17284,E_Change_Name_Card_Box,Event: Change the name box,Cash
17285,E_New_Style_Box,Events Beauty Gift Box,Cash
17286,E_Cloth_Dye_Coupon_Box,Event: Clothes Dye Coupon Box,Cash
17287,E_Cloth_Dye_Coupon_Box2,Event: Clothes Dye Coupon Box II,Cash
17288,Customizing_Box,Customization Box,Cash
17289,Wing_Of_Baalzebub_Box,Beelzebub Wing Box,Usable
17290,Orleans_Full_Course_Box,Orleans Full Course Box,Cash
17292,Shadow_Box,Shadow Box,Cash
17293,Physical_S_Package,Shadow Physical Package,Cash
17294,Magical_S_Package,Shadow Magical Package,Cash
17298,Vigorgra_Package,Support Package,Cash
17299,Vigorgra_Package_Set,Support Package(10),Cash
17302,Shadow_Box2_Box,Shadow Box II,Cash
17303,Shadow_Box2_Set,Shadow Set Box II,Cash
17304,Neuralizer_Box_3,Neuralizer Box 3,Cash
17306,Status_Reset_Coupon_Box,Status Reset Coupon Box,Cash
17307,Midgard_Scroll,Midgard Egg,Cash
17308,Half_Asprika_Box_1,Half Asprika box1,Usable
17311,Half_Brynhild_Box_1,Half Brynhild box1,Usable
17314,C_Wing_Of_Fly_1Day_Box,Unlimited Fly Wing 1 Day Box,Cash
17315,Silvervine_Box10_,Lucky Silvervine Fruit Box (10),Cash
17316,Silvervine_Box110,Lucky Silvervine Fruit Box (110),Cash
17317,Sweet_Midgard_Scroll,Sweet Midgard Egg,Cash
17320,Brithday_IdRO10th_Scr,Birthday IdRO10th Scroll,Cash
17321,3_Life_Potion_pack,Three Master Package,Cash
17322,3_Life_Potion_10pack,Three Master Package(10),Cash
17326,Requiem_Scroll,Requiem Egg,Cash
17331,Almighty_Box3,Event Almighty Box,Cash
17332,Almighty100_Box,Event Almighty Box (100),Cash
17336,J_Shop_Coupon_Box,Cash Hair Coupon Box,Cash
17337,Holy_Spirit_Scroll,Holy Spirit Egg,Cash
17338,Refine_Ore_Box5,Ore Box V,Cash
17339,Refine_Ore_Box5_Set10,Ore Box V(10),Cash
17394,Old_Hat_Box_,[Event] Old Headgear Box,Usable
17396,Half_L_Maje_Box_1day,Half L Magestic Goat Box1,Usable
17397,Half_L_Maje_Box_7day,Half L Magestic Goat Box7,Usable
17398,Half_BF_Spear1_Box_1day,Half BF Spear1 Box1,Usable
17399,Half_BF_Spear1_Box_7day,Half BF Spear1 Box7,Usable
17400,Half_BF_Book2_Box_1day,Half BF Book2 Box1,Usable
17401,Half_BF_Book2_Box_7day,Half BF Book2 Box7,Usable
17402,Half_BF_Staff4_Box_1day,Half BF Staff4 Box1,Usable
17403,Half_BF_Staff4_Box_7day,Half BF Staff4 Box7,Usable
17404,Half_BF_Staff2_Box_1day,Half BF Staff2 Box1,Usable
17405,Half_BF_Staff2_Box_7day,Half BF Staff2 Box7,Usable
17406,Half_BF_Knuc1_Box_1day,Half BF Knuckle1 Box1,Usable
17407,Half_BF_Knuc1_Box_7day,Half BF Knuckle1 Box7,Usable
17408,Half_BF_Dag2_Box_1day,Half BF Dagger2 Box1,Usable
17409,Half_BF_Dag2_Box_7day,Half BF Dagger2 Box1s,Usable
17410,Half_BF_HuShu2_Box_1day,Half BF Huuma Shuriken2 Box1,Usable
17411,Half_BF_HuShu2_Box_7day,Half BF Huuma Shuriken2 Box7,Usable
17412,Half_BF_Sword1_Box_1day,Half BF Sword1 Box1,Usable
17413,Half_BF_Sword1_Box_7day,Half BF Sword1 Box7,Usable
17414,Half_Mjolnir_Box_1day,Half Mjolnir Box1,Usable
17415,Half_Mjolnir_Box_7day,Half Mjolnir Box7,Usable
17416,Half_BF_MStar1_Box_1day,Half BF Morning Star1 Box1,Usable
17417,Half_BF_MStar1_Box_7day,Half BF Morning Star1 Box1,Usable
17418,Half_BF_Bow1_Box_1day,Half BF Bow1 Box1,Usable
17419,Half_BF_Bow1_Box_7day,Half BF Bow1 Box7,Usable
17420,Half_BF_Katar2_Box_1day,Half BF Katar2 Box1,Usable
17421,Half_BF_Katar2_Box_7day,Half BF Katar2 Box7,Usable
17422,Half_BF_THAxe1_Box_1day,Half BF Two Handed Axe1Box1,Usable
17423,Half_BF_THAxe1_Box_7day,Half BF Two Handed Axe1Box7,Usable
17424,Half_BF_Rifle1_Box_1day,Half BF Rifle1 Box1,Usable
17425,Half_BF_Rifle1_Box_7day,Half BF Rifle1 Box7,Usable
17426,Half_BF_Shgun1_Box_1day,Half BF Shotgun1 Box1,Usable
17427,Half_BF_Shgun1_Box_7day,Half BF Shotgun1 Box7,Usable
17429,Shadow_Box3,11 Anniversary Shadow Box,Cash
17430,11th_S_Package,11 Anniversary Shadow Package,Cash
17431,Thanks_Giving_Scroll,Miracle Lucky Egg,Cash
17432,Silvervine_Box10_2,Lucky Silvervine Fruit Box II(10),Cash
17433,Silvervine_Box110_2,Lucky Silvervine Fruit Box II(110),Cash
17435,ID_Legend_hero_Scroll,Legend Hero Lucky Egg,Cash
17438,3_Life_Potion_pack2,Three Master Package II,Cash
17439,3_Life_Potion_10pack2,Three Master Package II(10),Cash
17440,LI_Change_Name_Box,Name Change Card Box,Cash
17441,LI_Boarding_Halter_Box,Halter Lead Box,Cash
17442,LI_Empelium_Box,Emperium G Box,Cash
17443,LI_Upg_Buckler_BOX,Reinforcement Buckler Box,Cash
17447,Blessing_Midgard_Scroll,Blessing Midgard Lucky Egg,Cash
17449,Biscuit_Stick_Set,Set Bar Cookies,Cash
17455,Premium_Book_Box,Premium Battle Manual Box,Cash
17456,Vigorgra_Package_v2,Support Package II,Cash
17457,Vigorgra_Package_Set_V2,Support Package II(10),Cash
17461,Costama_Egg18,Frozen Egg Costume,Cash
17464,Winter_Midgard_Scroll,Winter Midgard Egg,Cash
17465,Refine_Ore_Box6,Refine Ore Box VI,Cash
17466,Refine_Ore_Box6_Set10,Refine Ore Box VI 10 Set,Cash
17467,C_Siegfried_Box50,(Limited) Token of Ziegfried Box (50),Cash
17468,LI_Neuralizer_3Box,Neuralizer II Box (3),Usable
17469,LI_Neuralizer_1Box,Neuralizer I Box,Usable
17470,Costama_Egg19,Headgear Costume Scroll,Cash
17471,Spring_Festival_Scroll,Spring Festival Lucky Egg,Cash
17472,Vigorgra_Package_v3,Support Package III,Cash
17473,Vigorgra_Package_Set_V3,Support Package III(10),Cash
17474,C_Wing_Of_Fly_5Day_Box,Unlimited Fly Wing 5 Day Box,Cash
17475,LC_Max_Weight_Up_10Box,(Limited)Gym Membership Card Box (10),Cash
17477,Unlimited_Box2,Unlimited Box II,Cash
17478,Unlimited_10_Box2,Unlimited Box II(10),Cash
17479,Midgard_Fes_Scroll,Midgard Festival Egg,Usable
17481,Costama_Egg21,Flower Blossom Scroll,Cash
17482,Solaris_Festival_Scroll,Solaris Festival Scroll,Usable
17483,3_Life_Potion_pack3,Three Master Package III,Cash
17484,3_Life_Potion_10pack3,Three Master Package III(10),Cash
17490,Time_Travel_Scroll,Time Travel Lucky Egg,Usable
17491,Refine_Ore_Box7,Smelting Ore Box VII,Cash
17492,Refine_Ore_Box7_Set10,Smelting Ore Box VII(10),Cash
17493,Costama_Egg23,Burning Feather Costume Scroll,Cash
17494,Happy_Time_Scroll,Rise Midgard Lucky Egg,Cash
17495,Silvervine_Box10_3,Lucky Silvervine Fruit Box III(10),Cash
17496,Silvervine_Box110_3,Lucky Silvervine Fruit Box III(110),Cash
17497,Costama_Egg24,Seaside Costume Scroll,Cash
17498,3_Life_Potion_pack4,Three Master Package IV,Cash
17499,3_Life_Potion_10pack4,Three Master Package IV(10),Cash
17501,Vigorgra_Package_v4,Support Package IV,Cash
17502,Vigorgra_Package_Set_V4,Support Package IV(10),Cash
17507,Nyangvine_Box4,Kit Costume Box,Cash
17508,Nyangvine_Box10,Kitcoin Purse,Cash
17509,Nyangvine_Box40,Nyangvine 40 Box,Cash
17510,Refine_Ore_Box8,Smelting Ore Box VIII,Cash
17511,Refine_Ore_Box8_Set10,Smelting Ore Box VIII(10),Cash
17512,LI_HD_Elunium_Box30,(Limited)Purified Eluminium Box(30),Cash
17513,LI_HD_Oridecon_Box30,(Limited)Purified Oridecon Box(30),Cash
17515,Unlimited_Box3,Unlimited Box III,Cash
17516,Unlimited_10_Box3,Unlimited Box III(10),Cash
17517,Costama_Egg28,Animal Costume Scroll,Cash
17519,Epic_Heroes_Scroll,Epic Heroes Scroll,Cash
17520,Limit_Manual_Box,Limited Edition Manual Box,Cash
17521,3_Life_Potion_pack5,Three Master Package V,Cash
17522,3_Life_Potion_10pack5,Three Master Package V(10),Cash
17523,Costama_Egg29,Mystical Costume Scroll,Cash
17524,Limit_Power_Booster_Box,Limited Power Booster Box,Cash
17525,Limit_Power_Booster100,Limited Power Booster Box(100),Cash
17526,Majestic_Lucky_Scroll,Majestic Lucky Egg,Cash
17527,Nyangvine_Box200,Silvervine Cat Fruit Box(200),Cash
17532,Blessing_Lucky_Scroll,Blessing Lucky Egg,Cash
17544,Refine_Ore_Box9,Refining Ore Box IX,Cash
17545,Refine_Ore_Box9_Set10,Refining Ore Box IX (10),Cash
17547,2015LI_NeuralizerBox,(Limited)2015 Neuralizer Box,Usable
17548,2015LI_S_R_C_Box,(Limited)2015 Status Initialization Volume Box,Usable
17549,LI_HD_BradiumBox30,(Limited)High Density Bradium Box (30),Usable
17550,LI_HD_CarniumBox30,(Limited)High Density Kalunium Box (30),Usable
17552,Garnet_Lucky_Scroll,Garnet Lucky Egg,Cash
17567,Almighty_Box4,Event Almighty Box,Cash
17568,Almighty100_Box2,Event Almighty Box (100),Cash
17569,Dun_Voucher_Box1,Sky Fortress Ticket 1 Hour Box,Usable
17570,Dun_Voucher_Box2,Sky Fortress Ticket 3 Hours Box,Usable
17572,Erzulie_Lucky_Scroll,Erzulie Lucky Egg,Cash
17573,Nyangvine_Box10_,Lucky Silvervine Cat Fruit Box (10),Cash
17574,Nyangvine_Box100,Lucky Silvervine Cat Fruit Box (100),Cash
17575,Service30_M_01_Box,Edward Zonda Owner Box,Cash
17576,Service30_F_01_Box,Elysee Zonda Owner Box,Cash
17582,3_Life_Potion_pack6,Three Master Package IV,Cash
17583,3_Life_Potion_10pack6,Three Master Package IV (10),Cash
17584,Venus_Lucky_Scroll,Venus Lucky Egg,Cash
17586,Refine_Ore_Box10,Smelting Ore Box X,Cash
17587,Refine_Ore_Box10_Set10,Smelting Ore Box X (10),Cash
17588,Amora_Lucky_Scroll,Amora Lucky Egg,Cash
17590,Service30P_M_01_Box,Edward Zonda Service Box,Cash
17591,Service30P_F_01_Box,Elysee Zonda Owner EX Box,Cash
17592,Vigorgra_Package_v5,Cheer Up Package V,Cash
17593,Vigorgra_Package_Set_V5,Cheer Up Package V (10),Cash
17598,Sograt_Lucky_Scroll,Sograt Lucky Scroll,Cash
17599,C_Greed_1Hour_Box,Endless Greed Scroll Box (1h),Cash
17600,C_CatPaw_1Day_Box,Infinite Cat's Hand Ticket Box (1 day),Cash
17601,Unlimited_Box4,Unlimited Box IV,Cash
17602,Unlimited_10_Box4,Unlimited Box IV (10),Cash
17607,Sanctuary_Lucky_Scroll,Sanctuary Lucky Egg,Cash
17608,C_Giant_Fly_1Day_Box,Infinite Giant Fly Wing Box 1Day,Cash
17609,Refine_Ore_Box11,Refine Ore Box XI,Cash
17610,Refine_Ore_Box11_Set10,Refine Ore Box XI(10),Cash
17613,Chronosian_Lucky_Scroll,Chronosian Lucky Egg,Cash
17616,3_Life_Potion_pack7,Three Master Package VII,Cash
17617,3_Life_Potion_10pack7,Three Master Package VII (10),Cash
17628,Cyborg_Lucky_Scroll,Cyborg Lucky Egg,Cash
17631,Almighty_Plus_Box,Almighty Plus Box,Cash
17632,Almighty100_PlusBox,Almighty Plus Box (10),Cash
17633,Undine_Lucky_Scroll,Undine Lucky Egg,Cash
17639,Limit_Power_Booster2,Limited Power Booster Box 2,Cash
17640,LimitPowerBooster2_100,Limited Power Booster Box 2 (100),Cash
17646,LC_Boarding_Halter_Box,Halter Lead Box,Cash
17648,Smithy_Lucky_Scroll,Smithy Lucky Egg,Cash
17650,Refine_Ore_Box12,Refining Ore Box XII,Cash
17651,Refine_Ore_Box12_Set10,Refining Ore Box XII (10),Cash
17659,Ganymede_Lucky_Scroll,Ganymede Lucky Egg,Cash
17662,Vigorgra_Plus_Package,Cheer Up Plus Package,Cash
17663,Vigorgra_Plus_Set,Cheer Up Plus Package (10),Cash
17665,LastAngel_LuckyScroll,LastAngel LuckyScroll,Cash
17668,3_Life_Potion_pack8,Three Master Package VIII,Cash
17669,3_Life_Potion_10pack8,Three Master Package VIII (10),Cash
17671,Valkyrie_Lucky_Scroll,Valkyrie Lucky Egg,Cash
17672,Unlimited_Box5,Unlimited Box V,Cash
17673,Unlimited_10_Box5,Ultimate Box V (10),Cash
17674,Rainbow_Lucky_Scroll,Splash Rainbow Lucky Egg,Cash
17675,Refine_Ore_Box13,Refining Ore Box XIII,Cash
17676,Refine_Ore_Box13_Set10,Refining Ore Box XIII (10),Cash
17677,HD_Refine_Ore_Box,HD Refining Ore Box,Cash
17681,Midgard_Lucky_Scroll,Midgard Lucky Scroll,Cash
17683,Nyangvine_Box10_2,Lucky Silvervine Cat Fruit Box II (10),Cash
17684,Nyangvine_Box100_2,Lucky Silvervine Cat Fruit Box II (100),Cash
17689,AID_Buff_Box,Premium Buff Box,Cash
17690,Vigorgra_Plus_Package2,Cheer Up Plus Package II,Cash
17691,Vigorgra_Plus_Set2,Cheer Up Plus Package II (10),Cash
17692,June_Lucky_Scroll,Blessing Scarlet Egg,Cash
17712,3_Life_Potion_pack9,Three Master Package IX,Cash
17713,3_Life_Potion_10pack9,Three Master Package IX (10),Cash
17716,Refine_Ore_Box14,Refining Ore Box XIV,Cash
17717,Refine_Ore_Box14_Set10,Refining Ore Box XIV (10),Cash
17718,HD_Refine_Ore_Box2,HD Refining Ore Box II,Cash
17726,Almighty_Plus_Box2,Almighty Plus Box II,Cash
17727,Almighty100_PlusBox2,Almighty Plus Box II (10),Cash
17742,DEF_Scroll_Box,Defense Scroll Box,Cash
17743,DEF_Scroll_Box_Set,Defense Scroll Box (10),Cash
17748,Limit_Power_Booster3,Limited Power Booster 3,Cash
17749,LimitPowerBooster3_100,Limited Power Booster 3 (100),Cash
17756,HD_High_Refine_Box,HD Refine Ore Box,Cash
17759,Refine_Ore_Box15_Set10,Refine Ore XV Box (10),Cash
17760,Refine_Ore_Box15,Refine Ore XV Box,Cash
17761,HD_Refine_Ore_Box3,HD Refine Ore Box III,Cash
17764,Vigorgra_Plus_Package3,Cheer Up Plus Package III,Cash
17765,Vigorgra_Plus_Set3,Cheer Up Plus Package III (10),Cash
17766,C_CatPaw_7Day_Box,Infinite Cat's Hand Ticket Box (7 days),Cash
17774,Almighty_Plus_Box3,Almighty Plus Box III,Cash
17775,Almighty100_PlusBox3,Almighty Plus Box III (10),Cash
17776,3_Life_Potion_pack10,Three Master Package X,Cash
17777,3_Life_Potion_10pack10,Three Master Package X (10),Cash
17780,Cash_Can_Box,Cash Can Box,Cash
17783,Unlimited_10_Box6,Unlimited Box VI (10),Cash
17784,Unlimited_Box6,Unlimited Box VI,Cash
17792,Refine_Ore_Box16,Refining Ore Box XVI,Cash
17793,Refine_Ore_Box16_Set10,Refining Ore Box XVI (10),Cash
17794,HD_Refine_Ore_Box4,HD Refining Ore Box IV,Cash
17795,HD_High_Refine_Box2,HD Refine Ore Box II,Cash
17799,DEF_Scroll_Box2,Defense Scroll Box II,Cash
17800,DEF_Scroll_Box_Set2,Defense Scroll Box II (10),Cash
17832,3_Life_Potion_pack11,Three Master Package XI,Cash
17833,3_Life_Potion_10pack11,Three Master Package XI (10),Cash
17881,RTC_Anniv_Box,2017 Ragnarok RTC Participaton Box,Cash
17882,Refine_Ore_Box17_Set10,Refining Ore Box XVII (10),Cash
17883,Refine_Ore_Box17,Refining Ore Box XVII,Cash
17884,HD_Refine_Ore_Box5,HD Refining Ore Box V,Cash
17885,HD_High_Refine_Box3,HD Refine Ore Box III,Cash
17886,Infinity_Box,Infinity Box,Cash
17887,Infinity_10_Box,Infinity Box (10),Cash
17888,Comp_Kafra_Card_Box,[Not For Sale] Kafra Card Box (10),Cash
17894,New_Vigorgra_Package,New Cheer Up Package,Cash
17895,New_Vigorgra_Set,New Cheer Up Package (10),Cash
17901,LimitPowerBooster4_100,Limited Power Booster IV (100),Cash
17902,Limit_Power_Booster4,Limited Power Booster IV,Cash
17914,2017_GStar_CostumeBox,G-STAR 2017 Ragnarok Memorial Box,Cash
17920,Zero_Merchant_Bell_Box,Tool Dealer Bell Box,Cash
17921,Zero_Kafra_Bell_Box,Kafra Storage Bell Box,Cash
17923,Refine_Ore_Box18,Refining Ore Box XVIII,Cash
17924,Refine_Ore_Box18_Set10,Refining Ore Box XVIII (10),Cash
17925,HD_Refine_Ore_Box6,HD Refining Ore Box VI,Cash
17926,HD_High_Refine_Box4,HD Refine Ore Box IV,Cash
17935,New_3_Potion_pack,New Three Master Package,Cash
17936,New_3_Potion_10pack,New Three Master Package (10),Cash
17940,Nyangvine_Box10_3,Lucky Silvervine Cat Fruit Box III (10),Cash
17941,Nyangvine_Box100_3,Lucky Silvervine Cat Fruit Box III (100),Cash
17944,Almighty_Plus_Box4,Almighty Plus Box IV,Cash
17945,Almighty100_PlusBox4,Almighty Plus Box IV (10),Cash
17948,Refine_Ore_Box19_Set10,Refining Ore Box XIX (10),Cash
17949,Refine_Ore_Box19,Refining Ore Box XIX,Cash
17950,HD_Refine_Ore_Box7,HD Refining Ore Box VII,Cash
17951,HD_High_Refine_Box5,HD Refine Ore Box V,Cash
17959,DEF_Scroll_Box3,Defense Scroll Box III,Cash
17960,DEF_Scroll_Box_Set3,Defense Scroll Box III (10),Cash
17961,3_Life_Potion_pack12,Three Master Package XII,Cash
17962,3_Life_Potion_10pack12,Three Master Package XII (10),Cash
17967,Infinity_Box2,Infinity Box II,Cash
17968,Infinity_10_Box2,Infinity Box II 10 sets,Cash
17969,A_Vigorgra_Set,Cheer Up Package (10),Cash
17970,A_Vigorgra_Package,Cheer Up Package,Cash
17971,A_3_Life_Potion_10pack,Life Potion Sampler 10 Crate,Cash
17972,A_3_Life_Potion_pack,Life Potion Sampler Crate,Cash
17973,A_Almighty100_Box,Almighty package 10set,Cash
17974,A_Almighty_Box,Almighty package,Cash
17975,A_Refine_Ore_Box_Set,Enriched ore package 10 set,Cash
17976,A_Refine_Ore_Box,Enriched ore package set,Cash
17977,A_HD_Refine_Ore_Box,HD ore package,Cash
17978,A_HD_High_Refine_Box,High density ore package,Cash
17979,A_LimitPowerBooster_100,Limit Power Booster Package 10 set,Cash
17980,A_LimitPowerBooster,LimitPowerBooster package,Cash
17981,A_Infinity_10_Box,Infinity Drink 200 Box,Cash
17982,A_Infinity_Box,Infinity Drink 20 Box,Cash
17983,A_DEF_Scroll_Box_Set,Defense Scroll Box (10),Cash
17984,A_DEF_Scroll_Box,Defense Scroll Box,Cash
17985,A_Unlimited_10_Box,Unlimited Box (10),Cash
17986,A_Unlimited_Box,Unlimited Box,Cash
17999,Inventory_Ex_Box,Inventory Expansion Voucher Box(1),Cash
22507,ShabbyOldScroll,Old Scroll,Usable
22508,Para_Team_Mark_,Eden Group Mark,Usable
22510,WolfKing_Scroll,King Wolf Scroll,Usable
22511,Fenrir_Card__,Fenrir's Power Scroll,Usable
22513,Kings_Gift,King of Gift Box,Usable
22514,Candy_Holder,Candy Holder,Usable
22515,Key_Of_Twisted_Time,Twisted Key of Time,DelayConsume
22516,Dark_Red_Clot,Black As Night Piece,Usable
22517,Loki_Summon_Scroll,Rocker Summoning Scroll,Usable
22518,Idn_Wisdom_Egg,Egg Of Wisdom,Cash
22521,80LVUP,Level Up Box (80),Usable
22522,100LVUP,Level Up Box (100),Cash
22523,120LVUP,Level Up Box (120),Cash
22524,130LVUP,Level Up Box (130),Cash
22525,140LVUP,Level Up Box (140),Cash
22526,150LVUP,Level Up Box (150),Cash
22527,160LVUP,Level Up Box (160),Cash
22528,Pet_Ticket_Box,Pet Exchange Ticket Box,Usable
22529,Shadow_Mix_Recipe,Shadow Exchange SynthesisBox,DelayConsume
22530,Christmas_Box,Christmas Box,Cash
22531,Special_Christmas_Box,Special Christmas Box,Cash
22532,Santa_Gift,Santa Gift,Cash
22533,New_Year_Gift_Box,New Year Gift Box,Usable
22534,Closedmind_Box,Closed Mind Box,Cash
22535,WorkerScroll_A,Scroll Summoning Workers(Male),Usable
22536,WorkerScroll_B,Scroll Summoning Workers(Female),Usable
22537,PrizeOfHero,Prize Of Hero,Usable
22538,Hanbok_bag,Hanbok bag,Usable
22539,Made_Dish_Box2,Special Box of Cooked Dishes,Usable
22540,Runstone_Lux,Lux Anima Runestone,DelayConsume
22541,PCBang_Coupon_Box6,PC Room Coupon Box VI,Usable
22542,Center_Potion_B,[Not For Sale] Concentration Potion,Usable
22543,Berserk_Potion_B,[Not For Sale] Berserk Potion,Usable
22544,Awakening_Potion_B,[Not For Sale] Awakening Potion,Usable
22545,Speed_Up_Potion_B,Speed Potion,Usable
22546,Slow_Down_Potion_B,Slow Potion,Usable
22547,Anodyne_B,Anti-Payne Moment,Usable
22548,Water_Of_Darkness_B,Wed Cursed,Usable
22549,Poison_Bottle_B,Poison Bottle,Usable
22550,Cookie_Bag_B,Cookie Bag,Usable
22551,Sesame_Pastry_B,Teacake,Usable
22552,Honey_Pastry_B,Fried Pastry,Usable
22553,Rainbow_Cake_B,Rainbow Bread,Usable
22554,First_Aid_Kit_B,First Aid Box,Usable
22555,HQ_Chocolate,Gourmet Chocolate,Healing
22556,LuxuryChocolate,Luxury Chocolate,Healing
22557,ArtisanChocolate,Masterpieces of Artisan Chocolate,Healing
22558,Lucky_Bag,Lucky Bag,Usable
22559,Mock_Strawberry,Mock Strawberry,DelayConsume
22563,Lucky_Bag_Of_New_Era,Lucky Bag Of New Era,Usable
22566,Frost_Crystal,Last Year's Frost,Usable
22567,Squad_Prize,Expedition Award Box,Usable
22568,Nyd_Summon_Scroll,Nidhoggur Summon Scroll,Usable
22569,Kings_Gift2,Gift New start,Usable
22571,Easter_Egg,Easter Egg,DelayConsume
22592,Happy_Call_Box,Happy Call Box,Usable
22605,Gingerbread2,Ginger Bread,Usable
22610,Beginning_Box,New Beginnings Box,Usable
22611,Packing_Envelope,Packed Envelope,Usable
22612,Decomposition_Potion,Corrupt Reagents,DelayConsume
22613,Polluted_Potion,Contaminated Reagents,DelayConsume
22614,Premium_Manual,Premium Manual,Usable
22617,ClearBox_S,Clear Box S,Usable
22618,ClearBox_A,Clear Box A,Cash
22619,Ghost_Summon_Scroll,Ghost Scroll,Usable
22620,Memorial_Box,Memorial Box,Usable
22621,Squid_Bbq,Barbecued Squid,Usable
22623,Beginning_Box2,New Start Box,Cash
22624,Riesen_Bretzel,Riesen Bretzel,Healing
22625,Oktoberfest_Bag,Oktoberfest Bag,Usable
22626,JanuaryGiftBox_,January Gift Box,Usable
22627,FebruaryGiftBox_,February Gift Box,Usable
22628,Green_Package,Green Package,Cash
22629,Green_Package40,Green Package 40,Cash
22630,Green_Package80,Green Package 80,Cash
22631,Green_Package99,Green Package 99,Cash
22640,17173_Green_Package,Green Package,Cash
22641,17173_Green_Package40,Green Package 40,Cash
22642,17173_Green_Package80,Green Package 80,Cash
22643,17173_Green_Package99,Green Package 99,Cash
22644,S_Green_Package,Green Package,Cash
22645,S_Green_Package40,Green Package 40,Cash
22646,S_Green_Package80,Green Package 80,Cash
22647,S_Green_Package99,Green Package 99,Cash
22648,Angeling_Package,Angeling Package,Usable
22649,Deviling_Package,Deviling Package,Usable
22652,Brilliant_Hat_Box,Brilliant Hat Box,Usable
22653,Wet_CardAlbum,Wet Card Album,Usable
22654,Golden_Card,Golden Seal Card,Usable
22657,Honey_Rice_Cake_,Honey Songpyun,Healing
22658,BraisedShortRibs,Cow Steamed Ribs,Healing
22659,BraisedSpareribs,Pig Steamed Ribs,Healing
22660,Sealed_Letter,Sealed Envelope,Usable
22668,Guyak_Pudding_20_Box,Guyak Pudding Box,Usable
22669,HALLOWEEN_G_BOX,Halloween Box,Usable
22670,DARK_INVITATION,Invitation of Darkness,Usable
22671,MarchGiftBox_,March Gift Box,Usable
22672,AprilGiftBox_,April Gift Box,Usable
22673,MayGiftBox_,May Gift Box,Usable
22674,JuneGiftBox_,June Gift Box,Usable
22675,Mystery_Scroll,Mysterious Scroll,Usable
22676,HangulDay_Box,Hangul Day Event Box,Usable
22679,Chest_Of_Death,Death's Chest,Usable
22685,Solo_Christmas_Gift,Single Union Christmas Gift,Usable
22686,Solo_Cookie,Single Cookie,Healing
22687,Pieces_Of_Sentiment,Sentimental Fragment,DelayConsume
22691,Piece_Of_Record1,Record Fragment,Healing
22692,Piece_Of_Record2,Record Fragment,Healing
22693,Piece_Of_Record3,Record Fragment,Healing
22694,Piece_Of_Record4,Record Fragment,Healing
22695,Piece_Of_Record5,Record Fragment,Healing
22699,Test_Reagent,Test Reagent,Usable
22700,Jumping_Kit_Box,Jumping Support Box,Usable
22701,Pegasus_Cotton_Candy,Pegasus Cotton Candy,Usable
22702,Minus_Str,STR Reduction Potion,DelayConsume
22703,Minus_Agi,AGI Reduction Potion,DelayConsume
22704,Minus_Vit,VIT Reduction Potion,DelayConsume
22705,Minus_Int,INT Reduction Potion,DelayConsume
22706,Minus_Dex,DEX Reduction Potion,DelayConsume
22707,Minus_Luk,LUK Reduction Potion,DelayConsume
22708,Pitapat_Box,Thrilling Box,Usable
22721,Question_Box,? Box,Usable
22734,QuizRevol_Box,Revolution Quiz Box,Cash
22735,Sealed_M_Flower_Scroll,Sealed Moonlight Flower Scroll,Usable
22736,JulyGiftBox_,July Gift Box,Usable
22737,Bullet_Case_Blood_,Bloody Cartridge,Usable
22738,Bullet_Case_Silver_,Silver Cartridge,Usable
22739,Sphere_Case_Wind_,Lightning Sphere Pack,Usable
22740,Sphere_Case_Darkness_,Blind Sphere Pack,Usable
22741,Sphere_Case_Poison_,Poison Sphere Pack,Usable
22742,Sphere_Case_Water_,Freezing Sphere Pack,Usable
22743,Sphere_Case_Fire_,Flare Sphere Pack,Usable
22744,Bullet_Case_AP,Armor-Piercing Cartridge,Usable
22745,Bullet_Case_Blaze,Incandescence Shot Cartridge,Usable
22746,Bullet_Case_Fleeze,Glaciation Shot Cartridge,Usable
22747,Bullet_Case_Electric,Dengeki Shot Cartridge,Usable
22748,Bullet_Case_Stone,Hearthstone Shot Cartridge,Usable
22749,Sanctified_Bullet_Case,Purification Shot Cartridge,Usable
22750,Trans_Scroll_Sca,Transformation Scroll(Horn Scaraba),Usable
22751,Trans_Scroll_Wander,Transformation Scroll(Wanderer),Usable
22752,Trans_Scroll_Gazeti,Transformation Scroll(Gazeti),Usable
22753,Trans_Scroll_Karcher,Transformation Scroll(Kobold Archer),Usable
22754,Trans_Scroll_Necro,Transformation Scroll(Necromancer),Usable
22755,Trans_Scroll_Wghost,Transformation Scroll(Wind Ghost),Usable
22756,AugustGiftBox_,August Gift Box,Usable
22757,Matk_Trans_Scroll,Collection Of Scrolls Magical Transformation,Cash
22758,Ratk_Trans_Scroll,Collection Of Scrolls Shooting Transformation,Cash
22759,Aspd_Trans_Scroll,Collection Of Scrolls Attack Speed Transformation,Cash
22760,Argiope_CaptureBox,Argiope Transportin,Usable
22761,LuciolaVespa_CaptureBox,Luciola Vespa Transportin,Usable
22762,Centipede_CaptureBox,Centipede Transportin,Usable
22764,PetTradeTicket_Box,Pet Exchange Ticket Box,Usable
22770,Shark_Skewered,Shark Skewer,Healing
22771,Tuna_Skewered,Bluefin Tuna Skewer,Healing
22772,Snapper_Skwered,Sea Bream Skewer,Healing
22773,Piranha_Skewered,Piranha Skewer,Healing
22774,Salmon_Skewered,Salmon Skewer,Healing
22775,Eel_Skewered,Eels Skewer,Healing
22776,Carp_Skewered,Carp Skewer,Healing
22777,BuffGiftBox,Gift Buff Set,Usable
22781,PC_NomalBox,PC Bang Normal Box,Usable
22782,PC_WoodenBox,PC Bang Wooden Box,Usable
22783,PC_GoldenBox,PC Bang Golden Box,Usable
22784,PC_PlatinumBox,PC Bang Platinum Box,Usable
22808,NoviceBox,Special Gift Box,Usable
22812,Sealed_Dracula_Scroll,Sealed Dracula Scroll,Usable
22813,Bearers_Shadow_Box,Bearer's Shadow Box,Usable
22814,CatPaw_Ticket,Cat Hand Ticket,Usable
22816,G_Mysterious_Water,True Mysterious Life Potion,Usable
22817,G_Small_Life_Potion,True Small Life Potion,Usable
22818,G_Med_Life_Potion,True Medium Life Potion,Usable
22819,G_Almighty,True Almighty,Usable
22820,G_ASPD_Potion,True Enhanced ASPD Potion,Usable
22821,G_Red_Booster,True Red Booster,Usable
22822,SW_Wear2014,Summer Vacation Costumes,Usable
22823,Sealed_B_Shecil_Scroll,Sealed Sniper Scroll,Usable
22825,Costume_Set1_Kr,Heidam Fellow,Usable
22826,Enchant_Stone_Box4,Costume Enchant Stone Box 4,Usable
22827,Shadow_Cube,Shadow Cube,Usable
22828,Sealed_Scroll,Sealed Album Scroll,Usable
22829,Sealed_Card,Sealed Card Album,Usable
22837,Essence_Of_Time,Integer Time,Usable
22838,Something_Candy_Holder,Something Candy Holders,Usable
22839,Happy_Box_J,Happy Box,Usable
22841,Pumpkin_Candy,Pumpkin Candy,Usable
22842,Sealed_Dracula_Scroll2,Sealed Dracula Scroll II,Usable
22843,superstar_cake,Superstar Snack,Usable
22844,Sealed_Dracula_Album,Sealed Dracula Card Album,Usable
22845,Sealed_Mysterious_Egg,Sealed Fortune Egg,Usable
22846,Sealed_Dracula_Card_,Sealed Dracula Card,Usable
22847,BadgeOfProntera,Prontera Badge,Usable
22848,KeysPrison,Prison Key,Usable
22849,P_Temporal_Crystal,Prontera Time Crystal,Usable
22850,JanuaryGiftBox,January Gift Box,Usable
22851,FebruaryGiftBox,February Gift Box,Usable
22852,MarchGiftBox,March Gift Box,Usable
22853,AprilGiftBox,April Gift Box,Usable
22854,MayGiftBox,May Gift Box,Usable
22855,JuneGiftBox,June Gift Box,Usable
22856,JulyGiftBox,July Gift Box,Usable
22857,AugustGiftBox,August Gift Box,Usable
22858,SeptemberGiftBox,September Gift Box,Cash
22859,OctoberGiftBox,October Gift Box,Usable
22860,NovemberGiftBox,November Gift Box,Usable
22861,DecemberGiftBox,December Gift Box,Usable
22868,Enchant_Stone_Box5,Costume Enchant Stone Box 5,Usable
22869,LuckyRouletteTickets,Lucky Roulette Ticket,Usable
22870,Xmas_Package_14,Christmas Package,Usable
22873,Sealed_Berz_Scroll2,Sealed Beelzebub Scroll II,Usable
22874,Sealed_Berz_Album,Sealed Beelzebub Card Album,Usable
22876,Shabby_Purse,Old Money Pocket,Usable
22881,Binding_Rope,Rope Gallows,Usable
22882,Choco_Tteokguk,Chocolate Rice Cake Soup,Usable
22883,SeptemberGiftBox_,September Gift Box,Usable
22884,OctoberGiftBox_,October Gift Box,Usable
22885,NovemberGiftBox_,November Gift Box,Usable
22886,DecemberGiftBox_,December Gift Box,Usable
22887,2015GoldPCBox,Gold PC Cafe Box,Usable
22888,2015_New_Year_Scroll,New Year's Scroll,Usable
22893,New_Year_Shadow_Cube,New Year Shadow Cube,Usable
22894,2015LI_Neuralizer,(Limited)2015 Neuralizer,Usable
22895,2015LI_R_S_C,(Limited)2015 Status Initialization Volume,Usable
22896,2015LI_R_S_C_,(Limited)Old Status Initialization Volume,Usable
22899,DowntownMap,Parchment City,DelayConsume
22901,BlueboxOfQuestions,Mysterious Blue Box,Usable
22902,Sealed_Scroll2,Sealed Seal Scroll II,Usable
22905,Enchant_Stone_Box6,Costume Enchant Stone Box 6,Usable
22906,Sealed_Scroll3,Sealed Seal Scroll III,Usable
22907,Service30_M_01_Call,Edward Zonda Calling Bell,Usable
22908,Service30_F_01_Call,Elysee Zonda Calling Bell,Usable
22909,Weapon_5Up_Box,+5 Weapon Upgrade Certificate,Usable
22910,Weapon_6Up_Box,+6 Weapon Upgrade Certificate,Usable
22911,Weapon_7Up_Box,Weapon +7 Refine Ticket,Usable
22912,Weapon_8Up_Box,Weapon +8 Refine Ticket,Usable
22913,Weapon_9Up_Box,Weapon +9 Refine Ticket,Usable
22914,Bubble_Gum_24h,Bubble Gum 24h,Usable
22915,Weapon_11Up_Box,Weapon +11 Refine Ticket,Usable
22916,Weapon_12Up_Box,Weapon +12 Refine Ticket,Usable
22917,Weapon_13Up_Box,+13 Weapon Upgrade Certificate,Usable
22918,Weapon_14Up_Box,+14 Weapon Upgrade Certificate,Usable
22919,Weapon_15Up_Box,+15 Weapon Upgrade Certificate,Usable
22920,Weapon_16Up_Box,+16 Weapon Upgrade Certificate,Usable
22921,Weapon_17Up_Box,+17 Weapon Upgrade Certificate,Usable
22922,Weapon_18Up_Box,+18 Weapon Upgrade Certificate,Usable
22923,Weapon_19Up_Box,+19 Weapon Upgrade Certificate,Usable
22924,Armor_5Up_Box,+5 Armor Upgrade Certificate,Usable
22925,Armor_6Up_Box,+6 Armor Upgrade Certificate,Usable
22926,Armor_7Up_Box,Armor +7 Refine Ticket,Usable
22927,Armor_8Up_Box,Armor +8 Refine Ticket,Usable
22928,Armor_9Up_Box,Armor +9 Refine Ticket,Usable
22929,Job_Manual25_24h,Job Battle Manual 24h,Usable
22930,Armor_11Up_Box,Armor +11 Refine Ticket,Usable
22931,Armor_12Up_Box,Armor +12 Refine Ticket,Usable
22932,Armor_13Up_Box,+13 Armor Upgrade Certificate,Usable
22933,Armor_14Up_Box,+14 Armor Upgrade Certificate,Usable
22934,Armor_15Up_Box,+15 Armor Upgrade Certificate,Usable
22935,Armor_16Up_Box,+16 Armor Upgrade Certificate,Usable
22936,Armor_17Up_Box,+17 Armor Upgrade Certificate,Usable
22937,Armor_18Up_Box,+18 Armor Upgrade Certificate,Usable
22938,Armor_19Up_Box,+19 Armor Upgrade Certificate,Usable
22943,Armor_10Up_Box,Armor +10 Refine Ticket,Usable
22944,Weapon_10Up_Box,Weapon +10 Refine Ticket,Usable
22945,Cherry_Blossom_Cake,Cherry Blossom Rice Cake,Usable
22946,Status_Decrease_Scroll,Stats Reduction Scroll,Usable
22947,Minus_Str_Box,Strength Soul Potion Box,Cash
22948,Minus_Agi_Box,Agility Soul Potion Box,Cash
22949,Minus_Vit_Box,Vitality Soul Potion Box,Cash
22950,Minus_Int_Box,Intelligence Soul Potion Box,Cash
22951,Minus_Dex_Box,Dexterity Soul Potion Box,Cash
22952,Minus_Luk_Box,Lucky Soul Potion Box,Cash
22953,Enchant_Stone_Box7,Costume Enchant Stone Box 7,Usable
22971,Mad_Bunny_Scroll,Mad Bunny Scroll,Usable
22972,Sealed_Hat_Box,Sealed Hat Box I,Usable
22973,Shadow_Cube_Weapon,Shadow Cube (Weapon),Usable
22974,Shadow_Cube_Armor,Shadow Cube (Armor),Usable
22975,Shadow_Cube_Shield,Shadow Cube (Shield),Usable
22976,Shadow_Cube_Shoes,Shadow Cube (Shoes),Usable
22977,Shadow_Cube_Pendant,Shadow Cube (Pendant),Usable
22978,Shadow_Cube_Earing,Shadow Cube (Earing),Usable
22979,Comp_Battle_Bubble,[Sale] Battle Manual and Bubble Gum,Usable
22980,InfinityD_ReturnScroll,Return of Infinite Dungeon,Usable
22982,Service30P_M_01_Call,Edward Zonda Owner EX,Usable
22983,Service30P_F_01_Call,Elysee Zonda Owner EX,Usable
22984,Dr_Life_Potion_01,Kahluna Milk,Healing
22985,Dr_Life_Potion_02,Basil,Healing
22988,Sealed_Hat_Box2,Sealed Hat Box II,Usable
22989,Improved_NomalBox,Improved PC Cafe Normal Box,Usable
22991,Soccer_Cake,Soccer Cake,Usable
22996,Comp_Neuralizer,[Gift] Neuralizer,Usable
22997,C_Greed_Scroll,Endless Greed Scroll,DelayConsume
22998,C_CatPaw_Ticket,Infinite Cat Hand Ticket,DelayConsume
22999,Comp_Trans_Scroll,[Event] Transformation Pack,Usable
23001,Enchant_Stone_Box8,Costume Enchant Stone Box 8,Usable
23007,Improved_WoodenBox,Improved PC Cafe Wooden Box,Usable
23008,AID_Bubble_Gum_24h,[24H] Bubble Gum,Usable
23010,AID_Manual_24h,[24H] Battle Manual,Usable
23011,AID_Insurance_24h,[24H] Life Insurance,Usable
23012,Comp_Small_Mana_Potion,[Not For Sale] Small Mana Potion,Usable
23013,Improved_GoldenBox,Improved PC Cafe Golden Box,Usable
23014,Improved_PlatinumBox,Improved PC Cafe Platinum Box,Usable
23015,Red_Slim_Pot_Box,Red Slim Potion Box,Usable
23016,Pieces_Of_Grudge,Cursed Fragment,Usable
23021,13thCelebrateBox,15th Anniversary Box,Usable
23022,CrossEventBox,Cross Event Box,Usable
23023,C_Giant_Fly_Wing,Infinite Giant Flywing,DelayConsume
23024,Piamette_Scroll,Piamette Scroll,Usable
23025,Pope_Merc_Scroll,Pope Mercenary Scroll,Usable
23026,CasualPope_Merc_Scroll,Casual Pope Mercenary Scroll,Usable
23027,Dandelion_Ring,Dandelion Ring,Usable
23028,Capture_Rope,Capture Rope,Usable
23029,Cowlick_Box,Ponytail Gift Box,Usable
23030,Straight_Pony_Box,Straight Pony Gift Box,Usable
23031,Loose_Wave_Twin_Box,Loose Wave Twintail Gift Box,Usable
23032,Minus_Status_Box,Stats Soul Potion Box,Usable
23033,Invisible_Box,Invisible Box,Usable
23034,Invisible_Scroll,Invisible Scroll,Usable
23036,Pope_Merc_Scroll2,Pope Mercenary Scroll,Usable
23037,CasualPope_Merc_Scroll2,Casual Pope Mercenary Scroll,Usable
23038,White_Slim_Potion_Box_,[Sale] Slim White Potion Box,Usable
23039,Mastela_Fruit_Box_,[NotForSale] Mastela Fruit Box,Usable
23040,White_Potion_Box_,[NotForSale] White Potion Box,Usable
23041,Royal_Jelly_Box2_,[NotForSale] Royal Jelly Box,Usable
23042,Seed_Of_Yggdrasil_,[Not For Sale] Yggdrasil Seed,Healing
23043,Yggdrasil_Seed_Box_,[Sale] Yggdrasil Seed Box,Usable
23044,Elvira_Candy,Elvira Candy,Usable
23045,Mont_Blanc_Cake,Mont Blanc,DelayConsume
23046,Comp_Mystic_Powder,[Sale] Mystic Powder,Usable
23047,Comp_Tyr's_Blessing,[Sale] Blessing of Tyr,Usable
23048,Comp_Regenerate_Potion,[Sale] Resilience Enhancement Potion,Usable
23049,Comp_Spark_Candy,[Not For Sale] Sparkling Candy,Usable
23050,Comp_Magic_Candy,[Not For Sale] Magic Candy,Usable
23051,New_Hat_Scroll,Liberty Cap Scroll,Usable
23052,New_Hat_Box,Liberty Statue Hat Box,Usable
23058,Enchant_Stone_Box9,Costume Enchant Stone Box 9,Usable
23059,Face_Paint_Box,Face Paint Box,Usable
23060,Surface_Paint_Box,Surface Paint Box,Usable
23061,Incisive_Arrow_Cntr,Sharp Arrow Quiver,Usable
23062,CokingOpenBox,Cooking Open Memorial Box,Usable
23063,Freeze_Dream,Frozen Dream,Usable
23069,2015_Special_Scroll,2015 Special Scroll,Usable
23070,2015_Special_Box,2015 Special Box,Usable
23072,2015_Angel_Scroll,Angel Scroll,Usable
23073,AngelPoring_Box,Angel Poring Shoes Box,Usable
23074,DecemberGiftBox_2016,December Gift Box,Usable
23075,NovemberGiftBox_2016,November Gift Box,Usable
23076,Build_Up_Potion_SS,Build Up Potion SS,Usable
23077,Build_Up_Potion_SC,Build Up Potion SC,Usable
23078,Build_Up_Potion_AC,Build Up Potion AC,Usable
23079,Strawberry_CreamCake,Strawberry Cream Cake,DelayConsume
23080,Crystal_Of_Grudge,Cursed Crystal,Usable
23081,Kunai_Scroll_Of_Flame,Kunai Scroll of Flame,Usable
23082,Kunai_Scroll_Of_Icicle,Kunai Scroll of Icicle,Usable
23083,Kunai_Scroll_Of_Wind,Kunai Scroll of Storm,Usable
23084,Kunai_Scroll_Of_Soil,Kunai Scroll of Sand,Usable
23085,Kunai_Scroll_Of_Poison,Kunai Scroll of Poison,Usable
23086,Enchant_Stone_Box10,Costume Enchant Stone Box 10,Usable
23087,Small_Leather_Bag,Small Leather Bag,Usable
23094,Comp_Glass_Of_Illusion,[Not For Sale] Glass of Illusion,Usable
23095,Poring_Scroll,Poring Scroll,Usable
23096,MOBI_Support_Box,MOBI Support Box,Usable
23097,Time_Guardian_Box2,Greater Time Guardian Box,Usable
23098,Assorted_ShdowBox,Shadow Assortment Box,Usable
23100,Gunslinger_Enchant,Drooping Gunslinger Scroll,DelayConsume
23106,Amistr_Scroll,Amistr Scroll,Usable
23107,Amistr_Box,Amistr Box,Usable
23115,Class_Shadow_Cube,Class Shadow Cube,Usable
23116,Shadow_Scroll,Shadow Scroll,Usable
23119,Spirit_Scroll,Soul Scroll,Usable
23120,Sealed_Hat_Box3,Sealed Hat Box III,Usable
23123,Bullet_Case_Flare,Flare Bullet Cartridge,Usable
23124,Bullet_Case_Lighting,Lightning Bullet Cartridge,Usable
23125,Bullet_Case_Ice,Ice Bullet Cartridge,Usable
23126,Bullet_Case_Poison,Poison Bullet Cartridge,Usable
23127,Bullet_Case_Blind,Blind Bullet Cartridge,Usable
23128,Cachua_Weapon,Kachua Weapon,Usable
23129,Cachua_Robe,Kachua Garment,Usable
23130,Cachua_Mail,Kachua Armor,Usable
23131,Cachua_Shoes,Kachua Shoes,Usable
23132,Cachua_Shield,Kachua Shield,Usable
23133,Cachua_Helm,Kachua Helm,Usable
23134,Balloon_Scroll,Balloon Scroll,Usable
23135,Poring_Balloon_Box,Poring Capsule,Usable
23136,WOB_Box,Butterfly Wing Box,Usable
23137,Ribel_Jumping_Box,Rebellion Jumping Support Box,Usable
23142,EXPUP_Potion1,Minor Growth Elixir,Usable
23143,JEXPUP_Potion1,Minor Job Elixir,Usable
23144,EXPUP_Potion1Box,Minor Growth Elixir Box,Usable
23145,JEXPUP_Potion1Box,Minor Job Elixir Box,Usable
23148,Premium_Box_2d,[2Day] Premium Subscription Box,Usable
23149,Premium_Box_3d,[3Day] Premium Subscription Box,Usable
23150,Lapine_DdukddakBox,Lapine Big Box,Usable
23151,EnchantStone_Recipe,Enchant Stone Recipe,DelayConsume
23152,EventItem_Recipe,Collectibles SynthesisBox,DelayConsume
23153,PetEgg_Recipe,Pet Egg SynthesisBox,DelayConsume
23154,Nyang_Costume_Recipe,Costume Exchange SynthesisBox,DelayConsume
23159,Poison_Pack2,Poison Bottle Pack,Usable
23160,Shadow_Cube_Sak,Shadow Cube,Usable
23161,Gunslinger_Box,Gunslinger Box,Usable
23162,Gunslinger_Scroll,Gunslinger Scoll,Usable
23165,Service30_AID_Buff,Premium Service Personnel,Usable
23167,Green_Scroll_K,July Green Scroll,Usable
23168,Mini_Fan_Box,Mini Fan Box,Usable
23169,Alchemist_Box,Alchemist box,Usable
23170,Fan_Upgrade_Kit,Fan Modification Kit,DelayConsume
23171,Sealed_Gloom_Card_,Sealed Gloom Under Night Card,Usable
23172,Sealed_Pharaoh_Card_,Sealed Pharaoh Card,Usable
23173,Sealed_Kiel_Card_,Sealed Kiel-D-01 Card,Usable
23174,Enchant_Stone_Box11,Costume Enchant Stone Box 11,Usable
23175,Suit_Upgrade_Kit,Uniform Repair Kit,DelayConsume
23176,Kafra_Scroll,Kafra Scroll,Usable
23177,Comp_Kafra_Card,[Not For Sale] Kafra Card,Usable
23178,Kafra_Box,Kafra Box,Usable
23187,Sap_Jelly,Sap Liquid,Usable
23188,Airship_Part,Unprocessed Parts,Usable
23189,Little_Dall_Needle,Small Needle Kit,Usable
23191,Varetyr_5_Scroll,Level 5 Varetyr Spear,DelayConsume
23192,DiamondDust5_Scroll,Level 5 Diamond Dust,DelayConsume
23193,CrimsonRock_5_Scroll,Level 5 Crimson Rock,DelayConsume
23194,Sienna_5_Scroll,Level 5 Sienna Execrate,DelayConsume
23195,Sigrun_Scroll,Sigrun Scroll,Usable
23196,Agust_Lucky_Scroll,Shining Blue Lucky Egg,Cash
23198,PremiumWoodenBox,Premium Wooden Box,Usable
23199,PremiumGoldenBox,Premium Golden Box,Usable
23200,PremiumPlatinumBox,Premium Platinum Box,Usable
23201,PremiumNomalBox,Premium Normal Box,Usable
23202,Vin_Chaud,Mulled Wine,Usable
23203,Small_Mana_Potion,Small Mana Potion,Usable
23204,M_DEFScroll,Shining Defense Scroll,Usable
23205,New_Hat_Scroll2,New Hat Scroll II,Usable
23206,New_Hat_Box2,New Hat Box II,Usable
23207,Premium_Box,[30Day] Premium Subscription Box,Usable
23209,Premium_Box_1d,[1Day] Premium Subscription Box,Usable
23210,Premium_Box_4d,[4Day] Premium Subscription Box,Usable
23211,Premium_Box_5d,[5Day] Premium Subscription Box,Usable
23212,Premium_Box_6d,[6Day] Premium Subscription Box,Usable
23213,Premium_Box_5d7,[7Day] Premium Subscription Box,Usable
23214,Premium_Box_8d,[8Day] Premium Subscription Box,Usable
23215,Premium_Box_9d,[9Day] Premium Subscription Box,Usable
23216,Premium_Box_10d,[10Day] Premium Subscription,Usable
23217,2016_Special_Scroll,2016 Special Scroll,Usable
23218,2016_Special_Box,2016 Special Box,Usable
23221,EF_DEX_Biscuit_Stick,[Not For Sale] DEX Biscuit Stick,Usable
23222,EF_LUK_Biscuit_Stick,[Not For Sale] LUK Biscuit Stick,Usable
23223,EF_STR_Biscuit_Stick,[Not For Sale] STR Biscuit Stick,Usable
23224,EF_VIT_Biscuit_Stick,[Not For Sale] VIT Biscuit Stick,Usable
23225,EF_AGI_Biscuit_Stick,[Not For Sale] AGI Biscuit Stick,Usable
23226,EF_INT_Biscuit_Stick,[Not For Sale] INT Biscuit Stick,Usable
23227,Biscuit_Stick_2Set,Biscuit Stick (2),Usable
23228,HazyMooncake,Hazy Mooncake,Healing
23229,FallenAngelWing_Reset,Scroll of Fallen Angel Wings,DelayConsume
23234,Racing_Exchange,Mysterious Medal Crane,Usable
23235,Candlelight_Scroll,Mad Bunny Scroll II,Usable
23236,JobShadow_Mix_Weapon,Class Shadow Box (Weapon),DelayConsume
23237,JobShadow_Mix_Armor,Class Shadow Box (Armor),DelayConsume
23238,JobShadow_Mix_Shoes,Class Shadow Box (Shoes),DelayConsume
23239,JobShadow_Mix_Shield,Class Shadow Box (Shield),DelayConsume
23240,JobShadow_Mix_Pendant,Class Shadow Box (Pendant),DelayConsume
23241,JobShadow_Mix_Earing,Class Shadow Box (Earring),DelayConsume
23242,Fried_Chicken,Assorted Fried Chicken,Usable
23243,Fried_Chicken_1,Deep-fried Chicken,Usable
23245,Lapine_Scroll,Lapine Scroll,Usable
23246,LI_Lapine_DdukddakBox,[Limited] Lapine's Thump Box,Usable
23247,StatusShadow_Mix,StatusShadow Mix,DelayConsume
23248,GemstoneShadow_Mix,GemstoneShadow Mix,DelayConsume
23249,BearersShadow_Mix,BearerShadow Mix,DelayConsume
23250,ComposeShadow_Mix,ComposerShadow Mix,DelayConsume
23251,Rose_Bundle_A,Rose Bundle A,Usable
23252,Orleans_Bundle_A,Orleans's Bundle A,Usable
23253,Black_Shiba_Bundle_A,Black Shiba Inu Bundle A,Usable
23254,Valkyrie_Bundle_A,Valkyrie Bundle A,Usable
23255,Kardui_Bundle_A,Kardui Bundle A,Usable
23256,Elixir_Bandage,Elixir Bandages,Usable
23257,Dew_Of_Old_Tree,Old Tree's Dew,Usable
23258,Foul_Rotten_Meat,Stinky Rotten Meat,Usable
23259,St_Cupcake,Strawberry Cream Cupcake,Usable
23260,Parfait,Fruit Parfait,Usable
23261,Macaron,Chewy Macaron,Usable
23262,Hair_Bun_Box,Tango Hair Gift Box,Usable
23263,Roll_Twin_Box,Roll Twin Gift Box,Usable
23264,Long_Pony_Box,Long Pony Gift Box,Usable
23265,Sprint_Bundle_A,Sprint Bundle A,Usable
23266,Etran_Bundle_A,Etran Bundle A,Usable
23267,1LVUP,Level Up Box (1),Usable
23268,10LVUP,Level Up Box (10),Usable
23269,20LVUP,Level Up Box (20),Usable
23270,30LVUP,Level Up Box (30),Usable
23271,40LVUP,Level Up Box (40),Usable
23272,50LVUP,Level Up Box (50),Usable
23273,60LVUP,Level Up Box (60),Usable
23274,70LVUP,Level Up Box (70),Usable
23275,90LVUP,Level Up Box (90),Usable
23276,175LVUP,Level Up Box (175),Usable
23277,Mado_Box,Emergency Magic Gear,Usable
23278,HelpmeShorty,Help Me Shorty,DelayConsume
23280,N_Fly_Wing2,Novice Fly Wing,DelayConsume
23281,RaceShadow_Mix,RaceShadow Mix,DelayConsume
23282,Biscuit_Stick_2Set_,Biscuit Stick (2),Usable
23283,Love_Scroll,Love Scroll,Usable
23284,Advanced_Taiming_Item,Premium Taming Gift Set,Usable
23285,Candy_Box_Melee,Candy Pouch Box(Physical),Usable
23286,Candy_Box_Range,Candy Pouch Box(Ranged),Usable
23287,Candy_Box_Magic,Candy Pouch Box(Magic),Usable
23288,Cps_Fly_Wing,Compressed Fly Wing,DelayConsume
23289,Candy_Bag_Scroll_Melee,Candy Bag Blessing Scroll(Physical),DelayConsume
23290,Candy_Bag_Scroll_Range,Candy Bag Blessing Scroll(Ranged),DelayConsume
23291,Candy_Bag_Scroll_Magic,Candy Bag Blessing Scroll(Magic),DelayConsume
23294,Pororoca_Shoes_Bundle_A,Pororoca Shoes Bundle A,Usable
23295,Lian_Bundle_B,Lian Bundle A,Usable
23296,D_Buger,D.Burger,Usable
23297,Lovely_Egg_Box,Lovely Egg Box,Usable
23299,Enchant_Stone_Box12,Costume Enchant Stone Box 12,Usable
23302,PoringsPreciousBox,Poring Treasure Box,Usable
23303,C_CatPaw_1Day_Para,Infinite Cat Hand Ticket Box (1 Day),Cash
23304,C_Wing_Of_Fly_1Day_Para,Infinite Fly Wing Box (1 Day),Cash
23305,Cat_Scroll,Cat Scroll,Usable
23307,Comp_M_DEFScroll,[Not For Sale] Shining Defense Scroll,Usable
23308,Booster_Amplifier,Booster Amplifier,DelayConsume
23309,Magical_Booster_Box,Magical Booster Box,Usable
23310,Cat_Head_Dress_Basket,Cat Headdress Gift Basket,Usable
23311,Magical_Cat_Hand,Magic Cat Hand,DelayConsume
23312,Chemicals_Bag,Chemical Bag,Usable
23317,Comp_Cherryblossom_C,[NotForSale] Cherry Blossom Cake,Usable
23318,Shadow_Scroll2,Shadow Scroll II,Usable
23320,Melon_Juice,Melon Juice,Usable
23321,Sweet_Melon_Juice,Sweet Melon Juice,Usable
23322,Melon_Parfait,Melon Parfait,Usable
23323,C_Wing_Of_Fly_3Day_Box_,Unlimited Wing Of Fly 3D Box,Cash
23324,StabilityShadow_Mix,StabilityShadow Mix,DelayConsume
23325,Mobile_Novice_Box,Beginner Level Up Package,Usable
23328,Asha_Vahishta,Asha Bahishta,Usable
23329,C_Wing_Of_Fly_5Day_Box_,Infinite Fly Wing Box (5 Days),Cash
23330,C_Giant_Fly_1Day_Box_,Infinite Giant Fly Wing Box (1 Day),Cash
23331,C_Wing_Of_Fly_Box_,Infinite Fly Wing Box (1 Week),Cash
23332,May_Gold_Scroll,May's Golden Scroll,Usable
23333,New_Hat_Box3,New Hat Box III,Usable
23334,ExShadow_DdukddakBox,Exchange Shadow Thump Box,Usable
23335,Material_Shadow_Cube,Material Shadow Cube,Usable
23336,Mysterious_Medal_Box,Mysterious Medal Piggy Bank,Usable
23338,Comp_Wing_Of_Fly,Compressed Fly Wing,DelayConsume
23340,Comp_Megaphone,[Sale] Megaphone,Usable
23342,Vend_Arbeit1_1Lv,[1 Day] Consignment Merchant Envelope Lv1,Usable
23343,Vend_Arbeit1_2Lv,[1 Day] Consignment Merchant Envelope Lv2,Usable
23344,Vend_Arbeit1_3Lv,[1 Day] Consignment Merchant Envelope Lv3,Usable
23345,Buy_Arbeit1_1Lv,[1 Day] Personal Shopper Envelope Lv1,Usable
23346,Buy_Arbeit1_2Lv,[1 Day] Personal Shopper Envelope Lv2,Usable
23347,Buy_Arbeit1_3Lv,[1 Day] Personal Shopper Envelope Lv3,Usable
23348,Vend_Arbeit_1Lv,Consignment Merchant Voucher Lv1,Usable
23349,Vend_Arbeit_2Lv,Consignment Merchant Voucher,Usable
23350,Vend_Arbeit_3Lv,Consignment Merchant Voucher Lv3,Usable
23351,Buy_Arbeit_1Lv,Personal Shopper Voucher Lv1,Usable
23352,Buy_Arbeit_2Lv,Personal Shopper Voucher,Usable
23353,Buy_Arbeit_3Lv,Personal Shopper Voucher Lv3,Usable
23354,Vend_Arbeit3_1Lv,[3 Day] Consignment Merchant Envelope Lv1,Usable
23355,Vend_Arbeit3_2Lv,Consignment Merchant Envelope,Usable
23356,Vend_Arbeit3_3Lv,[3 Day] Consignment Merchant Envelope Lv3,Usable
23357,Buy_Arbeit3_1Lv,[3 Day] Personal Shopper Envelope Lv1,Usable
23358,Buy_Arbeit3_2Lv,Personal Shopper Envelope,Usable
23359,Buy_Arbeit3_3Lv,[3 Day] Personal Shopper Envelope Lv3,Usable
23360,Psychotropic,Psychotropic,DelayConsume
23361,Serum,Serum,Healing
23362,Pig_Potato,Meatball,Usable
23363,E_Watermelon_Pudding,Watermelon Pudding,Usable
23364,Cryptura_Cookie,Critatura Pope Cookie,Usable
23365,Cryptura_Giftbox,Critatura Souvenir Box,Usable
23367,Tamato_Noodle,Spaghetti and Sauce,Usable
23368,Store_Search1,Special Shopper Catalog,Usable
23374,Fire_Armor_S,Fire Armor Scroll,Usable
23375,Cold_Armor_S,Water Armor Scroll,Usable
23376,Wind_Armor_S,Wind Armor Scroll,Usable
23377,Earth_Armor_S,Earth Armor Scroll,Usable
23383,General_Scroll,Warlord's Scroll,Usable
23388,CookingBox10,[Scroll] Food Box,Usable
23405,Green_Scroll_K2,July Green Scroll II,Usable
23436,Shadow_Refine_Hammer,Shadow Refine Hammer,DelayConsume
23438,New_Shadow_Cube,New Shadow Cube,Usable
23440,Sentimental_Scroll,Sentimental Scroll,Usable
23444,July_Hair_Box,July Payment Event Special Box,Usable
23445,Grilled_Turkey,Home Food,Usable
23446,Savage_Trap,Savage Trap,Usable
23473,Infinity_Scroll,Infinity Scroll,Usable
23474,InfinityShadow_Mix,InfinityShadow Mix,DelayConsume
23475,Infinity_Drink,Infinity Drink,Usable
23484,Firstaid_Box_5,First aid Box (5),Usable
23485,Firstaid_Box_10,First aid Box (10),Usable
23486,Firstaid_Box_15,First aid Box (15),Usable
23487,Firstaid_Box_20,First aid Box (20),Usable
23488,Firstaid_Box_25,First aid Box (25),Usable
23489,Firstaid_Box_30,First aid Box (30),Usable
23490,Firstaid_Box_35,First aid Box (35),Usable
23491,Firstaid_Box_40,First aid Box (40),Usable
23492,Firstaid_Box_45,First aid Box (45),Usable
23493,Firstaid_Box_50,First aid Box (50),Usable
23494,Firstaid_Box_55,First aid Box (55),Usable
23495,Firstaid_Box_60,First aid Box (60),Usable
23496,Firstaid_Box_65,First aid Box (65),Usable
23497,Firstaid_Box_70,First aid Box (70),Usable
23498,Firstaid_Box_75,First aid Box (75),Usable
23499,Firstaid_Box_80,First aid Box (80),Usable
23500,Firstaid_Box_85,First aid Box (85),Usable
23501,Firstaid_Box_90,First aid Box (90),Usable
23502,Firstaid_Box_95,First aid Box (95),Usable
23503,Red_Potion_B_20,[Not For Sale] Crate of 20 Red Potions,Usable
23504,Orange_Potion_B_20,[Not For Sale] Crate of 20 Orange Potions,Usable
23505,Yellow_Potion_B_20,[Not For Sale] Crate of 20 Yellow Potions,Usable
23506,White_Potion_B_20,[Not For Sale] Box of 20 White Potion,Usable
23524,Enchant_Stone_Box13,Costume Enchant Stone Box 13,Usable
23533,Vote_Rose,Rose of Choice,Usable
23537,Bloody_Scroll,Bloody Scroll,Usable
23538,BloodyKnight_Shield_Box,Cursed Knight's Shield Box,Usable
23545,Silver_Statue,Silver Statue,DelayConsume
23546,Cursed_Blood,Cursed Blood,DelayConsume
23547,Gold_Statue,Gold Statue,DelayConsume
23548,Ice_Candy,Snow Candy,Usable
23549,Snow_Cookie,Snow Cookie,Usable
23550,Winter_Cookie,Winter Cookie,Usable
23551,Festi_Cookie,Festi Cookie,Usable
23552,Flora_Cookie,Flora Cookie,Usable
23553,Snow_Festa_Box,Snow Flower Festival Giftbox,Usable
23554,Snow_Festa_CardPack,Snow Festa Card Pack,Usable
23556,Hunter_Food,Dinner for Hunter,Usable
23575,Adventurer_Box_1,Adventurer Box (1),Usable
23576,Adventurer_Box_15,Adventurer Box (15),Usable
23577,Adventurer_Box_30,Adventurer Box (30),Usable
23578,Adventurer_Box_45,Adventurer Box (45),Usable
23579,Adventurer_Box_60,Adventurer Box (60),Usable
23580,Adventurer_Box_75,Adventurer Box (75),Usable
23581,Adventurer_Box_90,Adventurer Box (90),Usable
23582,E_Wing_Of_Fly_3Day_Box,[Gift] Unlimited Fly Wing 3 Day Box,Cash
23583,Rebeginer_Box,Beginner's Armor Box,Usable
23584,Rebeginer_S_Box,Beginner's Shadow Box,Usable
23585,Rebeginer_Box_100,Beginner Support Box (100),Usable
23586,Rebeginer_Box_110,Beginner Support Box (110),Usable
23587,Rebeginer_Box_120,Beginner Support Box (120),Usable
23604,Main_Dish_Course,Main Dish Course,Usable
23605,Challenge_Drink,Challenger Drink,Usable
23606,Power_Drink,Power Drink,Usable
23607,Unlimited_Drink,Unlimited Drink,Usable
23611,Mimir_Spring_Water,Mimir's Spring Water,Usable
23612,Baldrs_Blessing,Baldur's Blessing,Usable
23618,2017_Special_Scroll,2017 Special Scroll,Usable
23619,2017_Special_Box,2017 Special Box,Usable
23629,Enchant_Stone_Box14,Costume Enchant Stone Box 14,Usable
23647,Zero_Merchant_Bell,Tool Dealer Bell,Usable
23648,Zero_Kafra_Bell,Kafra Storage Bell,Usable
23650,Ice_Scroll,Ice Scroll,Usable
23660,Dogly_Bottle_Z,Dogly Bottle Z,Healing
23661,2018_New_Year_Scroll,2018 New Year Scroll,Usable
23662,2018_Year_Shadow_Cube,New Year Shadow Cube 2018,Usable
23663,2018_Material_Cube,2018 Material Shadow Cube,Usable
23664,2018_Lapine_DdukddakBox,[Limited] Lapine's Thump Box 2018,Usable
23665,PhysicalMagical_Mix,PhysicalMagical Mix,DelayConsume
23666,ImmunedAthena_Mix,ImmunedAthena Mix,DelayConsume
23667,HardChamption_Mix,HardChampion Mix,DelayConsume
23668,KingbirdAncient_Mix,KingbirdAncient Mix,DelayConsume
23669,CriticalHit_Mix,CriticalHit Mix,DelayConsume
23674,Sweets_Evt_Box,Sweets Festival Box,Usable
23675,Geffen_Magic_Scroll,Geffen Magic Armor Order Form,DelayConsume
23676,Gray_Charcoal_Melee,Grey Abrasive (physical),DelayConsume
23677,Gray_Charcoal_Magic,Grey Abrasive (magical),DelayConsume
23678,Gray_Charcoal_Range,Grey Abrasive (distance),DelayConsume
23679,Geffen_Magic_Scroll2,Geffen Magic Accessory Order Form,DelayConsume
23682,Enchant_Stone_Box15,Costume Enchant Stone Box 15,Usable
23683,EVT_JAN02KR,Lucky Bag,Usable
23684,2018_Visionary_Card,Phantom's Spirit,Usable
23700,Lunar_New_Year_Scroll,New Year Scroll,Usable
23706,Charleston_Parts_W,Charleston Upgrade Parts (Physical),DelayConsume
23707,Charleston_Parts_R,Charleston Upgrade Parts (Ranged),DelayConsume
23708,February_Hair_Box,February Special Box,Usable
23710,2018_Spring_Scroll,Spring's Scroll,Usable
23711,Booby_Trap_Box,Trap Box,Usable
23718,2018_Sakura_Scroll,Spring Scroll,Usable
23719,Sealed_Card2,Sealed Card Album II,Usable
23720,Shadow_Random_Mix,Shadow Random Mix,DelayConsume
23723,Melon_Bread,Melon Bread,Usable
23724,Celebrate_Egg,Memorial Egg,Usable
23725,E_Main_Dish_C,[Event] Main Dish Course,Usable
23726,E_Challenge_Drink,[Event] Challenger Drink,Usable
23727,E_Unlimited_Drink,[Event] Unlimited Drink,Usable
23728,E_Power_Drink,[Event] Power Drink,Usable
23732,E_Mimir_Spring_W,[Event] Mimir's Spring Water,Usable
23733,E_Baldrs_Blessing,[Event] Baldur's Blessing,Usable
23743,Noodle_Festa_Can,Festa Commemorative Can,Usable
23744,Cream_Noodle,Cream Noodles,Usable
23751,Comp_AID_Buff_Box,[Not For Sale] Premium Buff Box,Usable
23752,Comp_Box,Gift of Apology,Usable
23754,Comp_All_Ring_Box,Apology Ring Box,Usable
23761,Advanced_Taiming_Item2,Premium Taming Gift Set II,Usable
23763,Mysterious_Egg3,Mysterious Egg III,Usable
23764,Comp_Box2,A gift with an Apple Heart,Usable
23765,May_Rainbow_Scroll,May's Rainbow Scroll,Usable
23766,Overwhelm_Armor_Box,Overwhelm Armor Box,Usable
23767,Powerful_Helm_Box,Strong Helmet Box,Usable
23770,Enchant_Stone_Box16,Costume Enchant Stone Box 16,Usable
23771,Mysterious_Plastic,Mysterious Plastic Bag,Usable
23772,EP17_1_SPC01,OS Weapon Chest,Usable
23773,EP17_1_SPC02,Weapon Modification Device Chest (Physical),Usable
23774,EP17_1_SPC03,Weapon Modification Device Chest (Magic),Usable
23775,EP17_1_SPC04,Modification Module Chest,Usable
23776,EP17_1_SPC05,Weapon Modifier (Physical),DelayConsume
23777,EP17_1_SPC06,Advanced Weapon Modifier (Physical),DelayConsume
23778,EP17_1_SPC07,Super Weapon Modifier (Physical),DelayConsume
23779,EP17_1_SPC08,Weapon Modifier (Magic),DelayConsume
23780,EP17_1_SPC09,Advanced Weapon Modifier (Magic),DelayConsume
23781,EP17_1_SPC10,Super Weapon Modifier (Magic),DelayConsume
23784,Sweet_Candy_Box,Sweet Candy Box,Usable
23804,Pump_Of_Spirit_Scroll2,Soul Plunger Scroll II,Usable
23805,Spirit_Hat_Box,Soul Hat Box,Usable
23806,Hero_Weapon_Box,Ancient Heros Weapon Box,Usable
23815,Magma_Essence,Lava Essence,DelayConsume
23817,Bs_Making_S,Mysterious Combination Bundle,Usable
23818,Bs_Item_M_S_2,Giant Orc Helm Combination SynthesisBox,DelayConsume
23819,Bs_Item_M_S_8,Crimson Rose SynthesisBox,DelayConsume
23820,Bs_Item_M_S_10,Grand Peco Hairband SynthesisBox,DelayConsume
23821,Bs_Item_M_S_11,Moonflower Hair Hat SynthesisBox,DelayConsume
23822,Bs_Item_M_S_34,Wings of 8 Purgatories SynthesisBox,DelayConsume
23823,Bs_Item_M_S_41,Tare Neko Cru SynthesisBox,DelayConsume
23824,Bs_Item_M_S_42,Glory Soccer Ball Hat SynthesisBox,DelayConsume
23825,Bs_Item_M_S_43,Wicket marching Hat SynthesisBox,DelayConsume
23826,Bs_Item_M_S_44,Wandering Wolf Hat SynthesisBox,DelayConsume
23827,Bs_Sha_M_S_1,Status Shadow SynthesisBox,DelayConsume
23828,Bs_Sha_M_S_17,Elegant Shadow SynthesisBox,DelayConsume
23829,Bs_Sha_M_S_18,Tension Shadow SynthesisBox,DelayConsume
23830,Bs_Sha_M_S_19,Restore Shadow SynthesisBox,DelayConsume
23831,Bs_Sha_M_S_20,Healing Shadow SynthesisBox,DelayConsume
23832,Bs_Item_M_S_4,Amistr Cap SynthesisBox,DelayConsume
23833,Bs_Item_M_S_6,Edgga Doll Combination,DelayConsume
23834,Bs_Item_M_S_7,Bacsojin Doll SynthesisBox,DelayConsume
23835,Bs_Item_M_S_12,Candy Pouch Bag SynthesisBox,DelayConsume
23836,Bs_Item_M_S_13,Gold Fish Head Hat SynthesisBox,DelayConsume
23837,Bs_Item_M_S_15,Survival SynthesisBox,DelayConsume
23838,Bs_Item_M_S_28,Toy Syringe Combination,DelayConsume
23839,Bs_Item_M_S_29,Indigo Rear Ribbon Combination,DelayConsume
23840,Bs_Item_M_S_31,Magical Booster SynthesisBox,DelayConsume
23841,Bs_Item_M_S_32,Rosario's Necklace SynthesisBox,DelayConsume
23842,Bs_Item_M_S_33,Spirit Crown SynthesisBox,DelayConsume
23843,Bs_Item_M_S_36,Palace Guard Cap Combination,DelayConsume
23844,Bs_Item_M_S_37,Bandit's Hood SynthesisBox,DelayConsume
23845,Bs_Item_M_S_38,Angel's Blessing SynthesisBox,DelayConsume
23846,Bs_Item_M_S_39,Rabbit Magic Hat SynthesisBox,DelayConsume
23847,Bs_Item_M_S_40,Anubis Helm SynthesisBox,DelayConsume
23848,Bs_Item_M_S_45,Imp Hat SynthesisBox,DelayConsume
23849,Bs_Item_M_S_46,Red Marching Hat SynthesisBox,DelayConsume
23850,Bs_Item_M_S_47,Ifrit Mask SynthesisBox,DelayConsume
23851,Bs_Item_M_S_48,Incarnation Of Morocc Doll SynthesisBox,DelayConsume
23852,Bs_Item_M_S_49,Samambaia SynthesisBox,DelayConsume
23853,Bs_Item_M_S_50,Chick Hat SynthesisBox,DelayConsume
23854,Bs_Sha_M_S_2,Class Shadow SynthesisBox,DelayConsume
23855,Bs_Sha_M_S_5,Spell Shadow SynthesisBox,DelayConsume
23856,Bs_Sha_M_S_6,Size Shadow SynthesisBox,DelayConsume
23857,Bs_Sha_M_S_7,Race Shadow SynthesisBox,DelayConsume
23858,Bs_Sha_M_S_8,Stability Shadow SynthesisBox,DelayConsume
23859,Bs_Sha_M_S_13,Special Shadow SynthesisBox,DelayConsume
23860,Bs_Sha_M_S_15,Physical Shadow SynthesisBox,DelayConsume
23861,Bs_Sha_M_S_16,Magical Shadow SynthesisBox,DelayConsume
23862,Bs_Sha_M_S_23,EXP Shadow SynthesisBox,DelayConsume
23863,Bs_Item_M_S_5,Mad Bunny SynthesisBox,DelayConsume
23864,Bs_Item_M_S_9,Archangel Wing Combination,DelayConsume
23865,Bs_Item_M_S_14,Smokie's Transformation Leaf SynthesisBox,DelayConsume
23866,Bs_Item_M_S_16,Ifrit's Ear SynthesisBox,DelayConsume
23867,Bs_Item_M_S_17,Heartwing Band SynthesisBox,DelayConsume
23868,Bs_Item_M_S_19,Sigrun's Wings SynthesisBox,DelayConsume
23869,Bs_Item_M_S_27,Cat Headdress SynthesisBox,DelayConsume
23870,Bs_Item_M_S_35,Noble Mask SynthesisBox,DelayConsume
23871,Bs_Sha_M_S_9,Gemstone Shadow SynthesisBox,DelayConsume
23872,Bs_Sha_M_S_10,Bearers Shadow SynthesisBox,DelayConsume
23873,Bs_Sha_M_S_11,Hasty Shadow SynthesisBox,DelayConsume
23874,Bs_Sha_M_S_21,Critical Shadow SynthesisBox,DelayConsume
23875,Bs_Sha_M_S_22,Mortal Blow Shadow SynthesisBox,DelayConsume
23876,Bs_Item_M_S_1,Fallen Angel Wings SynthesisBox,DelayConsume
23877,Bs_Item_M_S_3,Adventurer's Backpack SynthesisBox,DelayConsume
23878,StarSoul_Scroll,Star and Soul Scroll,Usable
23879,Bs_Item_M_S_18,Spell Circuit SynthesisBox,DelayConsume
23880,Bs_Item_M_S_20,New Wave Sunglasses SynthesisBox,DelayConsume
23881,Bs_Item_M_S_21,Giant Snake Breath SynthesisBox,DelayConsume
23882,Bs_Item_M_S_22,Judge Hat SynthesisBox,DelayConsume
23883,Bs_Item_M_S_23,Dog Officer SynthesisBox,DelayConsume
23884,Bs_Item_M_S_24,Fancy Feather Hat SynthesisBox,DelayConsume
23885,Bs_Item_M_S_25,Amistr Beret SynthesisBox,DelayConsume
23886,Bs_Item_M_S_26,General Helm SynthesisBox,DelayConsume
23887,Bs_Item_M_S_30,Cursed Knight's Shield SynthesisBox,DelayConsume
23888,Bs_Sha_M_S_3,Penetration Shadow Combination,DelayConsume
23889,Bs_Sha_M_S_4,Tempest Shadow SynthesisBox,DelayConsume
23890,Bs_Sha_M_S_12,Blitz Shadow SynthesisBox,DelayConsume
23891,Bs_Sha_M_S_14,Reload Shadow Combination,DelayConsume
23892,Bs_Sha_M_S_24,Force and Spirit Shadow SynthesisBox,DelayConsume
23893,Bs_Sha_M_S_25,Infinity Shadow Combination,DelayConsume
23894,Bs_Item_M_S_51,Wickebine's Black Cat's Ear SynthesisBox,DelayConsume
23896,Comp_ConnectError,Recertification Thank You Box,Usable
23897,2018_Jump_Thx_Box,2018 Jumping Reservation Appreciation Box,Usable
23898,Comp_Power_Booster,[Not For Sale] Power Booster,Usable
23899,Comp_Almighty,[Not For Sale] Almighty,Usable
23900,Time_Overload_Box,Temporal Transcendence Box,Usable
23901,110LVUP,Level Up Box (110),Usable
23905,Season_Evt_Reward_3,March Event Reward Box,Usable
23906,Season_Evt_Reward_4,April Event Reward Box,Usable
23907,Season_Evt_Reward_5,Melon Festival Reward Box,Usable
23913,Job_Enchant_Stone_Box,Class Enchant Stone Box,Usable
23914,Main_Lucky_Box,Kachua's Secret Box,Usable
23919,K_Secret_Key,Kachua's Secret Key,Delayconsume
23921,Season_Evt_Reward,Event Reward Box,Usable
23922,Candy_Box,Candy Pouch Box,Usable
23923,Poring_Sunglasses_Box,Poring Sunglasses Box,Usable
23924,Sigrun_Shadow_Box,Sigrun Shadow Box,Usable
23925,Mad_Bunny_Box,Mad Bunny Box,Usable
23926,Shadow_9_Refine_Hammer,Shadow 9 Refine Hammer,DelayConsume
23949,Level_Achievement_Box,Level Achievement Box,Usable
23952,Sillit_Pong_Box,Silit Pong Box,Cash
23962,Malang_Cat_Can2,Upgraded Malangdo Cat Can,Usable
23967,EnchantStone_Recipe_9m,Enchant Stone Recipe 9m,DelayConsume
23981,Abyss_Ddbox,Turbulence Dragon's Power,DelayConsume
23985,Abyss_itembox,Dragon Treasure,Usable
23986,Odin_itembox,Odin Relic,Usable
23992,Bio_W_Box,Experimental Weapon Box,Usable
23993,Bio_Docu_Box,Bio Lab Material Box,Usable
23994,Bio_Reactant_Box,Bio Reactor Box,Usable
100000,IDTest_Special,IDTest Special,DelayConsume
100002,PayPromotion_Box,Payment Promotion Reward Box,Usable
100003,ILL_Piece_A,Red Phantom Resonance Stone,DelayConsume
100004,ILL_Piece_B,Azure Mirage Resonance Stone,DelayConsume
100005,G_Small_Mana_Potion,True Small Mana Potion,Usable
100006,G_M_DEFScroll,True Shining Defense Scroll,Usable
100007,G_Limit_Power_Booster,True Limited Power Booster,Usable
100008,G_Infinity_Drink,True Infinity Drink,Usable
100009,Joy_Of_Victory,Victorious Happiness,DelayConsume
100010,PerfectSize_Mix,Perfect Size Shadow SynthesisBox,DelayConsume
100011,MagicPiercing_Mix,Magic Piercing Shadow SynthesisBox,DelayConsume
100019,Enchant_Stone_Box18,Costume Enchant Stone Box 18,Usable
100020,E_Bcrystal_Box,Don Cristal Chino Box,Usable
100021,E_Mcrystal_Box,Family Crystal Box,Usable
100022,E_Scrystal_Box,Minions Crystal Box,Usable
100023,Ancient_Hero_Bravery,Ancient Hero Bravery,DelayConsume
100024,TimeExtension1,Time Extension (Account),Usable
100025,Ancient_Hero_Wisdom,Ancient Hero Wisdom,DelayConsume
100026,TimeExtension2,Time Extension(Character),Usable
100029,Booster_Pack_1,Booster Pack(1),Usable
100030,Booster_Pack_15,Booster Pack (15),Usable
100031,Booster_Pack_30,Booster Pack(30),Usable
100032,Booster_Pack_45,Booster Pack(45),Usable
100033,Booster_Pack_60,Booster Pack(60),Usable
100034,Booster_Pack_75,Booster Pack(75),Usable
100035,Booster_Pack_90,Booster Pack(90),Usable
100036,Booster_Pack_100,Booster Pack(100),Usable
100037,Booster_Pack_115,Booster Pack(115),Usable
100038,Booster_Pack_130,Booster Pack(130),Usable
100039,Booster_Pack_145,Booster Pack(145),Usable
100040,Booster_Pack_160,Booster Pack(160),Usable
100041,Booster_Pack_175,Booster Pack(175),Usable
100043,Boost_Up_1,Booster Armor UpgradeBox,DelayConsume
100044,Boost_Up_2,Booster Weapon UpgradeBox,DelayConsume
100045,Stater_A_Box,Starter Armor Crate,Usable
100046,Boost_Atk_Box,Attacker Booster Armor Crate,Usable
100047,Boost_Ran_Box,Ranged Booster Crate,Usable
100048,Boost_Ele_Box,Elemental Booster Crate,Usable
100049,Boost_Defn_Box,Defiant Booster Crate,Usable
100050,Goal_Gift_Box,Goal Achievement Gift Box,Usable
100051,Booster_Pack_Preorder,Booster Promotion Thank you Box,Usable
100052,Enchant_Stone_Box19,Costume Enchant Stone Box 19,Usable
100053,Piercing_Mix,Piercing Shadow SynthesisBox,DelayConsume
100054,Time_Over_S_Box,Shadow Transcendental Time Crate,Usable
100058,Hasty_Mix,Hasty Shadow SynthesisBox,DelayConsume
100060,EnchantStone_Recipe_4m,4m Enchant Stone Recipe SynthesisBox,DelayConsume
100061,E_Red_Booster,[Event] Red Booster,Usable
100065,WL_MB_SG,Spell Book(Storm Gust),DelayConsume
100066,WL_MB_LOV,Spell Book(Lord of Vermilion),DelayConsume
100067,WL_MB_MS,Spell Book(Meteor Storm),DelayConsume
100068,WL_MB_DL,Spell Book(Drain Life),DelayConsume
100069,WL_MB_JF,Spell Book(Jack Frost),DelayConsume
100070,WL_MB_ES,Spell Book(Earth Strain),DelayConsume
100071,WL_MB_CR,Spell Book(Crimson Rock),DelayConsume
100072,WL_MB_CL,Spell Book(Chain Lightning),DelayConsume
100073,WL_MB_CM,Spell Book(Comet),DelayConsume
100074,WL_MB_TV,Spell Book(Tetra Vortex),DelayConsume
100075,DishSet05,Level 5 Dishes,Usable
100076,DishSet06,Level 6 Dishes,Usable
100077,DishSet07,Level 7 Dishes,Usable
100078,DishSet08,Level 8 Dishes,Usable
100079,DishSet09,Level 9 Dishes,Usable
100080,DishSet10,Level 10 Dishes,Usable
100081,Kr_B_Special01,[Not For Sale] Advanced Combat Manual,Usable
100083,BackSignon_Box_TW,Korean Style Apple Hair Box (Middle),Usable
100087,Boarding_Halter_Box30_Z,[NotForSale] Boarding Halter (30 Days),Cash
100098,RTC_EnergyDrink_TW,Vitality Stimulant,Usable
100100,Temporal_Manteau_Box,Temporal Manteau Box,Usable
100109,Lapine_DdukddakBox2,Lapine Thump Box II,Usable
100125,Metal_7_Ticket,Metal Weapon +7 Refinement Ticket,DelayConsume
100127,Kr_B_Special02,17th Anniversary Box,Usable
100128,Noblesse_Rifine_Ticket,Noblesses Refine Ticket,DelayConsume
100129,Imperial_Rifine_Ticket,Imperial Refine Ticket,DelayConsume
100130,Grace_Rifine_Ticket,Grace Refine Ticket,DelayConsume
100131,Imperial_Convert1,Imperial Physical Modification Permit (Garment),DelayConsume
100132,Imperial_Convert2,Imperial Magical Modification Permit (Garment),DelayConsume
100133,Grace_Convert1,Grace Physical Modification Permit (Garment),DelayConsume
100134,Grace_Convert2,Grace Magical Modification Permit (Garment),DelayConsume
100135,Imperial_Convert3,Imperial Physical Modification Permit (Armor),DelayConsume
100136,Imperial_Convert4,Imperial Magical Modification Permit (Armor),DelayConsume
100137,Grace_Convert3,Grace Physical Modification Permit (Armor),DelayConsume
100138,Grace_Convert4,Grace Magical Modification Permit (Armor),DelayConsume
100142,Abyss_Ddbox2,Stable Dragon's Power,DelayConsume
100144,Abyss_Ddbox3,Burning Dragon's Power,DelayConsume
100145,Abyss_Ddbox4,Hot Dragon's Power,DelayConsume
100147,Bath_Foam_A,Bath Foam A,Usable
100148,Bath_Foam_B,Bath Foam B,Usable
100149,Bath_Foam_C,Bath Foam C,Usable
100150,Aroma_Oil,Aromatherapy Oil,Usable
100151,Skill_Sha_M_S_Weapon,Skill Shadow Weapon Recipe,DelayConsume
100152,GoldPCBang_ShieldBox,Gold PC Room Sield Box,Usable
100153,Set_Of_Taiming_Item2,Taming Gift Set II,Usable
100158,Mado_Box02,Mado Strengthening Suit,Usable
100160,Auto_M_Box,Automatic Module Box,Usable
100161,Epic_M_Box,Epic Module Box,Usable
100162,Auto_M_I_Box_A,Automatic Improvement Device Physical,Usable
100163,Auto_M_I_Box_B,Automatic Improvement Device Magical,Usable
100164,Auto_Imp_Melee_1,Normal Automatic Improvement Device (Physical),DelayConsume
100165,Auto_Imp_Melee_2,Advanced Automatic Improvement Device (Physical),DelayConsume
100166,Auto_Imp_Melee_3,Premium Automatic Improvement Device (Physical),DelayConsume
100167,Auto_Imp_Magic_1,Normal Automatic Improvement Device (Magical),DelayConsume
100168,Auto_Imp_Magic_2,Advanced Automatic Improvement Device (Magical),DelayConsume
100169,Auto_Imp_Magic_3,Premium Automatic Improvement Device (Magical),DelayConsume
100170,GoldPCBang_MileageBox,PC Room Mileage Costume Box,Usable
100171,Cannon_Ball_Box,Cannon Ball Box,Usable
100172,Iron_Cannon_Ball_Box,Iron Cannon Ball Box,Usable
100173,Soul_Cannon_Ball_Box,Soul Cannon Ball Box,Usable
100174,Poi_Arrow_Container,Poison Arrow Quiver,Usable
100176,Dark_Cannon_Ball_Box,Dark Cannon Ball Box,Usable
100177,Holy_Cannon_Ball_Box,Holy Cannon Ball Box,Usable
100178,Cannon_Box_6,Liquid Condensed Bullet Box,Usable
100179,Magic_Gear_Fuel_Box,Large Madogear Fuel Tank,Usable
100180,RepairA_Box,Repair A Box,Usable
100181,RepairB_Box,Repair B Box,Usable
100182,RepairC_Box,Repair C Box,Usable
100183,Flame_Stone_Bundle,Flame Stone Bundle,Usable
100184,Ice_Stone_Bundle,Ice Stone Bundle,Usable
100185,Wind_Stone_Bundle,Wind Stone Bundle,Usable
100186,Shadow_Orb_Bundle,Shadow Orb Bundle,Usable
100187,Charm_Fire_Bundle,Fire Charm Bundle,Usable
100188,Charm_Ice_Bundle,Ice Charm Bundle,Usable
100189,Charm_Wind_Bundle,Wind Charm Bundle,Usable
100190,Charm_Earth_Bundle,Earth Charm Bundle,Usable
100191,Kunai_Scroll_Explosive,Explosive Kunai Scroll,Usable
100192,Gemstone_Blue,Blue Gemstone Pouch,Usable
100193,Gemstone_YL,Yellow Gemstone Pouch,Usable
100194,Gemstone_Red,Red Gemstone Pouch,Usable
100195,Bullet_Case_Full,Full Metal Jacket Case,Usable
100196,Bullet_Case_Mine,Projectile Mine Case,Usable
100197,Bullet_Case_Tail,Dragon Tail Missile Case,Usable
100198,Skill_Shadow_Cube,Skill Shadow Cube,Usable
100202,Enchant_Stone_Box20,Costume Enchant Stone Box 20,Usable
100205,Class_Sha_R_M_Melee,Class Shadow Spellbook (Melee),DelayConsume
100206,Class_Sha_R_M_Magic,Class Shadow Spellbook (Magic),DelayConsume
100207,Skill_Sha_R_M_Melee,Skill Shadow Spellbook (Melee),DelayConsume
100208,Skill_Sha_R_M_Magic,Skill Shadow Spellbook (Magic),DelayConsume
100209,Skill_Sha_M_S_Shield,Skill Shadow Shield Recipe,DelayConsume
100210,Skill_Sha_M_S_Pendant,Skill Shadow Pendant Recipe,DelayConsume
100211,Skill_Sha_M_S_Earing,Skill Shadow Earring Recipe,DelayConsume
100212,Skill_Sha_M_S_Shoes,Skill Shadow Shoes Recipe,DelayConsume
100213,Skill_Sha_M_S_Armor,Skill Shadow Armor Recipe,DelayConsume
100214,Shadowdecon_Ore_Box,Shadowdecon Gemstone Box,Usable
100215,Zelunium_Ore_Box,Rough Zelunium Box,Usable
100231,Ref_T_Potion,Golden X,Healing
100232,Add_Atk_Potion,Red Herb Activator,Healing
100233,Add_Matk_Potion,Blue Herb Activator,Healing
100251,Illu_Enhance_Cube,Illusion Reinforcement Cube,DelayConsume
100252,Auto_Enhance_Cube,Automatic Reinforcement Cube,DelayConsume
100253,Gstar2019Box,G STAR Event Box,Usable
100268,Temporal_Refine_Cube,Temporal Equipment 11 Refine Cube,DelayConsume
100269,Geffen_Refine_Cube,Geffen Magic Tournament 12 Refine Cube,DelayConsume
100270,Old_Refine_Cube,Fallen Warrior's Headgear 12 Refine Cube,DelayConsume
100271,Refine_Hero_Weapon,Ancient Hero Weapon 9 Refine Permission,DelayConsume
100272,Refine_Hero_Boots,Ancient Hero Boots 9 Refine Permission,DelayConsume
100273,Remodel_Hero_Boots,Ancient Hero Boots Modification Cube,DelayConsume
100274,Oriental_Sword_Cube,Oriental Sword Modification Cube,DelayConsume
100275,Dragonic_Slayer_Cube,Dragonic Slayer Modification Cube,DelayConsume
100276,Shiver_Katar_K_Cube,Shiver Katar Modification Cube,DelayConsume
100277,Blade_Katar_Cube,Blade Katar Modification Cube,DelayConsume
100314,Enchant_Stone_Box21,Costume Enchant Stone Box 21,Usable
100316,G_Tyrs_Blessing,True Tyr's Blessing,Usable
100317,G_Mental_Potion,True Mental Potion,Usable
100319,Exotic_Bob_Box,Himelmez's Wig Box,Usable
100321,OS_Weapon_Refine_Cube,OS Weapon +11 Refinement Cube,DelayConsume
100322,Racecap_Refine_Cube,Racing Cap +11 Refinement Cube,DelayConsume
100323,Runeknight_S_Cube,Rune Knight Shadow Cube,Usable
100324,Guillotinecross_S_Cube,Guillotine Cross Shadow Cube,Usable
100325,Archbishop_S_Cube,Archbishop Shadow Cube,Usable
100326,Sura_S_Cube,Sura Shadow Cube,Usable
100327,Sword_Of_Bluefire_Cube,Red Lotus Sword Remodeling Cube,DelayConsume
100328,Slate_Sword_Cube,Slate Sword Remodeling Cube,DelayConsume
100329,Narcis_Bow_Cube,Narcissus Bow Remodeling Cube,DelayConsume
100330,Trumpet_Shell_K_Cube,Trumpet Shell Remodeling Cube,DelayConsume
100331,Barb_Wire_K_Cube,Barbed Wire Whip Remodeling Cube,DelayConsume
100332,2019_Chrismas_Present,Chrismas Gift Box,Usable
100333,E_Infinity_Drink,[Not For Sale] Infinity Drink,Usable
100335,Booster_Pack_190,Booster Pack(190),Usable
100336,Booster_Pack_200,Booster Pack(200),Usable
100337,Booster_Call,Booster Call,Usable
100338,Booster_W_Up_1,Booster Weapon Phase 1 Upgrade Package,DelayConsume
100339,Booster_W_Up_2,Booster Weapon Phase 2 Upgrade Package,DelayConsume
100340,Booster_W_Up_3,Booster Weapon Upgrade Package,DelayConsume
100341,E_ILL_Up,Illusion (Bound) Upgrade Package,DelayConsume
100342,Exp_Up_1,Growth Potion (Small),Usable
100343,Exp_Up_2,Growth Potion (Medium),Usable
100344,Exp_Up_3,Growth Potion (Advanced),Usable
100345,Exp_Up_4,Growth Potion(Superior),Usable
100346,Jexp_Up_1,Job Potion (Small),Usable
100347,2020_Goal_Gift_Box,2021 Booster Goal Achievement Gift Box,Usable
100351,Core_Battle_Manual,Core Combat Manual,Usable
100352,Real_Battle_Manual,Real Combat Manual,Usable
100354,Auto_Armor_Refine_Cube,Automatic Armor +11 Refinement Cube,DelayConsume
100355,Bio_Weapon_Refine_Cube,Bio Lab Weapon +11 Refinement Cube,DelayConsume
100356,Ranger_S_Cube,Ranger Shadow Cube,Usable
100357,Warlock_S_Cube,Warlock Shadow Cube,Usable
100358,Sorcerer_S_Cube,Sorcerer Shadow Cube,Usable
100359,WanderMins_S_Cube,Minstrel Shadow Cube,Usable
100360,Avenger_Cube,Avenger Remodeling Cube,DelayConsume
100361,Meteor_Striker_Cube,Meteor Striker Remodeling Cube,DelayConsume
100362,Magic_Sword_Cube,Mado Sword Remodeling Cube,DelayConsume
100363,Fatalist_Cube,Fatalist Remodeling Cube,DelayConsume
100365,MD_Geffen_Rarmor,MD Geffen Refine Armor,DelayConsume
100366,MD_Geffen_Rhood,MD Geffen Refine Hood,DelayConsume
100367,MD_Geffen_Racc,MD Geffen Refine Accessory,DelayConsume
100368,MD_Geffen_Rsheild,MD Geffen Refine Shield,DelayConsume
100371,Homun_F_Tablet,Homunculus Nutritional Supplement,Usable
100372,RoyalGuard_S_Cube,Royal Guard Shadow Cube,Usable
100373,ShadowChaser_S_Cube,Shadow Chaser Shadow Cube,Usable
100374,Mechanic_S_Cube,Mechanic Shadow Cube,Usable
100375,Genetic_S_Cube,Genetic Shadow Cube,Usable
100376,Royal_Bow_K_Cube,Royal Bow Remodeling Cube,DelayConsume
100377,Scalet_Dragon_L_Cube,Scarlet Dragon Leather Bow Remodeling Cube,DelayConsume
100378,Shadow_Staff_K_Cube,Shadow Staff Remodeling Cube,DelayConsume
100379,Freezing_Rod_Cube,Chilling Cane Remodeling Cube,DelayConsume
100381,3Lv_9Refine_Weapon_7Gu,+9 Lv3 Weapon Refine Permission Exchange Hammer,DelayConsume
100382,3Lv_10Refine_Weapon_8Gu,+10 Lv3 Weapon Refine Permission Exchange Hammer,DelayConsume
100383,3Lv_11Refine_Weapon_9Gu,+11 Lv3 Weapon Refine Permission Exchange Hammer,DelayConsume
100384,3Lv_12Refine_Weapon_10G,+12 Lv3 Weapon Refine Permission Exchange Hammer,DelayConsume
100385,4Lv_9Refine_Weapon_8Gu,+9 Lv4 Weapon Refine Permission Exchange Hammer,DelayConsume
100386,4Lv_10Refine_Weapon_9Gu,+10 Lv4 Weapon Refine Permission Exchange Hammer,DelayConsume
100387,4Lv_11Refine_Weapon_10G,+11 Lv4 Weapon Refine Permission Exchange Hammer,DelayConsume
100388,Iron_Nail_K_Cube,Iron Nail Remodeling Cube,DelayConsume
100390,Ray_Knuckle_Cube,Ray Knuckle Remodeling Cube,DelayConsume
100391,Moonlight_Box_IL,Moonlight Refine Box,DelayConsume
100392,S_Moonlight_Box_IL,Special Moonlight Refine Box,DelayConsume
100393,Undine_Spear_K_Cube,Aquatic Spear Remodeling Cube,DelayConsume
100394,Light_Blade_Cube,Light Blade Remodeling Cube,DelayConsume
100395,Iron_Staff_Cube,Iron Staff Remodeling Cube,DelayConsume
100396,Blue_Crystal_Staff_Cube,Blue Crystal Staff Remodeling Cube,DelayConsume
100397,Demon_Hunt_Bible_Cube,Exorcist's Bible Remodeling Cube,DelayConsume
100398,Saint_Hall_Cube,Saint Scepter Remodeling Cube,DelayConsume
100399,MeawFoxtail_Cube,Meowmeow Foxtail Remodeling Cube,DelayConsume
100400,Fog_Dew_Sword_Cube,Kiri no Tsuyu Remodeling Cube,DelayConsume
100401,Humma_Clear_Cube,Clarity Huuma Shuriken Remodeling Cube,DelayConsume
100402,OneSkyOneSun_Cube,Thousand Sun Modification Cube,DelayConsume
100403,SoulWeight_Cube,Spirit Pendulum Modification Cube,DelayConsume
100404,Crimson_Rose_Cube,Crimson Rose Modification Cube,DelayConsume
100405,Master_Soul_Rifle_Cube,Master Soul Rifle Modification Cube,DelayConsume
100406,Golden_L_Launcher_Cube,Golden Lord Launcher Modification Cube,DelayConsume
100407,The_Black_Gatling_Cube,The Black Modification Cube,DelayConsume
100408,Demon_S_Shot_Cube,Demon Slayer Shot Modification Cube,DelayConsume
100412,Great_Hero_Bravery,Great Hero's Bravery,DelayConsume
100413,Great_Hero_Wisdom,Great Hero's Wisdom,DelayConsume
100414,Vampire_Box_IL,Vampire Refine Box,DelayConsume
100415,S_Vampire_Box_IL,Special Vampire Refine Box,DelayConsume
100416,S_Frozen_Box_IL,Special Frozen Refine Box,DelayConsume
100417,Turtle_Is_Box_IL,Turtle Island Refine Box,DelayConsume
100418,S_Turtle_Is_Box_IL,Special Turtle Island Refine Box,DelayConsume
100419,Teddy_Bear_Box_IL,Teddy Bear Refine Box,DelayConsume
100420,S_Teddy_Bear_Box_IL,Special Teddy Bear Refine Box,DelayConsume
100421,Luanda_Box_IL,Luanda Refine Box,DelayConsume
100422,S_Luanda_Box_IL,Special Luanda Refine Box,DelayConsume
100423,Labyrinth_Box_IL,Labyrinth Refine Box,DelayConsume
100424,S_Teddy_Labyrinth_IL,Special Labyrinth Refine Box,DelayConsume
100425,Underwater_Box_IL,Underwater Refine Box,DelayConsume
100426,S_Underwater_Box_IL,Special Underwater Refine Box,DelayConsume
100428,Signon_Prin_Wave_Box,Costume Signon Princess Wave Box,Usable
100433,EnchantStone_Recipe_3m,March Costume Enchant Stone Thump Box,DelayConsume
100436,Circlet_Refine_Cube,Temporal Circlet +11 Refine Cube,DelayConsume
100437,Hero_Weapon_Cube,Ancient Heros Weapon Modification Cube,Usable
100442,New_S_Weapon_Cube,New Shadow Weapon Cube,Usable
100443,New_S_Shield_Cube,New Shadow Shield Cube,Usable
100444,New_S_Armor_Cube,New Shadow Armor Cube,Usable
100445,New_S_Shoes_Cube,New Shadow Shoes Cube,Usable
100446,New_S_Earring_Cube,New Shadow Earring Cube,Usable
100447,New_S_Pendant_Cube,New Shadow Pendant Cube,Usable
100452,Minus_Pow,POW Reduction Potion,DelayConsume
100453,Minus_Spl,SPL Reduction Potion,DelayConsume
100454,Minus_Sta,STA Reduction Potion,DelayConsume
100455,Minus_Wis,WIS Reduction Potion,DelayConsume
100456,Minus_Con,CON Reduction Potion,DelayConsume
100457,Minus_Crt,CRT Reduction Potion,DelayConsume
100460,MD_Airboat_Bexp,Purified Growth Elixier,Usable
100462,MD_Airboat_Reward,Contaminated Card Book,Usable
100465,Stone_Robe_Box,3rd/Expanded Stone (Garment) Box,Usable
100466,Egir_Power_Box,Aegir's Power Box,DelayConsume
100467,Egir_Magic_Box,Aegir's Magical Power Box,DelayConsume
100468,Egirnion_Box,Aegirnian Box,DelayConsume
100469,OS_Helm_Box,OS Weapon Helmet Box,Usable
100470,Famous_Hat_Box,Variety Hat Box,Usable
100475,MD_Airboat_Expbox,Purple Special Storage Device,Usable
100476,MD_Airboat_Random,Ymir Beads,DelayConsume
100477,Poenetentia_Box1,Poenitentia Gladius Set Box,Usable
100478,Poenetentia_Box2,Poenitentia Asta Set Box,Usable
100479,Sakray_Fury,Sakrai's Wraith,DelayConsume
100480,Sakray_Fury2,Condensed Sakrai's Wrath,DelayConsume
100481,Overclocker,Battle Processor Accelerator,DelayConsume
100485,Sakray_Regret,Sakrai's Regret,DelayConsume
100486,Sakray_Regret2,Condensed Sakrai's Regret,DelayConsume
100487,Loki_Coin_2,Tiara's Loss,DelayConsume
100488,Loki_Advice_2,Condensed Tiara's Loss,DelayConsume
100495,Stone_Robe2_Box,3rd/Expanded Stone II (Garment) Box,Usable
100496,Stone_Top_Box,Rebirth/Expanded Stone (Top) Box,Usable
100497,Stone_Top2_Box,Rebirth/Expanded Stone II (Top) Box,Usable
100498,Stone_Middle_Box,Rebirth/Expanded Stone (Middle) Box,Usable
100499,Stone_Middle2_Box,Rebirth/Expanded Stone II (Middle) Box,Usable
100500,Stone_Bottom_Box,Rebirth/Expanded Stone (Bottom) Box,Usable
100501,Stone_Bottom2_Box,Rebirth/Expanded Stone II (Bottom) Box,Usable
100502,Enchant_Stone_Box22,Costume Enchant Stone Box 22,Usable
100508,Exp_Up_1_S,Special Growth Potion (Lower),Usable
100509,Exp_Up_2_S,Special Growth Potion (Intermediate),Usable
100510,Exp_Up_3_S,Special Growth Potion (Advanced),Usable
100511,Exp_Up_4_S,Special Growth Potion (Superior),Usable
100512,Ex_Skill_Shadow_Cube,Extended Class Skill Shadow Cube,Usable
100515,Cachua_Costume_Box,Kachua's Costume Box,Usable
100516,Eye_Cleaner,Eye Cleaner,Healing
100517,Ear_Cleaner,Ear Cleaner,Healing
100518,Tonics,Tonics,Healing
100519,Mini_Extinguisher,Mini Extinguisher,Healing
100520,Water_Of_Lucky,Water Of Lucky,Healing
100521,Strong_Antidote,Strong Antidote,Healing
100522,High_Energy_Chocolate,High Energy Chocolate,Healing
100523,Refined_Holy_Water,Refined Holy Water,Healing
100534,Kr_B_Special03,18th Anniversary Box,Usable
100537,Class_Shadow_WP_Cube,Class Weapon Shadow Cube,Usable
100538,Class_Shadow_AM_Cube,Class Armor Shadow Cube,Usable
100539,Class_Shadow_SU_Cube,Class Shoes Shadow Cube,Usable
100540,Class_Shadow_SD_Cube,Class Shield Shadow Cube,Usable
100541,Class_Shadow_PD_Cube,Class Pendant Shadow Cube,Usable
100542,Class_Shadow_EA_Cube,Class Earring Shadow Cube,Usable
100547,BioWeapon_Helm_Box,Biological Lab Helmet Box,Usable
100553,Tree_Of_Sprout_Box,Young Leaf Scroll,Usable
100569,Special_Costume_Box,Special Costume Box,Usable
100570,Special_Costume_Box_,Special Costume Box+,Usable
100572,FullPeneShadow_Mix,Full Penetration Shadow Thump Box,DelayConsume
100573,Rag_Inven_Box,Ragnarok Inven Event Support Box,Usable
100574,AID_Manual_1h,Premium Expierence Pass (1 Hour),Usable
100575,AID_Bubble_Gum_1h,Premium Drop Rate Pass (1 Hour),Usable
100576,AID_Insurance_1h,Premium Death Penalty Reduction Pass (1 Hour),Usable
100577,AID_Special_1h,Premium Special Offer Pass (1 Hour),Usable
100579,PendantStoneForWork,Pendant Gemstone of Force,DelayConsume
100580,Dark_Stone,Dark Stone,DelayConsume
100582,aegis_100582,Test 1,Usable
100584,aegis_100584,Test 2,Usable
100585,Thanatos_Pendant_Box,Thanatos Necklace Box,Usable
100591,Thanos_W_Reform_1,Thanos Weapon Reform Cube (Lower),DelayConsume
100592,Thanos_W_Reform_2,Thanos Weapon Reform Cube (Middle),DelayConsume
100596,FullTempShadow_Mix,Full Tempest Shadow Thump Box,DelayConsume
100600,Shadow_Mix_Recipe2,New Shadow Thump Box,DelayConsume
100601,Illusion_Module_Mix,Illusion Module Thump Box,DelayConsume
100602,Automatic_Module_Mix,Automatic Module Thump Box,DelayConsume
100603,Lapine_DdukddakBox3,New Lapine Thump Box,Usable
100616,Auction_Promotion,Donation Participaton Box,Usable
100619,Thanos_Refine_Hammer,Modified Thanos Refinement Hammer,DelayConsume
100620,True_GemShadow_Mix,True Gemstone Shadow Thump Box,DelayConsume
100621,Mammoth_Mix,Maximum Mammonth Shadow Thump Box,DelayConsume
100623,Shadow_Mix_Recipe_TH,Lapine Box (Shadow),DelayConsume
100626,GrayWolf_7_Ticket,Gray Wolf +7 Refinement Box,DelayConsume
100627,GrayWolf_9_Ticket,Gray Wolf +9 Refinement Box,DelayConsume
100648,Consecrate_Weapon_1,Purification Ritual,DelayConsume
100649,Consecrate_Weapon_2,Advanced Purification Ritual,DelayConsume
100650,Pontifex_Courage,Pontifex Courage,DelayConsume
100651,Pontifex_Wisdom,Pontifex Wisdom,DelayConsume
100652,Pontifex_Tenacity,Pontifex Tenacity,DelayConsume
100653,Pontifex_Belief,Pontifex Belief,DelayConsume
100655,Blue_Prints_Scroll,Cleansing Blueprint Bundle,Usable
100661,EXPShadow_Mix,Experience Shadow Thump Box,DelayConsume
100684,Bio_Helm_Refine_Cube,Biological Lab Helmet +11 Refinement Cube,DelayConsume
100690,Material_Shadow_CubeII,Material Shadow Cube II,Usable
100691,AbsorbShadow_Mix,Absolve Shadow Thump Box,DelayConsume
100694,C_Armor_Reform_1,Armor Modification Box (Lower),DelayConsume
100695,C_Armor_Reform_2,Armor Modification Box (Middle),DelayConsume
100699,Twins_Box_IL,Twins Refinement Box,DelayConsume
100700,S_Twins_Box_IL,Special Twins Refinement Box,DelayConsume
100706,Ancient_Hero_Will,Will of Ancient Hero,Usable
100707,Mammoth_Shadow_Box,Mammoth Shadow Box,Usable
100708,Shadow_R_M_Box,Shadow Spellbook Box,Usable
100709,All_Shadow_Cube,All Shadow Cube,Usable
100710,EXP_Overclocker,EXP Overclocker,DelayConsume
100717,Fluffy_Semi_Long_Box,Semi-Long Costume Box,Usable
100721,Enchant_Stone_Box23,Costume Enchant Stone Box 23,Usable
100722,Booster_RandomOpt_P,Booster Modification Stone(Physical),DelayConsume
100723,Booster_RandomOpt_M,Booster Modification Stone(Magical),DelayConsume
100724,Spring_Energy,Spring Energy,Usable
100726,Booster_Pack_215,Booster Pack(215),Usable
100727,Booster_Pack_230,Booster Pack(230),Usable
100728,AngelPoringJewel_Box,Angel Poring Boots Stone Box,Usable
100742,Up_Hero_Weapon_Box,Awakened Ancient Heros Weapon Box,Usable
100744,Hero_LT_Refine_Melee,Hero's Weapon Modifier(Physical),DelayConsume
100745,Hero_LT_Refine_Magic,Hero's Weapon Modifier(Magical),DelayConsume
100746,C_Weapon_Reform_1,Weapon Modification Box (Lower),DelayConsume
100747,C_Weapon_Reform_2,Weapon Modification Box (Middle),DelayConsume
100748,C_Weapon_Reform_3,Weapon Modification Box (Upper),DelayConsume
100750,High_Refine_Guarantee,Advanced Refining Certificate Envelope,Usable
100751,Refine_Guarantee,Refining Certificate Envelope,Usable
100752,Special_Refine_Cube,Special Refinement Cube Box,Usable
100753,Hero_Equipment_Cube,Ancient Hero's Release Cube,DelayConsume
100754,Kr_B_Special04,Brilliant Soda,Usable
100783,MajorAutoSpell_Mix,Auto Spell Shadow Thump Box,DelayConsume
100784,Shadow_Changer_W_Shi,Shadow Changer (Weapon→Shield),DelayConsume
100785,AutoSpell_Shadow_Box,Auto Spell Shadow Box,Usable
100786,C_Armor_Reform_3,Armor Modification Box (Upper),DelayConsume
100796,Darkness_Bible,Dark Bible,Usable
100810,BroadcastBox_,Broadcast Box,Usable
100816,Summer_Energy,Summer Vibes,Usable
100817,Thanos_Upgrade_Box,Thanos Upgrade Box,DelayConsume
100819,Hero_Weapon_Up_Box_1,Hero's Weapon Modification Box I,DelayConsume
100820,Hero_Weapon_Up_Box_2,Hero's Weapon Modification Box II,DelayConsume
100821,Hero_Weapon_Hammer_1,Modified Hero's Weapon Refinement Hammer I,DelayConsume
100822,Hero_Weapon_Hammer_2,Modified Hero's Weapon Refinement Hammer II,DelayConsume
100823,Lens_Craft_Stone,Lens Craft Stone,DelayConsume
100829,Farfalle,Farfalle,Usable
100830,Cream_Noodle2,Creamy Shrimp Pasta,Usable
100831,Festival_Noodle2,Feast Noodles,Usable
100832,Tamato_Noodle2,Tomato Noodles,Usable
100833,Oil_Noodle,Soy Sauce Bibim Noodles,Usable
100834,Hero_Weapon_Up_Box_3,Hero's Weapon Modification Box III,DelayConsume
100835,Hero_Weapon_Hammer_3,Modified Hero's Weapon Refinement Hammer III,DelayConsume
100848,Watermelon_Pudding_J,Watermelon Pudding,Healing
100870,S_Enchant_Stone_Box,Special Costume Enchant Stone Box,Usable
100874,C_Giant_Fly_1Day_Box__,Infinite Giant Fly Wings Daily Box,Cash
100875,C_Wing_Of_Fly_3Day_B__,?nfinite Fly Wings Box (3 Days),Cash
100880,S_Piercing_Box,Piercing Shadow Box,Usable
100886,PhyMag_Shadow_Box,Physical Magical Shadow Box,Usable
100887,MagicalShadow_Mix,Clever Shadow Thump Box,DelayConsume
100888,PhysicalShadow_Mix,Durable Shadow Pick-Up Box,DelayConsume
100890,Shadow_Changer_A_W,Shadow Changer (Armor→Weapon),DelayConsume
100900,Teleport_Ep19_01,Ice Castle Transport Wing,Usable
100901,Teleport_Ep18_01,Gray Wolf Village Transport Wing,Usable
100902,Teleport_Ep17_02,Varmundt Mansion Teleport Wing,Usable
100903,Teleport_Ep17_01,Border Area Cor Teleport Wing,Usable
100904,Teleport_Ep16_01,Military Base Teleport Wing,Usable
100906,E_All_In_One_Buff,[Not For Sale] 21st Anniversary All in One Potion,Usable
100908,S_M_Piercing_Box,Magic Piercing Shadow Box,Usable
100910,S_Dual_Stone_Box,Special Dual Enchant Stone Box,Usable
100911,S_Costume_Box,Special Outfit Package,Usable
100913,EXP_Drop_Up_7days,Kafra Buff(7 Days),Usable
100914,EXP_Drop_Up_1Hours,Kafra Buff(1 Hour),Usable
100917,Hero_Weapon_Hammer_4,Modified Hero's Weapon Refinement Hammer IV,DelayConsume
100918,Hero_Weapon_Up_Box_4,Hero's Weapon Modification Box IV,DelayConsume
100920,Enchant_Stone_Box24,Costume Enchant Stone Box 24,Usable
100929,GM_Lost_Bagpack,GM Bigfoot Bag,Usable
100933,E_Potion_Box,[Gift] Potion Box,Usable
100934,Buff_Scroll_Box,[Not For Sale] Buff Scroll Box,Usable
100938,Hero_Weapon_Hammer_5,Modified Hero's Weapon Refinement Hammer V,DelayConsume
100939,Hero_Weapon_Up_Box_5,Hero's Weapon Modification Box V,DelayConsume
100943,Season_Evt_Reward_9,Thanksgiving Package,Usable
100949,EXP_Drop_Up_1day,[Security Campaign] Kafra Buff(1 Day),Usable
100950,Evt_RagFes_Box,Ragfest Commemorative Box,Usable
100951,S_Ignition_Cube,Ignition Shadow Cube,Usable
100952,S_W_Breath_Cube,Cold Breath Shadow Cube,Usable
100954,S_F_Breath_Cube,Fire Breath Shadow Cube,Usable
100955,S_Sonic_Cube,Sonic Shadow Cube,Usable
100956,S_Banish_Cannon_Cube,Vanishing Cannon Shadow Cube,Usable
100957,S_Brand_Cube,Brand Shadow Cube,Usable
100958,S_Genesis_Cube,Genesis Shadow Cube,Usable
100959,S_Chain_Press_Cube,Chain Press Shadow Cube,Usable
100960,S_Strain_Cube,Strain Shadow Cube,Usable
100961,S_Jack_Cube,Jack Shadow Cube,Usable
100962,S_Chain_Cube,Chain Shadow Cube,Usable
100963,S_Crimson_Cube,Crimson Shadow Cube,Usable
100964,S_Grave_Cube,Grave Shadow Cube,Usable
100965,S_Dust_Cube,Dust Shadow Cube,Usable
100966,S_Varetyr_Cube,Varetyr Shadow Cube,Usable
100967,S_Psychic_Cube,Psychic Shadow Cube,Usable
100968,S_Vulcan_Cube,Vulcan Shadow Cube,Usable
100969,S_Boomerang_Cube,Boomerang Shadow Cube,Usable
100970,S_Arms_Cube,Arm Shadow Cube,Usable
100971,S_Tornado_Cube,Tornado Shadow Cube,Usable
100972,S_Spore_Bomb_Cube,Spore Bomb Shadow Cube,Usable
100973,S_Cannon_Cart_Cube,Cannon Cart Shadow Cube,Usable
100974,S_Crazy_Cube,Crazy Shadow Cube,Usable
100975,S_Cart_Tornado_Cube,Tornado Cart Shadow Cube,Usable
100976,S_Duplelight_Cube,Duple Shadow Cube,Usable
100977,S_Magnus_Cube,Magnus Shadow Cube,Usable
100978,S_Adoramus_Cube,Adora Shadow Cube,Usable
100979,S_Judex_Cube,Judex Shadow Cube,Usable
100980,S_Knucklearrow_Cube,Knuckle Arrow Shadow Cube,Usable
100981,S_Skynetblow_Cube,Sky Blow Shadow Cube,Usable
100982,S_Rampage_Cube,Rampage Shadow Cube,Usable
100983,S_TigerCannon_Cube,Tiger Cannon Shadow Cube,Usable
100984,S_Rolling_Cube,Rolling Shadow Cube,Usable
100985,S_Ripper_Cube,Ripper Slasher Shadow Cube,Usable
100986,S_Slash_Cube,Slash Shadow Cube,Usable
100987,S_Katar_Cube,Katar Shadow Cube,Usable
100988,S_Menace_Cube,Menace Shadow Cube,Usable
100989,S_Shadowspell_Cube,Shadow Spell Shadow Cube,Usable
100990,S_Triangle_Cube,Triangle Shadow Cube,Usable
100991,S_Paint_Cube,Feint Shadow Cube,Usable
100992,S_Shooting_Cube,Katar Shadow Cube,Usable
100994,S_Arrow_Cube,Arrow Shadow Cube,Usable
100995,S_Aimed_Cube,Aimed Shadow Cube,Usable
100996,S_Cluster_Cube,Cluster Shadow Cube,Usable
100997,S_Rainstorm_Cube,Rainstorm Shadow Cube,Usable
100998,S_Metalic_Cube,Metallic Shadow Cube,Usable
100999,S_Arrowvulcan_Cube,Arrow Vulcan Shadow Cube,Usable
101000,S_Reverberation_Cube,Reverberation Shadow Cube,Usable
101001,S_Moonlight_Cube,Moonlight Shadow Cube,Usable
101002,S_Sunshine_Cube,Sunshine Shadow Cube,Usable
101003,S_Stardust_Cube,Stardust Shadow Cube,Usable
101004,S_S_Cube,Es Shadow Cube,Usable
101005,S_Evilcurse_Cube,Evil Curse Shadow Cube,Usable
101006,S_Syuriken_Cube,Cross Shuriken Shadow Cube,Usable
101007,S_Kunai_Cube,Kunai Shadow Cube,Usable
101008,S_Huusouka_Cube,Wind Spear Petal Shadow Cube,Usable
101009,S_Kamaenraku_Cube,First Exploding Draft Shadow Cube,Usable
101010,S_God_Hammer_Cube,God Hammer Shadow Cube,Usable
101011,S_Shatter_Buster_Cube,Shatter Buster Shadow Cube,Usable
101012,S_Tail_Dragon_Cube,Tail Dragon Shadow Cube,Usable
101013,S_Trip_Cube,Trip Shadow Cube,Usable
101014,S_Flare_Dance_Cube,Flare Dance Shadow Cube,Usable
101015,S_Super_Magic_Cube,Super Magic Shadow Cube,Usable
101016,S_Super_Power_Cube,Super Power Shadow Cube,Usable
101017,S_Silvervine_Cube,Silvervine Shadow Cube,Usable
101018,S_Catnip_Cube,Catnip Shadow Cube,Usable
101019,S_SavageRabbit_Cube,Savage Rabbit Shadow Cube,Usable
101020,S_Pickyrush_Cube,Picky Rush Shadow Cube,Usable
101021,S_RuneKnight_Cube,Rune Knight Shadow Cube,Usable
101022,S_RoyalGuard_Cube,Royal Guard Shadow Cube,Usable
101023,S_Warlock_Cube,Warlock Shadow Cube,Usable
101024,S_Sorcerer_Cube,Sorcerer Shadow Cube,Usable
101025,S_Mechanic_Cube,Mechanic Shadow Cube,Usable
101026,S_Generic_Cube,Genetic Shadow Cube,Usable
101027,S_ArchBishop_Cube,Arch Bishop Shadow Cube,Usable
101028,S_Sura_Cube,Sura Shadow Cube,Usable
101029,S_GuillotineCross_Cube,Guillotine Cross Shadow Cube,Usable
101030,S_ShadowChaser_Cube,Shadow Chaser Shadow Cube,Usable
101031,S_Ranger_Cube,Ranger Shadow Cube,Usable
101032,S_Wanderer_Cube,Wanderer Shadow Cube,Usable
101033,S_Minstrel_Cube,Minstrel Shadow Cube,Usable
101034,S_Star_Emperor_Cube,Star Emperor Shadow Cube,Usable
101035,S_Soul_Reaper_Cube,Soul Reaper Shadow Cube,Usable
101036,S_Kagerou_Cube,Kagerou Shadow Cube,Usable
101037,S_Oboro_Cube,Oboro Shadow Cube,Usable
101038,S_Rebellion_Cube,Rebellion Shadow Cube,Usable
101039,S_SuperNovice_Cube,Super Novice Shadow Cube,Usable
101040,S_Doram_Cube,Doram Shadow Cube,Usable
101041,S_Mammoth_Cube,Mammoth Shadow Cube,Usable
101042,S_Gemstone_Cube,Gemstone Shadow Cube,Usable
101043,S_Pene1_Cube,Penetration Shadow Cube I,Usable
101044,S_Pene2_Cube,Penetration Shadow Cube II,Usable
101045,S_Temp1_Cube,Tempest Shadow Cube I,Usable
101046,S_Temp2_Cube,Tempest Shadow Cube II,Usable
101047,Blacksmith_Bless_Box_3,Blacksmith Blessing Box 3,Usable
101048,Shadow_Hammer_Box_3,Holgren's Shadow Smelting Hammer Box 3,Usable
101060,Select_Example1,TestA,DelayConsume
101062,Select_Example2,TestB,DelayConsume
101067,Barmund_Rune_Box,Varmundt's Rune Box,Usable
101070,Chuseog_Present_Box,Chuseok Event Box,Usable
101074,Sealed_Card3,Sealed Seal Card III,Usable
101075,SLD_Card_Recipe,Sealed Boss Card Thump Box,DelayConsume
101077,Vivatus_Weapon_Hammer,Vivatus Weapon Refinement Hammer,DelayConsume
101078,Adulter_Weapon_Up_Box,Adulter Weapon Modification Box,DelayConsume
101097,DF_Infinity_Drink,[Scroll] Unlimited Drink,Usable
101099,ClockTower_Regulator,Spring Regulator,Usable
101100,Poenetentia_Box3,Poenitentia Two Swords Set Box,Usable
101101,Poenetentia_Box4,Poenitentia Firearm Set Box,Usable
101103,Enchant_Stone_Box25,Costume Enchant Stone Box 25,Usable
101107,Cannon_Box_Ice,Ice Cannon Ball Box,Usable
101108,Cannon_Box_Lightning,Lightning Cannon Ball Box,Usable
101109,Cannon_Box_Stone,Stone Cannon Ball Box,Usable
101110,Cannon_Box_Flare,Flare Cannon Ball Box,Usable
101111,Cannon_Box_Poisoning,Poisoning Cannon Ball Box,Usable
101112,Kunai_Scroll,Kunai Summon Scroll,Usable
101113,Kunai_Scroll_Nothing,Formless Kunai Summon Scroll,Usable
101114,Kunai_Scroll_Shadow,Shadow Kunai Summon Scroll,Usable
101115,Kunai_Scroll_Hamaya,Hamaya Kunai Summon Scroll,Usable
101116,Nw_Grenade_Box,Throwing Grenade Box,Usable
101117,Soa_Charm_Bundle,Soul Talisman Bundle,Usable
101118,SS_Charm_Box,Haze of Pitch Darkness Box,Usable
101119,SS_Charm_F_Box,Haze of Prominence Box,Usable
101120,SS_Charm_W_Box,Haze of Icy Snow Box,Usable
101121,SS_Charm_G_Box,Haze of Mother Earth Box,Usable
101122,SS_Charm_L_Box,Haze of North Wind Box,Usable
101123,RO_Live_Shop_Box,RO Live Shop Box,Usable
101124,RO_Live_Shop_Ex_Box,RO Live Shop Luxury Box,Usable
101126,DF_Halloween_Candy,[Scroll] Halloween Candy,Healing
101128,Season_Evt_Reward_11,Royal Reward Box,Usable
101129,Payment_Costume_Box1,Random Costume Box,Usable
101130,Payment_Costume_Box2,Confirmed Costume Box,Usable
101139,E_Boarding_Halter_Box,Riding Halter Box,Cash
101148,Security_Campaign_Box,[Security Campaign Reward Box],Usable
101159,C_Braid_Half_Up_Box,Costume Pigtails Half Up Box,Usable
101161,Season_Evt_Reward_12,Snowflake Reward Box,Usable
101162,Ep19_Rgan_Scroll,Rgan Transformation Scroll,Usable
101166,Kr_B_Special05,G-Star RO Shop Box,Usable
101167,Kr_B_Special06,2021 G-Star Commemorative Box,Cash
101168,Kr_B_Special07,[NotForSale] Special Potion,Usable
101169,Kr_B_Special09,Exhibition Hall Movement Scroll,Usable
101170,Kr_B_Special08,2021 Quiz Reward Box,Usable
101177,FullPenest_Shadow_Up,Full Temperament Shadow Spellbook,DelayConsume
101178,Reload_Shadow_Up,Reload Shadow Spellbook,DelayConsume
101179,SpellCaster_Shadow_Up,Spell Caster Shadow Spellbook,DelayConsume
101180,Ex_Status_Shadow_Up,Trait Status Shadow Spellbook,DelayConsume
101181,ReloadShadow_Mix,Reload Shadow Thump Box,DelayConsume
101182,SpellCasterShadow_Mix,Spell Caster Shadow Thump Box,DelayConsume
101183,Ice_F_Stone_Box,Snow Flower Manastone Extractor,Usable
101184,Ice_F_Stone_Box2,Ice Magic Stone Box 2,DelayConsume
101185,Snow_F_Enchant,Snowflower Armor Enchant (Armor),DelayConsume
101186,Glacier_W_Enchant,Glacier Weapon Enchantment,DelayConsume
101187,Snow_F_Refine,Snow Flower Armor +9 Refinement Cube,DelayConsume
101188,Glacier_W_Refine,Glacier Weapon +9 Refinement Cube,DelayConsume
101189,Hero_Weapon_Hammer_6,Modified Hero's Weapon Refinement Hammer VI,DelayConsume
101190,Hero_Weapon_Up_Box_6,Hero's Weapon Modification Box VI,DelayConsume
101194,Hero_Token_Box,Heroic Token Egg,Usable
101200,Motp_Potion,[Security Campaign] Special Energy Drink,Usable
101217,Snow_F_Enchant2,Snowflower Armor Enchant (Garment),DelayConsume
101218,Snow_F_Enchant3,Snowflower Armor Enchant (Shoes),DelayConsume
101219,Snow_F_Enchant4,Snowflower Armor Enchant (Accessory A),DelayConsume
101220,Snow_F_Enchant5,Snowflower Armor Enchant (Accessory B),DelayConsume
101234,Booster_Pack_120,Booster Pack(120),Usable
101236,Booster_Pack_150,Booster Pack(150),Usable
101238,E_EXP_Drop_Up_7days,[NotForSale] Kafra Buff(7 Days),Usable
101240,Season_Evt_Reward_1,January Event's Reward Box,Usable
101241,Strange_Tteokguk,Hyul's Special Rice Cake Soup,Usable
101243,Shadow_Changer_NPC,Shadow Changer,DelayConsume
101257,R_BearersShadow_Mix,Lord Bearer's Shadow Thump Box,DelayConsume
101258,M_BlitzShadow_Mix,Mega Blitz Shadow Thump Box,DelayConsume
101259,Special_Hat_Hammer,Refinement Hammer for Special Hats,DelayConsume
101260,R_Bearers_Shadow_Up,Lord Bearer's Shadow Spellbook,DelayConsume
101261,M_Blitz_Shadow_Up,Mega Blitz Shadow Spellbook,DelayConsume
101262,Absorb_Shadow_Up,Absorb Shadow Spellbook,DelayConsume
101264,Mammoth_Shadow_Up,Maximum Mammoth Shadow Spellbook,DelayConsume
101268,2021_Winter_Event_Box1,Winter Event Costume Basket,Usable
101269,2021_Winter_Event_Box2,Winter Event Costume Box,Usable
101271,Enchant_Stone_Box26,Costume Enchant Stone Box 26,Usable
101276,New_Year_Rice_Soup,New Year Rice Soup,Usable
101279,2022_LunarNewYears_box,New Year Gift Box,Usable
101306,Poenitentia_Hammer,Poenitentia Refining Hammer,DelayConsume
101307,Barmund_Hammer,Barmund Refining Hammer,DelayConsume
101308,True_GemShadow_Up,True Gemstone Shadow Spellbook,DelayConsume
101309,EXPShadow_Up,Experience Shadow Spellbook,DelayConsume
101310,MagicalShadow_Up,Clever Shadow Spellbook,DelayConsume
101311,InfinityShadow_Up,Infinity Shadow Spellbook,DelayConsume
101314,Viva_Adul_Hat_Box,Helm of Faith Box,Usable
101321,2022Reward_Box,Event Error Compensation Box,Usable
101322,TH_DF_Special01,Love Confession Chocolate,Healing
101331,Fruits_Set_Trap,Fruit Set Trap,Usable
101336,DF_DEX_Biscuit_Stick,[Scroll] DEX Biscuit Stick,Usable
101337,DF_VIT_Biscuit_Stick,[Scroll] VIT Biscuit Stick,Usable
101340,Bs_Item_M_S_52,Blacksmith's Blessing Recipe,DelayConsume
101341,Bs_Item_M_S_53,Hollgrehenn's Shadow Refine Hammer Recipe,DelayConsume
101342,Bs_Item_M_S_54,Powerful Soul Essence Recipe,DelayConsume
101343,Bs_Item_M_S_55,Powerful Dimension Essence Recipe,DelayConsume
101344,Bs_Item_M_S_56,Enchantment Ticket Recipe,DelayConsume
101345,Bs_Item_M_S_57,Beast's Leather Shoes Recipe,DelayConsume
101346,Bs_Item_M_S_58,Pirate Captain's Coat Recipe,DelayConsume
101347,Bs_Item_M_S_59,Phreeoni Wing Suit Recipe,DelayConsume
101352,E_Bubble_Gum_Box10,[Not For Sale] Bubble Gum Box,Cash
101355,OS_Weapon_Reform,OS Weapon Modification Box,DelayConsume
101357,BlessOfRabbit,Rabbit's Blessed Egg,Delayconsume
101359,MajorAutoSpell_Up,Major Auto Spell Shadow Spellbook,DelayConsume
101360,Hasty_Up,Hasty Shadow Spellbook,DelayConsume
101361,PhysicalShadow_Up,Durable Shadow Spellbook,DelayConsume
101362,PerfectSize_Up,Perfect Size Shadow Spellbook,DelayConsume
101363,OS_Helm_Hammer,Upgraded OS Helmet Refine Hammer,DelayConsume
101364,OS_Weapon_Hammer,Upgraded OS Weapon Refine Hammer,DelayConsume
101389,Helm_Of_Faith_Hammer,Helm of Faith Refine Hammer,DelayConsume
101390,Clock_Tower_W_Hammer,Clock Tower Basement Refine Hammer,DelayConsume
101391,VR_Books001,Scientist's Escape Log,Usable
101393,MugwortRiceCake,Mugwort Rice Cake,Healing
101394,Dogyeonju,Azalea Wine,Healing
101399,Enchant_Ticket_3,Enchantment Ticket Envelope,Usable
101404,Fantastic_Exp_Potion,Fantasy Growth Potion,Usable
101406,Fantastic_JobExp_Potion,Fantasy Job Growth Potion,Usable
101407,Normal_VR_Scroll,Move Scroll(Convenience),Usable
101408,Danger_VR_Scroll,Move Scroll(Danger Areas),Usable
101416,Enchant_Stone_Box27,Costume Enchant Stone Box 27,Usable
101423,Boost_Armor_Box,Boost Armor Box,DelayConsume
101453,Special_Coin_Pack,Special Coin Pack,DelayConsume
101454,Metal_W_Box,Metal Weapon Box,DelayConsume
101455,E_Auto_Up,Automatic (bound) upgrade package,DelayConsume
101456,Memento_Box,Souvenir Box,DelayConsume
101457,P_Memento_Box,Premium Souvenir Box,DelayConsume
101458,Booster_Hat_Box,Booster Costume Helmet Box,DelayConsume
101459,Booster_Back_Box,Booster Costume Backpack Box,DelayConsume
101460,P_Booster230_Gift,Premium Booster Gift Box,Usable
101461,Fan_Greed_1Hour_Box,Fantasy Series Greed Scroll Box,Cash
101463,HD_Elunium_10Box_MSP,(Limited) HD Elunium 10 Box,Usable
101465,HD_Oridecon_10Box_MSP,(Limited) HD Oridecon 10 Box,Usable
101470,Minus_Status_Box_,Stats Soul Potion Selection Box,DelayConsume
101471,Alchemist_Box_,Alchemist Selection Box,DelayConsume
101473,P_Booster_Call,Premium Booster Call,Usable
101474,Booster_B_M_1,Booster Combat Manual,Usable
101475,Booster_B_M_2,Booster Advanced Combat Manual,Usable
101476,Booster230_Gift,Booster Gift Box,Usable
101482,Freedom_Stick_Cube,Freedom Stick Remodeling Cube,DelayConsume
101483,Blessed_Knife_Cube,Blessed Knife Remodeling Cube,DelayConsume
101490,Booster_Pack_10,Booster Pack(10),Usable
101491,Booster_Pack_20,Booster Pack(20),Usable
101492,Booster_Pack_40,Booster Pack(40),Usable
101493,Booster_Pack_50,Booster Pack(50),Usable
101494,Booster_Pack_70,Booster Pack(70),Usable
101495,Booster_Pack_80,Booster Pack (80),Usable
101496,Booster_Pack_110,Booster Pack(110),Usable
101497,Booster_Pack_140,Booster Pack(140),Usable
101498,Booster_Pack_170,Booster Pack(170),Usable
101499,Booster_Pack_180,Booster Pack (180),Usable
101500,Booster_Pack_210,Booster Pack(210),Usable
101501,Booster_Pack_220,Booster Pack(220),Usable
101502,Booster_Pack_240,Booster Pack(240),Usable
101503,Booster_Pack_250,Booster Pack (250),Usable
101512,Hero_Weapon_Box_TH1,Ancient Hero Box 1,Usable
101513,DF_STR_Biscuit_Stick,[Scroll] STR Biscuit Stick,Usable
101514,DF_INT_Biscuit_Stick,[Scroll] INT Biscuit Stick,Usable
101522,F_VR_Book001,Fantasy Series 001,Usable
101523,F_VR_Book002,Fantasy Series 002,Usable
101524,F_VR_Book003,Fantasy Series 003,Usable
101525,F_VR_Book004,Fantasy Series 004,Usable
101538,Booster_Call_Package,Booster box,Usable
101542,FullPene_Select_Box,Full Penetration Shadow Selection Box,DelayConsume
101543,FullPene_Earring_Box,Full Penetration Shadow Earring Box,Usable
101544,FullPene_Pendant_Box,Full Penetration Shadow Pendant Box,Usable
101545,FullPene_Armor_Box,Full Penetration Shadow Armor Box,Usable
101546,FullPene_Shoes_Box,Full Penetration Shadow Shoes Box,Usable
101547,FullTemp_Select_Box,Full Tempest Shadow Selection Box,DelayConsume
101548,FullTemp_Earring_Box,Full Tempest Shadow Earring Box,Usable
101549,FullTemp_Pendant_Box,Full Tempest Shadow Pendant Box,Usable
101550,FullTemp_Armor_Box,Full Tempest Shadow Armor Box,Usable
101551,FullTemp_Shoes_Box,Full Tempest Shadow Shoes Box,Usable
101552,Durable_Select_Box,Durable Shadow Selection Box,DelayConsume
101553,Durable_Weapon_Box,Durable Shadow Weapon Box,Usable
101554,Durable_Shield_Box,Durable Shadow Shield Box,Usable
101555,Clever_Select_Box,Clever Shadow Selection Box,DelayConsume
101556,Clever_Weapon_Box,Clever Shadow Weapon Box,Usable
101557,Clever_Shield_Box,Clever Shadow Shield Box,Usable
101563,OS_Helm_Box_,Helmet Selection Box for OS Weapons,DelayConsume
101564,AllMighty_Up,Almighty Shadow Spellbook,DelayConsume
101565,Shadow_R_M_Box_,Shadow Spellbook Selection Box,DelayConsume
101567,KAKAO_Plus_Box,Gravity Fluffy Gift Box,Usable
101589,E_Boarding_Halter_Box2,[Not for Sale] Boarding Rein Box,Cash
101596,Evt_20th_Shield,Kingdom Shield,Usable
101597,Evt_20th_Protector,Guardians of the Kingdom,Usable
101599,Evt_Makingmaterials_Box,[Event] Equipment Crafting Material Box,Usable
101600,Evt_20th_Whitegold,Merit Box (Platinum Class),Usable
101601,Evt_20th_Gold,Merit Box (Gold Class),Usable
101602,Evt_20th_Silver,Merit Box (Silver grade),Usable
101603,Evt_20th_Bronze,Merit Box (Equivalent level),Usable
101604,Evt_20th_Return,Commander's Return,Usable
101605,Evt_20th_Return2,Commander's Advanced Answers,Usable
101637,EP19_DGW_Refine,Dim Glacier Reinforcement Device,DelayConsume
101638,D_Glacier_W_Enchant,Dim Glacia Weapon Enhancement,Usable
101639,D_Gw_Extractor,Dim Glacier Extractor,DelayConsume
101645,GMT_Robe_Stone,Geffen Secret Stone,DelayConsume
101649,Mjo_Ein_Enchant,Upgrade Mining Equipment Enchantments,Usable
101653,Viva_Adul_Hat_Box_11,+11 Helm of Face Chest,Usable
101654,AllMighty_Select_Box,Almighty Shadow Selection Box,DelayConsume
101655,AllMighty_Earring_Box,Almighty Shadow Earring Box,Usable
101656,AllMighty_Pendant_Box,Almighty Shadow Pendant Box,Usable
101657,TrueGem_Select_Box,True Gemstone Shadow Selection Box,DelayConsume
101658,TrueGem_Earring_Box,True Gemstone Shadow Earring Box,Usable
101659,TrueGem_Pendant_Box,True Gemstone Shadow Pendant Box,Usable
101660,TrueGem_Shoes_Box,True Gemstone Shadow Shoes Box,Usable
101661,TrueGem_Armor_Box,True Gemstone Shadow Armor Box,Usable
101662,PerfectSize_Select_Box,Perfect Size Shadow Selection Box,DelayConsume
101663,PerfectSize_Weapon_Box,Perfect Size Shadow Weapon Box,Usable
101664,PerfectSize_Armor_Box,Perfect Size Shadow Armor Box,Usable
101665,EXPShadow_Mix2,Experience Shadow Pickbox (Weapon),DelayConsume
101666,Shadow_Up_Box,Special Shadow Spellbook Box,Usable
101675,Enchant_Stone_Box28,Costume Enchant Stone Box 28,Usable
101705,F_VR_Book006,Fantasy Series 006,Usable
101706,F_VR_Book007,Fantasy Series 007,Usable
101717,Mammoth_Earring_Box,Maximum Mammoth Shadow Earring Box,Usable
101718,Mammoth_Pendant_Box,Maximum Mammoth Shadow Pendant Box,Usable
101719,Mammoth_Armor_Box,Maximum Mammoth Shadow Armor Box,Usable
101720,Mammoth_Shoes_Box,Maximum Mammoth Shadow Shoes Box,Usable
101721,SpellCaster_Earring_Box,Spell Caster Shadow Earring Box,Usable
101722,SpellCaster_Pendant_Box,Spell Caster Shadow Pendant Box,Usable
101723,SpellCaster_Armor_Box,Spell Caster Shadow Armor Box,Usable
101724,SpellCaster_Shoes_Box,Spell Caster Shadow Shoes Box,Usable
101725,Absorb_Weapon_Box,Absorb Shadow Weapon Box,Usable
101726,Absorb_Shield_Box,Absorb Shadow Shield Box,Usable
101727,Mammoth_Select_Box,Maximum Mammoth Shadow Selection Box,DelayConsume
101728,SpellCaster_Select_Box,Spell Caster Shadow Selection Box,DelayConsume
101729,Absorb_Select_Box,Absorb Shadow Selection Box,DelayConsume
101744,E_Cloth_Dye_Box,[Non-sale] Clothes dyeing Coupon Box,Usable
101745,Dimmen_A_Reform,Unsealing the dimension,DelayConsume
101746,Dimmen_A_Enchant,Dimensional Enchantment Box,Usable
101750,Herosria_Gift,Heroria's Gift,Usable
101752,RO_Festival_Box,Ragnarok Festival Box,Usable
101753,Heros_Purple_H_Jam,Heroria Purple Herb Jam,Usable
101754,Heros_Red_H_Jam,Heroria Red Herb Jam,Usable
101755,Heros_Blue_H_Jam,Heroria Blue Herb Jam,Usable
101756,Heros_Yellow_H_Jam,Heroria Yellow Herb Jam,Usable
101757,Heros_White_H_Jam,Heroria White Herb Jam,Usable
101759,Plain_Rune_Box5,Plain Rune 5ea Box,Usable
101760,Flame_Rune_Box5,Flame Rune 5ea Box,Usable
101761,Ice_Rune_Box5,Ice Rune 5ea Box,Usable
101762,Death_Rune_Box5,Death Rune 5ea Box,Usable
101765,Barmund_P_Enchant,Meadow Rune Enchantment,Usable
101766,Barmund_D_Enchant,Death Rune Enchantment,Usable
101767,Barmund_F_Enchant,Fire Rune Enchantment,Usable
101768,Barmund_I_Enchant,Ice Rune Enchantment,Usable
101769,Barmund_Plain_Reform,Grass Rune Upgrade,DelayConsume
101770,Barmund_Death_Reform,Death Rune Upgrade,DelayConsume
101771,Barmund_Flame_Reform,Fire Rune Upgrade,DelayConsume
101772,Barmund_Ice_Reform,Ice Rune Upgrade,DelayConsume
101774,Service1_M_01_Box,Edward Zonda Owner's Box (1 Day),Cash
101775,Service1_M_05_Box,Edward Zonda Owner's Box (5 Days),Cash
101776,Service1_M_07_Box,Edward Zonda Your Own Box (7 Days),Cash
101777,Service1_M_10_Box,Edward Zonda Owner's Box (10 Days),Cash
101778,Service1P_M_01_Box,Edward Zonda Ownerra EX Box (1 Day),Cash
101779,Service1P_M_05_Box,Edward Zonda Owra EX Box (5 days),Cash
101780,Service1P_M_07_Box,Edward Zonda Ownerra EX Box (7 Days),Cash
101781,Service1P_M_10_Box,Edward Zonda Ownerra EX Box (10 Days),Cash
101782,Service1_F_01_Box,Elysee Zonda Come on Box (1 day),Cash
101783,Service1_F_05_Box,Elise Zonda Come Box (5 Days),Cash
101784,Service1_F_07_Box,Elysee Zonda Come Box (7 Days),Cash
101785,Service1_F_10_Box,Elysee Zonda Come Box (10 Days),Cash
101786,Service1P_F_01_Box,Elysee Zonda Own EX Box (1 day),Cash
101787,Service1P_F_05_Box,Elysee Zonda Own EX Box (5 days),Cash
101788,Service1P_F_07_Box,Elysee Zonda Own EX Box (7 days),Cash
101789,Service1P_F_10_Box,Elysee Zonda Own EX Box (10 days),Cash
101792,SubjectCape_Refine_Cube,Subject Manteau 12 Refine Cube,DelayConsume
101801,R_Bearers_Select_Box,Road Bearers Shadow Selection Box,DelayConsume
101802,R_Bearers_Earring_Box,Rod Bearers Earring Shadow Box,Usable
101803,R_Bearers_Pendant_Box,Rod Bearers Pendant Shadow Box,Usable
101804,R_Bearers_Armor_Box,Lord Bearers Armor Shadow Box,Usable
101805,R_Bearers_Shoes_Box,Road Bearers Shoes Shadow Box,Usable
101806,Hasty_Select_Box,Hasty Shadow Selection Box,DelayConsume
101807,Hasty_Weapon_Box,Hasty Weapon Shadow Box,Usable
101808,Hasty_Shield_Box,Hasty Shield Shadow Box,Usable
101809,S_Reload_Shield_Box,Separate Reload Shield Shadow Box,Usable
101816,Dimmen_A_Refine,Dimension Enhancer,DelayConsume
101834,F_VR_Book009,Fantasy Series 009,Usable
101835,F_VR_Book005,Fantasy Series 005,Usable
101837,F_VR_Book008,Fantasy Series 008,Usable
101839,RO_Arena_Box,Ragnarok Arena Pre-Order Reward Box,Usable
101840,RO_Arena_Box2,Ragnarok Arena Level 7 Achievement Reward Box,Usable
101856,MAutoSpell_Select_Box,Major Auto Spell Shadow Selection Box,DelayConsume
101858,MAutoSpell_Earring_Box,Major Auto Spell Earring Shadow Box,Usable
101859,MAutoSpell_Pendant_Box,Major Auto Spell Pendant Shadow Box,Usable
101860,MAutoSpell_Armor_Box,Major Auto Spell Armor Shadow Box,Usable
101861,MAutoSpell_Shoes_Box,Major Auto Spell Shoes Shadow Box,Usable
101862,Infinity_Select_Box,Infinity Shadow Selection Box,DelayConsume
101863,Infinity_Weapon_Box,Infinity Weapon Shadow Box,Usable
101864,Infinity_Shield_Box,Infinity Shield Shadow Box,Usable
101869,Luxurious_Blue_Box,Luxury blue box,Usable
101876,Enchant_Stone_Box29,Costume Enchant Stone Box 29,Usable
101889,Vr_Book_Event,Fantasy Collection Collection Box,Usable
101912,Temple_Rune_Box5,Holy Rune Box 5,Usable
101913,Venom_Rune_Box5,Poison Rune x5 Box,Usable
101914,Soul_Rune_Box5,Box of 5 Soul Runes,Usable
101919,EXP_Select_Box,Experience Shadow Selection Box,DelayConsume
101920,EXP_Weapon_Box,Experience Weapon Shadow Box,Usable
101921,EXP_Shield_Box,Experience Shield Shadow Box,Usable
101922,M_Blitz_Select_Box,Mega Blitz Shadow Selection Box,DelayConsume
101923,M_Blitz_Weapon_Box,Mega Blitz Weapon Shadow Box,Usable
101924,M_Blitz_Shield_Box,Mega Blitz Shield Shadow Box,Usable
101925,Cvt_Wing_Box,Convertible Wing Box,Usable
101930,Barmund_S_Enchant,Soul Rune Enchantment,Usable
101931,Barmund_V_Enchant,Poison Rune Enchantment,Usable
101932,Barmund_T_Enchant,Crusade Rune Enchantment,Usable
101933,Barmund_Soul_Reform,Rune Soul Reform,DelayConsume
101934,Barmund_Venom_Reform,Rune Venom Reform,DelayConsume
101935,Barmund_Temple_Reform,Rune Temple Reform,DelayConsume
101936,Barmund_S_Reform,Varmundt Soul Reform,DelayConsume
101937,Barmund_V_Reform,Varmundt Venom Reform,DelayConsume
101938,Barmund_T_Reform,Varmundt Temple Reform,DelayConsume
101947,A_Bubble_Gum,[Achievement] Bubble Gum,Usable
101948,A_Bubble_Gum_Box10,[Achievement] 10 boxes of bubble gum,Usable
101954,Intake_Hair_Box,Intake Hair Gift Box,Usable
102015,Mocadas_Enchant_Box,Mocadas Equipment Enchantment,Usable
102016,F_Ein_1HDAGGER_Box,Metal Detector Box,Usable
102017,Mocadas_Refine_Box,Smelting Mocadas Equipment 9~10,DelayConsume
102018,Amp_Blueprint1,Amplification Schematic (Metal Detector MK47),DelayConsume
102019,Amp_Blueprint3,Amplification Blueprint (Safety Saver),DelayConsume
102020,Amp_Blueprint2,Amplification Schematic (Gem Detector Mk47),DelayConsume
102021,Amp_Blueprint4,Amplification Schematic (Safety Foxtail),DelayConsume
102022,Amp_Blueprint6,Amplification Blueprint (Crowsword),DelayConsume
102023,Amp_Blueprint5,Amplification Schematic (Blocking Spear),DelayConsume
102024,Amp_Blueprint7,Amplification Schematic (Rubber Hammer),DelayConsume
102025,Amp_Blueprint8,Amplification Blueprint (Saw Ax),DelayConsume
102026,Amp_Blueprint9,Amplification Schematic (Safety Knuckle),DelayConsume
102027,Amp_Blueprint10,Amplification Schematic (Safety Manual),DelayConsume
102028,Amp_Blueprint11,Amplification Schematic (Welding Wand),DelayConsume
102029,Amp_Blueprint12,Amplification Blueprint (Detecting Staff),DelayConsume
102030,Amp_Blueprint13,Amplification Blueprint (Grinder Fengma Shuriken),DelayConsume
102031,Amp_Blueprint14,Amplification Schematic (Volt Shooter),DelayConsume
102032,Amp_Blueprint15,Amplified Blueprint (Bolt Crusher),DelayConsume
102033,Amp_Blueprint16,Amplified Schematic (Volt Revolver),DelayConsume
102034,Amp_Blueprint17,Amplified Schematic (Safety Whip),DelayConsume
102035,Amp_Blueprint18,Amplification Schematic (Safety Lute),DelayConsume
102040,Mocadas_Slabs1,Mocadas Slate (Sashir),DelayConsume
102041,Mocadas_Slabs2,Mocadas Slate (Panjira),DelayConsume
102042,Mocadas_Slabs3,Mocadas Slate (Jedogar),DelayConsume
102043,Mocadas_Slabs4,Mocadas Slate (Kiteb),DelayConsume
102044,Mocadas_Slabs5,Mocadas Slate (Tasiripati),DelayConsume
102045,Mocadas_Slabs6,Mocadas Slate (Dest),DelayConsume
102046,Mocadas_Slabs7,Mocadas Slate (Tavar),DelayConsume
102047,Mocadas_Slabs8,Mocadas Slate (Dawablunt),DelayConsume
102048,Mocadas_Slabs9,Mocadas Slate (Mesht),DelayConsume
102049,Mocadas_Slabs10,Mocadas Slate (Baru),DelayConsume
102050,Mocadas_Slabs11,Mocadas Slate (Blessing),DelayConsume
102051,Mocadas_Slabs12,Mocadas Slate (Saz),DelayConsume
102052,Mocadas_Slabs13,Mocadas Slate (Sharrak),DelayConsume
102053,Mocadas_Slabs14,Mocadas Slate (Tea Man),DelayConsume
102054,Mocadas_Slabs15,Mocadas Slate (Gross),DelayConsume
102055,Mocadas_Slabs16,Mocadas Slate (Kaguaz),DelayConsume
102056,Mocadas_Slabs17,Mocadas Slate (Nazal),DelayConsume
102057,Mocadas_Slabs18,Mocadas Slate (Kanjar),DelayConsume
102058,Mocadas_Slabs19,Mocadas Slate (Eisa),DelayConsume
102059,Mocadas_Slabs20,Mocadas Slate (Naraenzac),DelayConsume
102060,Mocadas_Slabs21,Mocadas Slate (Tapang),DelayConsume
102061,Mocadas_Slabs22,Mocadas Slate (Saka),DelayConsume
102062,Mocadas_Slabs23,Mocadas Slate (Thelin),DelayConsume
102067,Pene_Set_Cube,Refined Penetration Shadow Cube,Usable
102068,S_Bearers_Cube,Bearers Shadow Cube,Usable
102069,Temp_Set_Cube,Refined Tempest Shadow Cube,Usable
102070,Justice_Weapon_Box,Good Weapon Box,Usable
102071,Injustice_Weapon_Box,Evil Weapon Box,Usable
102072,Justice_Weapon_Hammer,Good Weapon Smelting Hammer,DelayConsume
102073,Injustice_Weapon_Hammer,Evil Weapon Forge Hammer,DelayConsume
102074,GoodnEvil_Helm_Box,Crown of Good and Evil Box,Usable
102075,GoodnEvil_Helm_Hammer,Crown of Good and Evil Smelting Hammer,DelayConsume
102084,GoodnEvil_Circlet_Box,Crown of Good and Evil (Night Watch) Selection Box,DelayConsume
102121,DF_AGI_Biscuit_Stick,[Scroll] AGI Biscuit Stick,Usable
102123,Shadow_Select_Box_Set,Shadow Random Box Set,Usable
102124,F_Ein_Weapon_Hammer,Flush Weapon Smelting Hammer,DelayConsume
102125,Refine_Hammer_Box,Smelting Hammer Random Set,Usable
102126,Amp_Blueprint19,Amplification Schematic (Metal Detector MK47-2),DelayConsume
102128,All_In_One_buff,All-in-One Buff Potion,Usable
102129,All_In_One_Healing,All-in-one Healing Potion,Usable
102193,Enchant_Stone_Box30,Costume Enchant Stone Box 30,Usable
102202,Ep20_Fatty_Icegangu,Chubby Ice Steel Ball,Usable
102213,Hero_Weapon_Up_S_Box,Hero's Weapon Mod Selection Box,DelayConsume
102214,Hero_Weapon_Hammer_S,Modified Hero's Weapon Refining Hammer S,DelayConsume
102215,12_Refine_Cube,12 refine selection cube,DelayConsume
102216,11_Refine_Cube,11 refine selection cube,DelayConsume
102217,Hero_Weapon_S_Box_1,Ancient Hero's Weapon Selector I,DelayConsume
102218,Hero_Weapon_S_Box_2,Ancient Hero's Weapon Selector II,DelayConsume
102219,Hero_Weapon_S_Box_3,Ancient Hero's Weapon Selector III,DelayConsume
102220,Hero_Weapon_S_Box_4,Ancient Hero's Weapon Selector IV,DelayConsume
102221,Hero_Weapon_S_Box_5,Ancient Hero's Weapon Selection Box V,DelayConsume
102222,Hero_Weapon_S_Box_6,Ancient Hero's Weapon Selection Box VI,DelayConsume
102223,Hero_Weapon_S_Box_7,Ancient Hero's Weapon Selection Box VII,DelayConsume
102224,Hero_Up_Cube_11,+11 Ancient Hero Armor Opening Cube,DelayConsume
102226,SLD_Boss_Card_Album,Sealed Boss Card Album,Usable
102227,Glacier_Armor_9Refine,Glaceon Armor 9 refine cube,DelayConsume
102228,EP20_DGA_Refine,Dim Glaceon Armor Enhancer,DelayConsume
102238,Isgard_Crown_Hammer,Isgard Crown Smelting Hammer,DelayConsume
102246,VIP_Black_Card,Premium Black Card,Usable
102247,VIP_Gift,VIP Gift,Usable
102248,VVIP_Gift,VVIP Gift,Usable
102249,SVIP_Gift,SVIP Gift,Usable
102277,Loki_Advice,Loki's Advice (Melee Physical),DelayConsume
102278,Loki_Coin,Loki's Coin,DelayConsume
102295,Bs_Item_M_S_60,Voitata Hat Recipe,DelayConsume
102306,2023_Spring_Select,2023 Spring Reward Outfit Selection Box,DelayConsume
102307,2023_Spring_Collection,2023 Spring Reward Costume Collection Box,Usable
102308,Bs_Item_M_S_61,Beelzebub's Crown Recipe,DelayConsume
102310,Bs_Item_M_S_62,Vesper Headgear Recipe,DelayConsume
102311,Bs_Item_M_S_63,Moan of Corruption Recipe,DelayConsume
102332,Enchant_Stone_Box31,Costume Enchant Stone Box 31,Usable
102333,Stone_Robe3_Box,3rd Expansion Stone III (Drapping) Box,Usable
102337,RO_Concert_Scroll,RO Concert Costume Box,Usable
102338,RO_Concert_Scroll2,RO Concert Costume Selection Box,DelayConsume
102340,RO_Concert_Scroll_Box,RO Concert Outfit Selection Box x2,Usable
102342,Loki_Advice_3,Loki's advice (distance physics),DelayConsume
102343,Loki_Coin_3,Loki's Black Coin,DelayConsume
102344,Fan_Upgrade_Kit_EX,Fan Modification Kit EX,DelayConsume
102345,Fan_Upgrade_Kit_EX_10,Fan Modification Kit EX 10 sets,Usable
102353,CatPaw_1Day_Box,Cat Hand Ticket 1 Day Box,Cash
102373,Bar_D_A_Seal,Deep Runic Armor Inscription,DelayConsume
102374,Bar_D_A_Unseal,Depth Rune Armor Unengraved,DelayConsume
102396,FA_Armor_Reform_1,FA_Armor_Reform_1,DelayConsume
102397,FA_Armor_Reform_2,FA_Armor_Reform_1,DelayConsume
102404,Maya_Scroll_TW,Maya Purple Scroll (Egg),Usable
102413,Hero_Weapon_Box_TH2,Ancient Hero Box 2,Usable
102414,Hero_Weapon_Box_TH3,Ancient Hero Box 3,Usable
102419,Melody_Card_191,Special Melody Card,Usable
102420,Music_Box_191,Dimensional Crystal Music Box,Usable
102421,Season_Evt_Reward_8,Night Market Blue Box,Usable
102433,Unsealing_Scroll,Unsealing Scroll,Usable
102434,Warm_Shield_Scroll,Warm Shield Scroll,Usable
102440,R_Ep17_Box,Rune Tablet Engraving,DelayConsume
102441,Enchant_Stone_Box32,Costume Enchant Stone Box 32,Usable
102450,21th_Present_Box,21st anniversary gift box,Usable
102451,Mileage_Coupon,Mileage Voucher Envelope,Usable
102454,All_In_One_buff_B,[Not for Sale] All-in-One Buff Potion,Usable
102455,All_In_One_Healing_B,[Not for Sale] All-in-One Healing Potion,Usable
102467,21th_Costume_Select,21st Anniversary Costume Selection Box,DelayConsume
102468,21th_Costume_Collection,21st Anniversary Costume Collection Box,Usable
102482,FateSin_Boots_Hammer,Good and Evil Boots Refine Hammer,DelayConsume
102485,S_Enchant_Essence_Box_3,Shadow Essence 3 Boxes,Cash
102514,Season_H_Upgrade,Granting the truth of the Circulation of life,DelayConsume
102540,M_Armor_Box,M. Armor Shadow Box,Usable
102541,M_Shoes_Box,M.Shoes Shadow Box,Usable
102542,M_Pendant_Box,M.Pendant Shadow Box,Usable
102543,M_Earring_Box,M.Earring Shadow Box,Usable
102544,Ein_Ore_Box,Einbeh Ore Box,Usable
102545,Fate_Fragment_Box,Goodwill Box,Usable
102546,Sin_Fragment_Box,Box of Sin,Usable
102547,Amethyst_Fragment_Box,Amethyst Piece Box,Usable
102548,Snow_F_Ore_Box,Snowflake Manastone Box,Usable
102550,Schmidt_Antiquity,Antiquity Glast Heim (Curse-swallowed King),Usable
102551,Schmidt_Antiquity2,Antiquity Glast Heim (Curse-swallowed King (Hard),Usable
102552,C_Amdarais_Antiquity,Antiquity Glast Heim (Phantom of Amdarais),Usable
102553,C_Himel_Antiquity,Antiquity Glast Heim (Phantom of Himmelmez),Usable
102554,Amdarais_Antiquity,Antiquity Glast Heim (Amdarais),Usable
102555,Amdarais_Antiquity2,Antiquity Glast Heim (Realized Amdarais),Usable
102556,Miguel_Antiquity,Antiquity Cor (Miguel),Usable
102557,EL_A17T_Antiquity,Antiquity Cor (EL-A17T),Usable
102558,Pitaya_Boss_Antiquity,Antiquity Mansion (Meow),Usable
102559,Sweety_Antiquity,Antiquity Mansion (Sweety),Usable
102560,Redpepper_Antiquity,Antiquity Mansion (Red Pepper (Kappa)),Usable
102561,Redpepper_Antiquity2,Antiquity Mansion (Red Pepper (Lambda)),Usable
102562,Demi_Freyja_Antiquity,Antiquity Villa (Twisted God),Usable
102563,Juncea_Antiquity,Antiquity Issgard (Juncea),Usable
102564,Aquila_Antiquity,Antiquity Issgard (Aquila),Usable
102565,Aquila_Antiquity2,Antiquity Issgard (Aquila (First Class)),Usable
102566,F_Iceslug_Antiquiy,Antiquity Issgard (Fallen Angel Slug),Usable
102567,Lasgand_Antiquity,Antiquity Issgard (Ultimate Lasgand),Usable
102568,Lasgand_Antiquity2,Antiquity Issgard (Ultimate Lasgand (Hard)),Usable
102569,Celine_Kimi_Antiquity,Antiquity Toy Factory (Celine Kimi),Usable
102570,Sakray_Antiquity,Antiquity Remorse (Sakray),Usable
102571,Unknown_Antiquity,Antiquity Somatology Dungeon (Unknown Swordsman),Usable
102572,Thanatos_Antiquity,Antiquity Thanatos Tower (Memory of Thanatos),Usable
102573,Airboat_Antiquity,Antiquity Crash Site (Unidentified Creature),Usable
102580,C_AB_Hair_Box_TW,Ponytail Gift Box,Usable
102593,Honey_Songpyun_E,[Event] Honey Songpyeon,Usable
102605,Enchant_Stone_Box33,Costume Enchant Stone Box 33,Usable
102624,T_Garden_Ev_1,Energy Box of Spirit,Usable
102625,T_Garden_Ev_2,Energy Box of Season,Usable
102626,T_Garden_Ev_3,Box of Life,Usable
102631,Cinnamon_Costume_Box,Cinnamoroll Costume Selection Box,DelayConsume
102632,Cos_EnchantStone_Box1,Costume Stone Mix I Box,Usable
102633,Cos_EnchantStone_Box2,Costume Stone Mix II Box,Usable
102634,Cos_EnchantStone_Box3,Costume Stone Mix III Box,Usable
102638,S_Badge_pack,Sonic Badge Package,Usable
102668,Dimen_W_Refine,Dimensions Weapon Refinement Device,DelayConsume
102676,Loki_Coin_4,Loki's Golden Coin,DelayConsume
102677,Loki_Advice_4,Loki's Advice (Defense),DelayConsume
102701,Main_Lucky_Box_,[Reward] Kachua's Secret Key,Usable
102716,Bl_Depth_Ev_1,Deep Rune Box,Usable
102717,Bl_Depth_Ev_2,Deep Abyss Rune Box,Usable
102723,Beehive_Box,Beehive Box,Usable
102732,IsgardCrown_Box,Issgard Crown Selection Box,DelayConsume
102733,AceCard_Box,Ace Card in Mouth Selection Box,DelayConsume
102734,Loki_Coin_Box,Loki's Coin Selection Box,DelayConsume
102735,Loki_Advice_Box,Loki's Advice Selection Box,DelayConsume
102738,Brown_Dia_Box,Golden Diamond 15 ea Box,Cash
102740,PresentBox_EP17_2,Episode 17.2 Gift Box,Usable
102741,PresentBox_EP18,Episode 18 Gift Box,Usable
102742,Refine_Event_Box,Refine Event Box,Usable
102745,PresentBox_EP19,Episode 19 Gift Box,Usable
102746,PresentBox_EP20,Episode 20 Gift Box,Usable
102747,PresentBox_GlastHeim,Glast Heim Gift Box,Usable
102750,Black_Dia_3_Box,Black Diamond 3 ea Box,Cash
102767,R_Ep17_Album,Episode 17-18 Card Album,Usable
102771,2023_Xmas_Costume,Christmas Costume Selection Package,DelayConsume
102780,2401_ev_LinTteok,Inverse Scale Glutinous Rice Cake,Usable
102781,2401_ev_Galbi,New Year Galbi-jjim,Usable
102782,2401_ev_Rice_Soup,New Year Rice Cake Soup,Usable
102783,2401_ev_Lunch_Box,Sulki's Lunch Box,Usable
102795,Forgotten_Crystal_1,Crystal of Forgotten Time (Area 1),Usable
102796,Forgotten_Crystal_2,Crystal of Forgotten Time (Area 2),Usable
102797,Super_Sonic_pack,Super Sonic Package,Usable
102798,Chaos_Emerald_pack,Chaos Emerald Package,Usable
102800,VR_High_Speed,High Speed,Usable
102801,VR_1UP,1UP,Usable
102803,Force_Booster,Force Booster,Usable
102806,Brown_Dia_Box_3_7,Golden Diamond Box,Usable
102812,10AllMighty_Select_Box,+10 Almighty Shadow Selection Box,DelayConsume
102813,R_Ep178_boss,Episode 17-18 Boss Card Album,Usable
102815,R_Sealed_Card,Sealed Card Converter,DelayConsume
102820,Enchant_Stone_Box34,Costume Enchant Stone Box 34,Usable
102858,VIP_Birthday_Box,Birthday Gift Box,Usable
102869,Ep21_Fatty_Shrimp,Fatty Lunaforma Shrimp,Usable
102881,Gaebolg_A_Hammer_1,+9 Gaebolg Equipment Refine Hammer,DelayConsume
102882,Gaebolg_A_Hammer_2,+10 Gaebolg Equipment Refine Hammer,DelayConsume
102883,Gaebolg_A_Hammer_3,+11 Gaebolg Equipment Refine Hammer,DelayConsume
102900,Refine_Furious,Furious Refine Stone,DelayConsume
102908,2403_ev_Parfait,Fruit Parfait,Usable
102910,2403_ev_Berry_Cake,Strawberry Cream Cake,Usable
102911,2403_ev_Mont_Blanc,Mont Blanc Cake,Usable
102912,2403_ev_Cherry_Blossom,Cherry Blossom Rice Cake,Usable
102913,2403_ev_Spray_1,Abundant Spray,Usable
102924,2403_ev_Crepe,Sweet Crepe,Usable
102925,2403_ev_Melon_Parfait,Melon Parfait,Usable
102947,aegis_102947,Antiquity of Ghost Ship (Ghost Ship Captain),Usable
102948,aegis_102948,Antiquity of Giant Snake (Devouring Tan),Usable
102949,Sonic_Costume_Pack,Sonic Costume Selection Box,DelayConsume
102964,Teleport_Ep21,Lunaforma Travel Wing,Usable
102985,Speed_Booster,Speed Booster,Usable
103033,aegis_103033,Furious Lance Shield Box,Usable
103034,aegis_103034,Furious Dual Dagger Box,Usable
103048,P_Booster_Call_Package,[Not For Sale] Premium Booster Box,Usable
103049,P_Compensation_Box,Probability Disclosure Conpensation Box,Usable
103050,E_EXP_Drop_Up_1days,[Not For Sale] Kafra Buff (1 day),Usable
103051,E_EXP_Drop_Up_2days,[Not For Sale] Kafra Buff (2 days),Usable
103052,E_EXP_Drop_Up_3days,[Not For Sale] Kafra Buff (3 days),Usable
103053,E_EXP_Drop_Up_4days,[Not For Sale] Kafra Buff (4 days),Usable
103054,E_EXP_Drop_Up_5days,[Not For Sale] Kafra Buff (5 days),Usable
103055,E_EXP_Drop_Up_6days,[Not For Sale] Kafra Buff (6 days),Usable
103061,Change_Gender_Card,Gender Change Card,Usable
103063,Enchant_Stone_Box35,Costume Enchant Stone Box 35,Usable
103065,24_S_Ev_Noodle,Summer Festival Noodle,Usable
103066,24_S_Ev_Grilled,Herb Calamari Barbecue,Usable
103067,24_S_Ev_Podding,Sweet Watermelon Pudding,Usable
103068,24_S_Ev_Juice,Cool Watermelon Juice,Usable
103069,24_S_Ev_IceFlake,Cool Red Beans Bingsu,Usable
103070,24_S_Ev_Pop_Corn,Gourmet Butter Popcorn,Usable
103071,24_S_Ev_Ripe_Melon,Ripe Golden Melon,Usable
103094,CLB_SS_Box,Shiba Says Costume Selection Box,DelayConsume
103095,Kr_B_Special10,Love Cake,Usable
103106,Stove_Channeling_Box_1,Channeling Commemoration Box I,Usable
103107,Stove_Channeling_Box_2,Channeling Commemoration Box II,Usable
103108,Stove_Channeling_Box_3,Channeling Commemoration Box III,Usable
103109,Stove_Channeling_Box_4,Channeling Commemoration Box IV,Usable
103114,2024ROS_Box_1st,ROS Korea Representative 1st Place Box,Usable
103115,2024ROS_Box_2nd,ROS Korea Representative 2nd Place Box,Usable
103116,2024ROS_Box_3rd,ROS Korea Representative 3rd Place Box,Usable
103117,2024ROS_Box_4th,ROS Korea Participant Box,Usable
103118,2024ROS_Box_5th,ROS Korea Applicant Box,Usable
103218,aegis_103218,Angel's Song,Usable
103219,aegis_103219,Clock Lubricant,Usable
103234,aegis_103234,Costume Enchant Stone Box 36,Usable
103260,Summer_Select_Box1,Summer Costume Selection Box (Paeonia),DelayConsume
103261,Summer_Select_Box2,Summer Costume Selection Box (Parasol),DelayConsume
103262,Summer_Select_Box3,Summer Costume Selection Box (Sunbed),DelayConsume
103263,Summer_Select_Box4,Star Footprint Selection Box (Summer Beach),DelayConsume
103266,Kr_B_Special11,Sweet Poring Cake,Usable
103272,E_Speed_Booster,[Not For Sale] Speed Booster,Usable
103273,E_Force_Booster,[Not For Sale] Force Booster,Usable
103278,2024Sports_Box,2024 World Sports Cheer Box,Usable
103307,CharSlot_Open_Card,Character Slot Expansion Card,Usable
103308,Time_Gap_Refine_Hammer,Time Gap Refine Hammer,DelayConsume
103309,Reform_4th_Skill_Shadow,4th Class Jobs Skills Random Option Grant Cube,DelayConsume
103314,22th_Present_Box,22nd Anniversary Gift Box,Usable
103316,aegis_103316,Trait Status Shadow Cube,Usable
103318,Enriched_Refine_Box,Enriched Refine Ore Selection Box,DelayConsume
103319,Henriched_Refine_Box,High Enriched Refine Ore Selection Box,DelayConsume
103320,E_CharSlot_Open_Card,[Not For Sale] Character Slot Expansion Card,Usable
103334,SVIP_Gift_22thAniv,SVIP 22nd Anniversary Gift,Usable
103335,Rt_Ep17_Doubt_A,Doubtful Components Activation Reward,Usable
103339,Rt_Ep17_Doubt_3,Doubtful Components 3 Set Reward,Usable
103340,Rt_Ep17_Doubt_C,Doubtful Components Completion Reward,Usable
103347,Rt_Ep17_Auto_A,Automatic Armor Activation Reward,Usable
103348,Rt_Ep17_Auto_C,Automatic Armor Completion Reward,Usable
103349,Rt_Ep17_Secret_A,Secret Facility Activation Reward,Usable
103350,Rt_Ep17_Secret_C,Secret Facility Completion Reward,Usable
103351,Rt_Ep17_Mutant_A,Mutant Activation Reward,Usable
103352,Rt_Ep17_Mutant_C,Mutant Completion Reward,Usable
103353,Rt_Ep17_Miguel_A,Secret Activation Reward,Usable
103354,Rt_Ep17_Miguel_C,Secret Completion Reward,Usable
103355,Rt_Ep17_Miguel_2,Secret 2 Set Reward,Usable
103356,Rt_Ep17_Overload_A,Spell Addict Activation Reward,Usable
103357,Rt_Ep17_Overload_C,Spell Addict Completion Reward,Usable
103358,Rt_Ep17_Overload_3,Spell Addict 3 Set Reward,Usable
103359,Rt_Ep17_Bath_A,Baths Administration Activation Reward,Usable
103360,Rt_Ep17_Bath_C,Baths Administration Completion Reward,Usable
103361,Rt_Ep17_Garden_A,Garden Administration Activation Reward,Usable
103362,Rt_Ep17_Garden_C,Garden Administration Completion Reward,Usable
103364,Rt_Ep17_Garden_3,Garden Administration 3 Set Reward,Usable
103365,Rt_Ep17_Garden_5,Garden Administration 5 Set Reward,Usable
103366,Rt_Ep17_Green_A,Greenhouse Administration Activation Reward,Usable
103367,Rt_Ep17_Green_C,Greenhouse Administration Completion Reward,Usable
103368,Rt_Ep17_Green_2,Greenhouse Administration 2 Set Reward,Usable
103369,Rt_Ep17_Green_4,Greenhouse Administration 4 Set Reward,Usable
103370,Rt_Ep17_Wing_A,Wing Activation Reward,Usable
103371,Rt_Ep17_Wing_C,Wing Completion Reward,Usable
103372,Rt_Ep17_Wing_2,Wing 2 Set Reward,Usable
103373,Rt_Ep17_Wing_4,Wing 4 Set Reward,Usable
103374,Rt_Ep17_Harmful_A,Toxic Symptom Activation Reward,Usable
103375,Rt_Ep17_Harmful_C,Toxic Symptom Completion Reward,Usable
103376,Rt_Ep17_Harmful_2,Toxic Symptom 2 Set Reward,Usable
103377,Rt_Ep17_Harmful_4,Toxic Symptom 4 Set Reward,Usable
103378,Rt_Ep17_Boss_A,Strongest Activation Reward,Usable
103379,Rt_Ep17_Boss_C,Strongest Completion Reward,Usable
103381,Rt_Ep17_Boss_3,Strongest 3 Set Reward,Usable
103383,Rt_Ep17_Boss_5,Strongest 5 Set Reward,Usable
103385,Rt_Ep17_Malfun_A,Malfunction Activation Reward,Usable
103386,Rt_Ep17_Malfun_C,Malfunction Completion Reward,Usable
103387,Rt_Ep17_Malfun_3,Malfunction 3 Set Reward,Usable
103428,24_A_Ev_Docu,Confidential Document,Usable
103429,24_A_Ev_Rice,Symposium Rice Cake,Usable
103430,24_A_Ev_Butter,Symposium Butter Cookie,Usable
103431,24_A_Ev_Coffee,Symposium Coffee Stick,Usable
103432,24_A_Ev_Cookie,Symposium Commemorative Cookie,Usable
103437,Rt_Ep18_Armor_A,Gray Wolf Activation Reward,Usable
103438,Rt_Ep18_Armor_C,Gray Wolf Completion Reward,Usable
103439,Rt_Ep18_Melee_A,False Warrior Activation Reward,Usable
103440,Rt_Ep18_Magic_C,False Magician Completion Reward,Usable
103441,Rt_Ep18_Melee_C,False Warrior Completion Reward,Usable
103442,Rt_Ep18_Magic_A,False Magician Activation Reward,Usable
103443,Rt_Ep18_Range_A,False Shooter Activation Reward,Usable
103444,Rt_Ep18_Range_C,False Shooter Completion Reward,Usable
103445,Rt_Ep18_Field_A,Ashy Forest Activation Reward,Usable
103446,Rt_Ep18_Field_C,Ashy Forest Completion Reward,Usable
103447,Rt_Ep18_Field_3,Ashy Forest 3 Set Reward,Usable
103449,Rt_Ep18_Lava_A,Lava Zone Activation Reward,Usable
103450,Rt_Ep18_Lava_C,Lava Zone Completion Reward,Usable
103451,Rt_Ep18_Lava_2,Lava Zone 2 Set Reward,Usable
103452,Rt_Ep18_Total_A,Grey Wilderness Activation Reward,Usable
103453,Rt_Ep18_Total_C,Grey Wilderness Completion Reward,Usable
103454,Rt_Ep18_Total_3,Grey Wilderness 3 Set Reward,Usable
103455,Rt_Ep18_Total_6,Grey Wilderness 6 Set Reward,Usable
103456,Rt_Ep18_Fang_A,Burning Fang Activation Reward,Usable
103457,Rt_Ep18_Fang_C,Burning Fang Completion Reward,Usable
103458,Rt_Ep18_Demi_A,Demigod Activation Reward,Usable
103459,Rt_Ep18_Demi_C,Demigod Completion Reward,Usable
103460,Rt_Ep18_Demi_2,Demigod 2 Set Reward,Usable
103461,VVIP_Gift_22thAniv,VVIP 22nd Anniversary Gift,Usable
103462,VIP_Gift_22thAniv,VIP 22nd Anniversary Gift,Usable
103463,2409_Songpyeon,Self-made Songpyeon,Usable
103501,aegis_103501,Yorscalp 1st Floor Travel Scale,Usable
103502,aegis_103502,Yorscalp 2nd Floor Travel Scale,Usable
103503,Yorscalp_Scroll_A,Yorscalp Upgrade,DelayConsume
103505,Yorscalp_Refin_Hammer,+10 Yorscalp Equipment Refine Hammer,DelayConsume
103512,Yor_Card_P_Box,Past Heroes Fragment Box,Usable
103523,aegis_103523,Encroached Fruit,Usable
103524,EP21_Costume_Box1,Costume Gift Box I,Usable
103525,EP21_Costume_Box2,Costume Gift Box II,Usable
103537,aegis_103537,Antiquity of Giant Snake (Encroached Tan Hard),Usable
103582,aegis_103582,Time Gap Dagger Box,Usable
103597,Calender_Costume_Box,Box,DelayConsume
103608,Zonda_Support,Zonda Support,Usable
103609,Battle_Buff,Battle Buff,Usable
103617,aegis_103617,Costume Enchant Stone Box 37,Usable
103619,Ifirit_Promotion_Pack,New Server Launch Thank You Box,Usable
103622,aegis_103622,3rd Stone (Upper) Box,Usable
103623,aegis_103623,3rd Stone (Middle) Box,Usable
103624,aegis_103624,3rd Stone (Lower) Box,Usable
103625,aegis_103625,High Expansion Stone (Upper) Box,Usable
103626,aegis_103626,High Expansion Stone (Middle) Box,Usable
103627,aegis_103627,High Expansion Stone (Lower) Box,Usable
103628,2501_ev_Matjaltang,Matjal Gratin,Usable
103634,2024GoldPcBox,Gold PC Room Box,Usable
103635,Plus7_Refine_NPC,+7 Refine Hammer for NPC,DelayConsume
103653,E_Meat_Sandwich,Chunky Meat Sandwich,Usable
103654,E_Vin_Chaud,Warm Vin Chaud,Usable
103655,E_Egg_Nog,Smooth Eggnog,Usable
103656,E_Winter_Stew,Tasty Meat Stew,Usable
103657,E_Card_Pack,Celebrity Card Pack,Usable
103658,True_Hunting_Set,True Hunting Equipment Box,Usable
103659,Regia_Hunting_Set,Regia Hunting Equipment Box,Usable
103675,Mysterious_Fruit_Box,Mysterious Fruit 5 ea Basket,Usable
103745,Festi_Cookie_24,Festi Cookie,Usable
103746,Snow_Cookie_24,Snow Cookie,Usable
103747,aegis_103747,Flora Cookie,Usable
103748,aegis_103748,Winter Cookie,Usable
103871,aegis_103871,Efreet Class Shadow Cube,Usable
103872,aegis_103872,Efreet Shadow Cube,Usable
103873,If_Shadow_Mix_Recipe,Efreet Shadow Tick-Tock Box,DelayConsume
103874,Ifrit_Scroll,Flame Spirit King's Scroll,Usable
103875,If_Costume_Scroll,Efreet Nyandarae Costume Scroll,Usable
103891,aegis_103891,Time Gap Kurojin Box,Usable
103898,Eypgt_Costume_Select1,India and Guardian Costume Selection Box,DelayConsume
103899,Eypgt_Costume_Select2,Libra Costume Selection Box,DelayConsume
103900,Eypgt_Costume_Select3,Mysterious Character Costume Selection Box,DelayConsume
103903,C_CLB_KP_Select_Box1,Dragon Warrior Select Box 1,DelayConsume
103904,C_CLB_KP_Select_Box2,Dragon Warrior Select Box 2,DelayConsume
103905,InkPainting_Select_Box,Ink Painting Select Box,DelayConsume
103906,Panda_Foot_Select_Box,Panda Foot Selection Box,DelayConsume
103909,aegis_103909,Costume Enchant Stone Box38,Usable
103991,aegis_103991,Time Gap Weapon Box,Usable
104000,Ch1_Warp_Leaf,Traveler's Leaf,Usable
104002,MD_Fragment_Box_BL,Blue Fragment Box,Usable
104003,MD_Fragment_Box_YL,Sunset Fragment Box,Usable
104004,MD_Fragment_Box_GR,Turquoise Fragment Box,Usable
104005,MD_Fragment_Box_BK,Jet Black Fragment Box,Usable
104006,Ch1_MD_Reward_1,Immortal Magic Box,Usable
104007,Ch1_MD_Reward_2,Superior Immortal Magic Box,Usable
104008,Ch1_MD_Reward_3,Supreme Immortal Magic Box,Usable
104009,Ch1_MD_Reward_4,Extra Superior Immortal Magic Box,Usable
104174,Hanmac_Collabo_1,[NotForSale] Hanmac Food Collaboration Box I,Usable
104175,Hanmac_Collabo_2,[NotForSale] Hanmac Food Collaboration Box II,Usable
104205,Comp_AID_Buff_Box_,[NotForSale] Premium Buff Box,Usable
104206,Reward_Job_BM25_,[NotForSale] JOB Combat Manual,Usable
104233,E_EXP_Drop_Up_7days_,[NotForSale] Kafra Buff (7 Days),Usable
104236,CLB_HM_Card_WE,White Lucky Card,Usable
104237,CLB_HM_Card_GR,Green Lucky Card,Usable
104238,CLB_HM_Card_PK,Pink Lucky Card,Usable
104239,CLB_HM_Card_PP,Purple Lucky Card,Usable
104386,aegis_104386,Munch Lucky Card Pack,Usable
104419,CLB_HM_Masitta,Hanmac Masita Burger,Usable
104420,CLB_HM_PC_Onion,Pocket Chicken Onion Cream,Usable
104421,CLB_HM_DubleBurger,Hanmac Double Burger,Usable
104451,Rt_Ep19_SnowFlower_A,Snow Flower Activation Reward,Usable
104452,Rt_Ep19_SnowFlower_C,Snow Flower Completion Reward,Usable
104453,Rt_Ep19_Glacier_A,Glacier Weapon Activation Reward,Usable
104454,Rt_Ep19_Glacier_C,Glacier Weapon Completion Reward,Usable
104455,Rt_Ep19_Glacier_3,Glacier Weapon 3 Set Reward,Usable
104456,Rt_Ep19_Glacier_5,Glacier Weapon 5 Set Reward,Usable
104457,Rt_Ep19_Ulrali_A,Ulra Limacina Activation Reward,Usable
104458,Rt_Ep19_Ulrali_C,Ulra Limacina Completion Reward,Usable
104459,Rt_Ep19_Juncea_A,Syncytium Activation Reward,Usable
104460,Rt_Ep19_Juncea_C,Syncytium Completion Reward,Usable
104461,Rt_Ep19_snowfield_A,Snow Field Activation Reward,Usable
104462,Rt_Ep19_snowfield_C,Snow Field Completion Reward,Usable
104463,Rt_Ep19_snowfield_2,Snow Field 2 Set Reward,Usable
104464,Rt_Ep19_Family_A,Family Activation Reward,Usable
104465,Rt_Ep19_Family_C,Family Completion Reward,Usable
104466,Rt_Ep19_Family_2,Family 2 Set Reward,Usable
104467,Rt_Ep19_Irritation_A,Foreign Object Activation Reward,Usable
104468,Rt_Ep19_Irritation_C,Foreign Object Completion Reward,Usable
104469,Rt_Ep19_Basement_A,Semi-basement Activation Reward,Usable
104470,Rt_Ep19_Basement_C,Semi-basement Completion Reward,Usable
104471,Rt_Ep19_Rgan_A,Rgan Activation Reward,Usable
104472,Rt_Ep19_Rgan_C,Rgan Completion Reward,Usable
104473,Rt_Ep19_Rgan_2,Rgan 2 Set Reward,Usable
104474,Rt_Ep19_Rabre_A,Rabre Collector Activation Reward,Usable
104475,Rt_Ep19_Rabre_C,Rabre Collector Completion Reward,Usable
104476,Rt_Ep19_Rabre_3,Rabre Collector 3 Set Reward,Usable
104477,Rt_Ep20_Glacier_A,Glacier Activation Reward,Usable
104478,Rt_Ep20_Glacier_C,Glacier Completion Reward,Usable
104479,Rt_Ep20_Sanctuary_A,Sanctuary Activation Reward,Usable
104480,Rt_Ep20_Sanctuary_C,Sanctuary Completion Reward,Usable
104481,Rt_Ep20_Sanctuary_2,Sanctuary 2 Set Reward,Usable
104482,Rt_Ep20_Predator_A,Predator Activation Reward,Usable
104483,Rt_Ep20_Predator_C,Predator Completion Reward,Usable
104484,Rt_Ep20_Guardian_A,Guardian Activation Reward,Usable
104485,Rt_Ep20_Guardian_C,Guardian Completion Reward,Usable
104486,Rt_Ep20_Guardian_3,Guardian 3 Set Reward,Usable
104487,Rt_Ep20_Sangel_A,Angel Snail Activation Reward,Usable
104488,Rt_Ep20_Sangel_C,Angel Snail Completion Reward,Usable
104489,Rt_Ep20_Sangel_2,Angel Snail 2 Set Reward,Usable
104490,Rt_Ep20_Day_A,Glacial Daily Life Activation Reward,Usable
104491,Rt_Ep20_Day_C,Glacial Daily Life Completion Reward,Usable
104492,Rt_Ep20_Retire_A,Retire Activation Reward,Usable
104493,Rt_Ep20_Retire_C,Retire Completion Reward,Usable
104494,Rt_Ep20_Retire_2,Retire 2 Set Reward,Usable
104495,Rt_Ep20_Retire_4,Retire 4 Set Reward,Usable
104496,Rt_Ep20_Roots_A,Roots Activation Reward,Usable
104497,Rt_Ep20_Roots_C,Roots Completion Reward,Usable
104498,Rt_Ep20_Roots_3,Roots 3 Set Reward,Usable
104499,Rt_Ep20_Roots_5,Roots 5 Set Reward,Usable
104501,aegis_104501,Costume Enchant Stone Box 39,Usable
104537,Hanmac_Collabo_1S,[Not for Sale] Hanmac Food Collaboration Box I,Usable
104538,Hanmac_Collabo_2S,[Not for Sale] Hanmac Food Collaboration Box II,Usable
104714,C_CLB_DT_Select_Box1,Toothless Selection Box I,DelayConsume
104715,C_CLB_DT_Select_Box2,Toothless Selection Box II,DelayConsume
104716,C_Clouds_Select_Box,Cloud Costume Selection Box,DelayConsume
104741,Rt_Ch01_Armor_A,Entwined Magical Equipment Activation Reward,Usable
104742,Rt_Ch01_Armor_C,Entwined Magical Equipment Completion Reward,Usable
104743,Rt_Ch01_Dimen_A,Footsteps of Dimension Activation Reward,Usable
104744,Rt_Ch01_Dimen_C,Footsteps of Dimension Completion Reward,Usable
104745,Rt_Ch01_Dimen_3,Footsteps of Dimension 3 Sets Reward,Usable
104746,Rt_Ch01_Extra_A,Chaos Activation Reward,Usable
104747,Rt_Ch01_Extra_C,Chaos Completion Reward,Usable
104748,Rt_Ch01_Extra_2,Chaos 2 Sets Reward,Usable
104749,Rt_Ch01_Extra_4,Chaos 4 Sets Reward,Usable
104750,Rt_Ch01_Extra_5,Chaos 5 Sets Reward,Usable
104901,aegis_104901,Costume Enchant Stone Box 40,Usable
105031,aegis_105031,ROS Gold Capsule,Usable
105045,23th_Costume_A,Fluffy Costume Gift Box,Usable
105046,23th_Costume_B,Fluttering Costume Gift Box,Usable
105047,23th_Costume_C,Divine Costume Gift Box,Usable
105059,aegis_105059,Special Enchant Stone Box,Usable
105161,aegis_105161,Tangled Singularity,Usable
105162,aegis_105162,Boundary Singularity,Usable
105163,Fron_Fix_DK_T_Sword,Boundary Tuning (Frontier Dragon Sword),DelayConsume
105164,Fron_Fix_IG_Spear,Boundary Tuning (Frontier Imperial Spear),DelayConsume
105165,Fron_Fix_MT_T_Axe,Boundary Tuning (Frontier Mechanical Axe),DelayConsume
105166,Fron_Fix_BO_Hall,Boundary Tuning (Frontier Biological Hall),DelayConsume
105167,Fron_Fix_SHC_Katar,Boundary Tuning (Frontier Shadow Katar),DelayConsume
105168,Fron_Fix_ABC_Dagger,Boundary Tuning (Frontier Abyss Dagger),DelayConsume
105169,Fron_Fix_AG_Staff,Boundary Tuning (Frontier Arc Staff),DelayConsume
105170,Fron_Fix_EM_Book,Boundary Tuning (Frontier Elemental Book),DelayConsume
105171,Fron_Fix_CD_Rod,Boundary Tuning (Frontier Saint Lord),DelayConsume
105172,Fron_Fix_IQ_Claw,Boundary Tuning (Frontier Judgment Claw),DelayConsume
105173,Fron_Fix_WH_Bow,Boundary Tuning (Frontier Wind Bow),DelayConsume
105174,Fron_Fix_TR_Vilolin,Boundary Tuning (Frontier Musical Violin),DelayConsume
105175,Fron_Fix_TR_Rope,Tuning of the Boundary (Frontier Musical Rope),DelayConsume
105176,Fron_Fix_SS_Humma,Tuning of the Boundary (Frontier Moonlight Fuma S,DelayConsume
105177,Fron_Fix_NW_Rifle,Tuning of the Boundary (Frontier Knight Rifle),DelayConsume
105178,Fron_Fix_SKE_Book,Tuning of the Boundary (Frontier Emperor Battle B,DelayConsume
105179,Fron_Fix_SOA_Staff,Tuning of the Boundary (Frontier Soul Staff),DelayConsume
105180,Fron_Fix_HN_Rod,Tuning of the Boundary (Frontier Hyper Rod),DelayConsume
105181,Fron_Fix_SH_Foxtail,Tuning of the Boundary (Frontier Spirit Foxtail),DelayConsume
105219,aegis_105219,[A] Wrathful Two-Handed Dagger Box,Usable
105220,aegis_105220,[A] Wrathful Spear Shield Box,Usable
105356,SP_Costume_Select,Special Costume Selection Box,Usable
105357,SP_Costume_Collection,Special Costume Collection Box,Usable
105415,A_DM_Fix_DK_T_Spear,Tuning of the Dimension (Faceworm Queen's Horn),DelayConsume
105416,A_DM_Fix_IG_Spear,Dimensional Tuning (Ispetar),DelayConsume
105417,A_DM_Fix_ABC_Bow,Dimensional Tuning (Baregun Crossbow),DelayConsume
105418,A_DM_Fix_BO_Sword,Second-Dimensional Tuning (Falx),DelayConsume
105419,A_DM_Fix_AG_T_Staff,Second-Dimensional Tuning (Wepawet),DelayConsume
105420,A_DM_Fix_EM_Book,Second-Dimensional Tuning (Elemental Spirits),DelayConsume
105421,A_DM_Fix_NW_Launcher,Second-Dimensional Tuning (Agent Launcher),DelayConsume
105422,A_DM_Fix_SKE_Book,Second-Dimensional Tuning (Book of the Red Moon),DelayConsume
105488,All_In_One_Healing_E,[Event] All-in-One Healing Potion,Usable
105489,All_In_One_buff_E,[Event] All-in-One Buff Potion,Usable
105490,2025ROS_For_Offline,ROS Gift Box,Usable
105518,aegis_105518,Costume Enchantment Stone Box 41,Usable
105526,Niflheim_Select_1,Niflheim Costume Selection 1,Usable
105527,Niflheim_Select_2,Niflheim Costume Selection 2,Usable
105528,Niflheim_Select_3,Niflheim Costume Selection 3,Usable
105615,ROS_FESTA_BOX,ROS FESTA BOX,Usable
105616,R_Ep1921_Album,Episode 19-21 Card Album,Usable
105617,R_Ep1921_Boss,Episode 19-21 Boss Card Album,Usable
105619,Rt_Ep21_Gaebolg_A,Geoborg Activation Reward,Usable
105620,Rt_Ep21_Gaebolg_C,Geoborg Completion Reward,Usable
105621,Rt_Ep21_Icy_A,Ice Coast Activation Reward,Usable
105622,Rt_Ep21_Icy_C,Ice Coast Completion Reward,Usable
105623,Rt_Ep21_Icy_2,Ice Coast 2-Set Reward,Usable
105624,Rt_Ep21_Yorker_A,Yosker Yorker Activation Reward,Usable
105625,Rt_Ep21_Yorker_C,Yosker Yorker Completion Reward,Usable
105626,Rt_Ep21_Working_A,Staff Activation Reward,Usable
105627,Rt_Ep21_Working_C,Staff Completion Reward,Usable
105628,Rt_Ep21_Admin_A,Management Activation Reward,Usable
105629,Rt_Ep21_Admin_C,Management Completion Reward,Usable
105630,Rt_Ep21_Admin_2,Management 2-Set Reward,Usable
105631,Rt_Ep21_Purify_A,Purification Activity Activation Reward,Usable
105632,Rt_Ep21_Purify_C,Purification Activity Completion Rewards,Usable
105633,Rt_Ep21_Purify_3,Purification Activity 3-Set Reward,Usable
105634,Rt_Ep21_Purify_5,Purification Activity 5-Set Reward,Usable
105635,Rt_Ep21_Aid_A,Civil Support Activation Reward,Usable
105636,Rt_Ep21_Aid_C,Civil Support Completion Reward,Usable
105637,Rt_Ep21_Aid_2,Civil Support 2-Set Reward,Usable
105638,Rt_Ep21_Aid_4,Civil Support 4-Set Reward,Usable
105639,Rt_Ep21_Company_A,Group Activation Reward,Usable
105640,Rt_Ep21_Company_C,Group Completion Reward,Usable
105641,Rt_Ep21_Company_3,Group 3-Set Reward,Usable
105642,Rt_Ep21_Company_5,Group 5-Set Reward,Usable
105643,Rt_Ep21_Horn_A,Frozen Horn Activation Reward,Usable
105644,Rt_Ep21_Horn_C,Frozen Horn Completion Reward,Usable
105645,Rt_Ep21_Horn_3,Frozen Horn 3-Set Reward,Usable
105646,Rt_Ep21_Horn_5,Frozen Horn 5-Set Reward,Usable
105647,Rt_Ep21_Tan_A,Encroachment Activation Reward,Usable
105648,Rt_Ep21_Tan_C,Encroachment Completion Reward,Usable
105685,A_DM_Fix_MT_Mace,Second Dimensional Tuning (Submarine Anchor),DelayConsume
105686,A_DM_Fix_SHC_Katar,Second Dimensional Tuning (Vida Noctorno),DelayConsume
105687,A_DM_Fix_CD_Book,Second Dimensional Tuning (Judgment Day),DelayConsume
105688,A_DM_Fix_TR_Violin,Second Dimensional Tuning (Geigg),DelayConsume
105689,A_DM_Fix_TR_Whip,Second Dimensional Tuning (Needle Whip),DelayConsume
105690,A_DM_Fix_HN_Mace,Second Dimensional Tuning (Jack O'Rush),DelayConsume
105715,aegis_105715,Infinite Giant Fly's Wings 1-Hour Box,Cash
105737,Sky_Weapon_Hammer,Celestial Weapon Refining Hammer,DelayConsume
105738,Sky_Crown_Hammer,Celestial Crown Refining Hammer,DelayConsume
105828,aegis_105828,[A] Time Gap Dagger Box,Usable
105829,aegis_105829,[A] Time Gap Kurojin Boxes,Usable
105830,aegis_105830,+12 [A] Crown of Good and Evil (Night's Watch) Se,Usable
105831,aegis_105831,+10 [C] Crown of Good and Evil (Night's Watch) Se,Usable
105832,aegis_105832,+12 [A] Spear of Wrath Shield Box,Usable
105833,aegis_105833,+10 [C] Spear of Wrath Shield Box,Usable
105834,aegis_105834,+12 [A] Two-Handed Dagger of Wrath Box,Usable
105835,aegis_105835,+10 [C] Two-Handed Dagger of Wrath Box,Usable
105836,aegis_105836,Holiday Season Gift,Usable
105917,aegis_105917,Divine Box,Usable
105927,Select_Costume_DEC_1,White Fox Hooded Twin Costume Selection Box,Usable
105928,Select_Costume_DEC_2,Winged Hair Costume Selection Box,Usable
105929,Select_Costume_DEC_3,Wonderful Long Costume Selection Box,Usable
106415,Rt_Ch01_Chunk_A,Junkyard Activation Reward,Usable
106416,Rt_Ch01_Chunk_C,Junkyard Completion Reward,Usable
106417,Rt_Ch01_Noise_A,Noise Activation Reward,Usable
106418,Rt_Ch01_Noise_C,Noise Completion Reward,Usable
106419,Rt_Ch01_Noise_2,Noise 2 Sets Reward,Usable
106420,Rt_Ch01_Flowers_A,Creepy Flower Garden Activation Reward,Usable
106421,Rt_Ch01_Flowers_C,Creepy Flower Garden Completion Reward,Usable
106422,Rt_Ch01_Toxic_A,Toxic Sidekick Activation Reward,Usable
106423,Rt_Ch01_Toxic_C,Toxic Sidekick Completion Reward,Usable
106424,Rt_Ch01_Toxic_3,Toxic Sidekick 3 Sets Reward,Usable
106425,Rt_Ch01_Yggleaf_A,Small and Warm Activation Reward,Usable
106426,Rt_Ch01_Yggleaf_C,Small and Warm Completion Reward,Usable
106427,Rt_Ch01_Yggleaf_3,Small and Warm 3 Sets Reward,Usable
200000,IDTest_Cash,IDTest Cash,Cash
200001,Inventory_Ex_10Box,Inventory Expansion Voucher Box (10),Cash
200002,Inventory_Ex_Dis_10Box,(Limited) Inventory Expansion Voucher Box (10),Cash
200003,LI_HD_Oridecon_Box2,(Limited) HD Oridecon Box (Blacksmith)(30),Cash
200004,LI_HD_Elunium_Box2,(Limited) HD Elunium Box (Blacksmith)(30),Cash
200005,LI_HD_BradiumBox2,(Limited) HD Bradium Box (Blacksmith)(30),Cash
200006,LI_HD_CarniumBox2,(Limited) HD Carnium Box (Blacksmith)(30),Cash
200031,LI_Nyangvine_Box100,(Limited) Silvervine Cat Fruit Package I,Cash
200032,LI_A_3_Potion_pack,(Limited) Three Master Package,Cash
200049,Stone_Coin_PackageI,Stoin Coin Package I,Cash
200050,Stone_Coin_PackageII,Stoin Coin Package II,Cash
200051,Stone_Coin_PackageIII,Stoin Coin Package III,Cash
200055,C_Acid_B_50Box,Acid Bomb 50 Box,Cash
200056,C_Acid_B_500_Box,Acid Bomb 500 Box,Cash
200064,Giant_Fly_Wing_2500,Giant Flywing 2500 Box,Cash
200069,A_HD_Elunium_Box,HD Elunium Package,Cash
200070,A_HD_Oridecon_Box,HD Oridecon Package,Cash
200071,A_HD_Carnium_Box,HD Carnium Package,Cash
200072,A_HD_Bradium_Box,HD Bradium Package,Cash
200074,L_Battle_Manual_Pack,(Limited) Battle Manual Package,Cash
200090,LI_Mana_Potion_Box,(Limited) Mana Potion Box,Cash
200091,LI_Nyangvine_Box_II,(Limited) Silvervine Cat Fruit Package II,Cash
200092,LI_Nyangvine_Box_III,(Limited) Silvervine Cat Fruit Package III,Cash
200093,LI_HD_Oridecon_Box3,(Limited) HD Oridecon Box (Hollgrehenn)(30),Cash
200094,LI_HD_Elunium_Box3,(Limited) HD Elunium Box (Hollgrehenn)(30),Cash
200108,LI_Nyangvine_Stone_Box,(Limited) Silvervine Cat Fruit Package,Cash
200109,LI_A_Refine_Ore_Box,Limited Refinement Ore Package,Cash
200110,LI_A_HD_Elunium_Box,Limited HD Elunium Package,Cash
200111,LI_A_HD_Oridecon_Box,Limited HD Oridecon Package,Cash
200112,LI_A_HD_Carnium_Box,Limited HD Carnium Package,Cash
200113,LI_A_HD_Bradium_Box,Limited HD Bradium Package,Cash
200123,Thanos_Upgrade_Package,Thanos Upgrade Package,Cash
200124,Hero_Up_Package_1,Hero's Weapon Modification Package I,Cash
200125,Hero_Up_Package_2,Hero's Weapon Modification Package II,Cash
200126,Hero_Hammer_Package_1,Modified Hero's Weapon Refine Hammer Package I,Cash
200127,Hero_Hammer_Package_2,Modified Hero's Weapon Refine Hammer Package II,Cash
200128,Hero_Up_Package_3,Hero's Weapon Modification Package III,Cash
200129,Hero_Hammer_Package_3,Modified Hero's Weapon Refine Hammer Package III,Cash
200136,EXP_Drop_Up_Box,Kafra Buff Box (7 Days),Cash
200137,Hero_Hammer_Package_4,Modified Hero's Weapon Refine Hammer Package IV,Cash
200138,Hero_Up_Package_4,Hero's Weapon Modification Package IV,Cash
200140,LI_Nyangvine_Stone_Box2,(Limited) Silvervine Cat Fruit Package,Cash
200141,Hero_Up_Package_5,Hero's Weapon Modification Package V,Cash
200144,CostumeMileage_Package1,Silvervine Costume Mileage Package I,Cash
200145,CostumeMileage_Package2,Silvervine Costume Mileage Package II,Cash
200146,CostumeMileage_Package3,Silvervine Costume Mileage Package III,Cash
200155,LI_Nyangvine_Box100_2,(Limited) Silvervine Cat Fruit Package IV,Cash
200163,LI_Nyangvine_Stone_Box3,(Limited) Silvervine Cat Fruit Package(Stone Box,Cash
200168,2021_Promo_Package_1,2021 Promotional Commemorative Package I,Cash
200169,2021_Promo_Package_2,2021 Promotional Commemorative Package II,Cash
200170,CostumeMileage_Package4,Silvervine Costume Mileage Package IV,Cash
200171,CostumeMileage_Package5,Silvervine Costume Mileage Package V,Cash
200172,CostumeMileage_Package6,Silvervine Costume Mileage Package VI,Cash
200174,Hero_Hammer_Package_6,Modified Hero's Weapon Refine Hammer Package VI,Cash
200175,Hero_Up_Package_6,Hero's Weapon Modification Package VI,Cash
200185,LI_Nyangvine_Box1_26,(Limited) Actinidia Cat Fruit Box I,Usable
200186,LI_Nyangvine_Box2_26,(Limited) Actinidia Cat Fruit Box II,Usable
200187,LI_Nyangvine_Box3_26,(Limited) Actinidia Cat Fruit Box III,Usable
200191,CostumeMilePack_26_1,Actinidia Costume Mileage Package I,Cash
200193,CostumeMilePack_26_2,Actinidia Costume Mileage Package II,Cash
200194,CostumeMilePack_26_3,Actinidia Costume Mileage Package III,Cash
200195,Monthly_Package_1,Monthly Supply Package I,Cash
200196,Monthly_Package_2,Monthly Supply Package II,Cash
200197,Monthly_Package_3,Monthly Supply Package III,Cash
200198,Monthly_Buff_Package,Monthly Premium Buff Package,Cash
200199,Monthly_Battle_Package,Monthly Combat Manual Package,Cash
200214,CostumeMilePack_27_1,Nyangdarae Costume Mileage Package I (Stone Box 2,Cash
200215,CostumeMilePack_27_2,Nyangdarae Costume Mileage Package II (Stone Box,Cash
200216,CostumeMilePack_27_3,Nyangdarae Costume Mileage Package III (Stone Box,Cash
200219,LI_Nyangvine_Box1_28,(Limited) Nutcracker Fruit Package I (Stone Box 2,Cash
200220,LI_Nyangvine_Box2_28,(Limited) Nutcracker Fruit Package II (Stone Box,Cash
200221,LI_Nyangvine_Box3_28,(Limited) Nutcracker Fruit Package III (Stone Box,Cash
200236,LI_Nyangvine_Box1_29,(Limited) Nyangdarae Fruit Package I (29 Stone Bo,Cash
200237,LI_Nyangvine_Box2_29,(Limited) Nyandarae Fruit Package II (29 Stone Bo,Cash
200238,LI_Nyangvine_Box3_29,(Limited) Nyandarae Fruit Package III (29 Stone B,Cash
200247,Cash_Booster_Box,Growth Support Package,Cash
200256,CostumeMilePack_29_1,Nyangdarae Costume Mileage Package I (Stone Box 2,Cash
200257,CostumeMilePack_29_2,Nyangdarae Costume Mileage Package II (Stone Box,Cash
200258,CostumeMilePack_29_3,Nyangdarae Costume Mileage Package III (Stone Box,Cash
200287,LI_Nyangvine_Box1_30,(Limited) Nyangdarae Fruit Package I (30 Stone Bo,Cash
200288,LI_Nyangvine_Box2_30,(Limited) Nyandarae Fruit Package II (30 Stone Bo,Cash
200289,LI_Nyangvine_Box3_30,(Limited) Nyandarae Fruit Package III (Stone Box,Cash
200291,CostumeMilePack_30_1,Nyangdarae Costume Mileage Package I (30 Stone Bo,Cash
200292,CostumeMilePack_30_2,Nyangdarae Costume Mileage Package II (Stone Box,Cash
200293,CostumeMilePack_30_3,Nyangdarae Costume Mileage Package III (Stone Box,Cash
200305,LI_Nyangvine_Box1_31,(Limited) Nyandarae Fruit Package I (Stone Box 31,Cash
200306,LI_Nyangvine_Box2_31,(Limited) Nyangdarae Fruit Package II (Stone Box,Cash
200307,LI_Nyangvine_Box3_31,(Limited) Nyandarae Fruit Package III (Stone Box,Cash
200312,CostumeMilePack_31_1,Nyangdarae Costume Mileage Package I (Stone Box 3,Cash
200313,CostumeMilePack_31_2,Nyangdarae Costume Mileage Package II (Stone Box,Cash
200314,CostumeMilePack_31_3,Nyangdarae Costume Mileage Package III (Stone Box,Cash
200321,LI_Nyangvine_Box1_32,[Limited] Silvervine Package I (Stone Box 32),Cash
200322,LI_Nyangvine_Box2_32,[Limited] Silvervine Package II (Stone Box 32),Cash
200323,LI_Nyangvine_Box3_32,[Limited] Silvervine Package III (Stone Box 32),Cash
200325,CostumeMilePack_32_1,Costume Mileage Package I (Stone Box 32),Cash
200326,CostumeMilePack_32_2,Costume Mileage Package II (Stone Box 32),Cash
200327,CostumeMilePack_32_3,Costume Mileage Package III (Stone Box 32),Cash
200330,LI_Nyangvine_Box1_33,(Limited) Fruit Package I (Stone Box 33),Cash
200331,LI_Nyangvine_Box2_33,(Limited) Fruit Package II (Stone Box 33),Cash
200332,LI_Nyangvine_Box3_33,(Limited) Fruit Package III (Stone Box 33),Cash
200333,Cinnamon_Pack1,Cinnamoroll Collaboration Package I,Cash
200334,Cinnamon_Pack2,Cinnamoroll Collaboration Package II,Cash
200335,Cinnamon_Pack3,Cinnamoroll Collaboration Package III,Cash
200336,Cinnamon_Pack4,RO x Cinnamoroll Box,Cash
200340,LI_Nyang_Cinna_Box1_33,(Limited) Cinnamoroll Nyangvine Fruit Package I (,Cash
200341,LI_Nyang_Cinna_Box2_33,(Limited) Cinnamoroll Nyangvine Fruit Package II,Cash
200342,LI_Nyang_Cinna_Box3_33,(Limited) Cinnamoroll Nyatarae Fruit Package III,Cash
200349,LI_A_Elunium_Box,Enriched Elunium Account-limited Package,Cash
200350,LI_A_Oridecon_Box,Enriched Oridecon Account-limited Package,Cash
200351,CostumeMilePack_33_1,Costume Mileage Package I (Stone Box 33),Cash
200352,CostumeMilePack_33_2,Costume Mileage Package II (Stone Box 33),Cash
200353,CostumeMilePack_33_3,Costume Mileage Package III (Stone Box 33),Cash
200354,2023_Xmax_Pack_1,Christmas Account Limited Package I,Cash
200355,2023_Xmax_Pack_2,Christmas Account Limited Package II,Cash
200366,A_Force_Booster_Box,Force Booster Package (10),Cash
200367,A_Force_Booster_10_Box,Force Booster Package (100),Cash
200368,LI_Nyangvine_Box1_34,(Limited) Nyangvine Fruit Package I (Stone Box 34,Cash
200369,LI_Nyangvine_Box2_34,(Limited) Nyangvine Fruit Package II (Stone Box 3,Cash
200370,LI_Nyangvine_Box3_34,(Limited) Nyangvine Fruit Package III (Stone Box,Cash
200375,Sonic_Premium_Pack1,Sonic Premium Package I,Cash
200376,Sonic_Premium_Pack2,Sonic Premium Package II,Cash
200377,S_Badge_pack_,Sonic Badge Package,Cash
200378,Super_Sonic_pack_,Super Sonic Package,Cash
200379,Chaos_Emerald_pack_,Chaos Emerald Package,Cash
200385,CostumeMilePack_34_1,Costume Mileage Package I (Stone Box 34),Cash
200386,CostumeMilePack_34_2,Costume Mileage Package II (Stone Box 34),Cash
200387,CostumeMilePack_34_3,Costume Mileage Package III (Stone Box 34),Cash
200405,LI_Nyangvine_Box1_35,(Limited) Fruit Package I (Stone Box 35),Cash
200406,LI_Nyangvine_Box2_35,(Limited) Fruit Package II (Stone Box 35),Cash
200407,LI_Nyangvine_Box3_35,(Limited) Fruit Package III (Stone Box 35),Cash
200411,A_Speed_Booster_Box,Speed Booster Package,Cash
200412,A_Speed_Booster_10_Box,Speed Booster Package 10 Sets,Cash
200415,L_Infinity_Power_Pack,(Limited) Infinity Power Package,Cash
200416,L_All_Red_Pack,(Limited) All Red Package,Cash
200417,L_Defense_Potion_Pack,(Limited) Defender Package,Cash
200418,L_Speed_Force_Pack,(Limited) Speed Force Package,Cash
200419,L_Special_Speed_Pack,(Limited) Speed Booster Special Package,Cash
200420,L_Special_Force_Pack,(Limited) Force Booster Special Package,Cash
200425,CostumeMilePack_35_1,Costume Mileage Package I (Stone Box 35),Cash
200426,CostumeMilePack_35_2,Costume Mileage Package II (Stone Box 35),Cash
200427,CostumeMilePack_35_3,Costume Mileage Package III (Stone Box 35),Cash
200434,LI_Nyangvine_Box1_36,(Limited) Fruit Package I (Stone Box 36),Cash
200435,LI_Nyangvine_Box2_36,(Limited) Fruit Package II (Stone Box 36),Cash
200436,LI_Nyangvine_Box3_36,(Limited) Fruit Package III (Stone Box 36),Cash
200438,2024_Summer_Pack_1,(Limited) 2024 Summer Vacation Package I,Cash
200439,2024_Summer_Pack_2,(Limited) 2024 Summer Vacation Package II,Cash
200440,2024_Summer_Pack_3,(Limited) 2024 Summer Vacation Package III,Cash
200441,2024_Summer_Pack_4,(Limited) 2024 Summer Vacation Package IV,Cash
200442,LI_A_HD_CarniumBox,HD Carnium Account Limited Package,Cash
200443,LI_A_HD_BradiumBox,HD Bradium Account Limited Package,Cash
200445,22th_Package_1,22nd Anniversary Monthly Package I,Cash
200446,22th_Package_2,22nd Anniversary Monthly Package II,Cash
200447,22th_Package_3,22nd Anniversary Monthly Package III,Cash
200448,22th_Package_4,22nd Anniversary Monthly Package IV,Cash
200449,CLB_SS_Nyang_Pack,Shiba Says Nyangvine Package,Cash
200450,CLB_SS_Refine1_Pack,Shiba Says Enriched Refine Package,Cash
200451,CLB_SS_Refine2_Pack,Shiba Says High Enriched Refine Package,Cash
200452,CLB_SS_Exp_Pack,Shiba Says Experience Package,Cash
200463,C_CharSlot_Open_Box,Character Slot Expansion Card Box,Cash
200465,CostumeMilePack_36_1,Costume Mileage Package I (Stone Box 36),Cash
200466,CostumeMilePack_36_2,Costume Mileage Package II (Stone Box 36),Cash
200467,CostumeMilePack_36_3,Costume Mileage Package III (Stone Box 36),Cash
200468,Nyangvine_Special_Pack1,Nyangvine Special Package I,Cash
200469,Nyangvine_Special_Pack2,Nyangvine Special Package II,Cash
200470,Nyangvine_Special_Pack3,Nyangvine Special Package III,Cash
200476,Zonda_Support_Package,Zonda Support Package,Cash
200481,LI_Nyangvine_Box1_37,(Limited) Nyangvine Fruit Package I (Stone Box 37),Cash
200482,LI_Nyangvine_Box2_37,(Limited) Fruit Package II (Stone Box 37),Cash
200483,LI_Nyangvine_Box3_37,(Limited) Fruit Package III (Stone Box 37),Cash
200484,NewServer_Package_1,New Server Launch Monthly Package I,Cash
200485,NewServer_Package_2,New Server Launch Monthly Package II,Cash
200486,NewServer_Package_3,New Server Launch Monthly Package III,Cash
200489,NewServer_GrowthPack1,New Server Growth Package I,Cash
200490,NewServer_GrowthPack2,New Server Growth Package II,Cash
200492,NewServer_RefinePack1,New Server Equipment Refine Package,Cash
200493,NewServer_RefinePack2,New Server Weapon Refine Package,Cash
200494,NewServer_NyangvinePack,New Server Nyangvine Package,Cash
200509,CostumeMilePack_37_1,Costume Mileage Package I (Stone Box 37),Cash
200510,CostumeMilePack_37_2,Costume Mileage Package II (Stone Box 37),Cash
200511,CostumeMilePack_37_3,Costume Mileage Package III (Stone Box 37),Cash
200514,If_Costume_Box,Efreet Nyangdare Costume Box,Cash
200515,If_Almighty100_Box,Efreet Almighty Package 10 Sets,Cash
200516,If_Almighty_Box,Efreet Almighty Package,Cash
200517,If_Refine_Ore_Box_Set,Efreet Refining Ore Package 10 Sets,Cash
200518,If_Refine_Ore_Box,Efreet Refining Ore Package,Cash
200519,If_HD_Refine_Ore_Box,Efreet High Concentration Refining Ore Package,Cash
200520,If_HD_Elunium_Box,Efreet High Concentration Ernium Package,Cash
200521,If_HD_Oridecon_Box,Efreet High Concentration Orideocon Package,Cash
200522,If_Infinity_10_Box,Ifrit Infinity Package (100),Cash
200523,If_Infinity_Box,Ifrit Infinity Package (10),Cash
200524,If_Unlimited_10_Box,Efreet Unlimited Package 10 Sets,Cash
200525,If_Unlimited_Box,Efreet Unlimited Package,Cash
200534,Eypgt_Costume_Box1,Egypt Costume Package I,Cash
200535,Eypgt_Costume_Box2,Egyptian Costume Package II,Cash
200536,Eypgt_Costume_Box3,Egyptian Costume Package III,Cash
200537,If_Speed_Booster_10_Box,Efreet Speed ​​Booster Package 10 Sets,Cash
200538,If_Speed_Booster_Box,Efreet Speed ​​Booster Package,Cash
200539,If_Force_Booster_10_Box,Efreet Force Booster Package 10 Sets,Cash
200540,If_Force_Booster_Box,Efreet Force Booster Package,Cash
200543,If_3_Life_Potion_10pack,Efreet Sammyungsu Package 10 Sets,Cash
200544,If_3_Life_Potion_pack,Efreet Sammyungsu Package,Cash
200545,If_HD_High_Refine_Box,Melting Chest,Cash
200546,If_HD_Carnium_Box,HD Carnium Chest,Cash
200547,If_HD_Bradium_Box,HD Bradium Chest,Cash
200548,If_LimitPowerBooster100,Unlimited Potion Box (100),Cash
200549,If_LimitPowerBooster,Unlimited Potion Box (10),Cash
200552,CLB_KP_Pack1,Kung Fu Panda Costume Package I,Cash
200553,CLB_KP_Pack2,Kung Fu Panda Costume Package II,Cash
200554,2025_Costume_Box1,Ink Painting Costume Package,Cash
200555,2025_Costume_Box2,Panda Footprint Package,Cash
200556,If_CLB_KP_Pack1,Kung Fu Panda Costume Package I,Cash
200557,If_CLB_KP_Pack2,Kung Fu Panda Costume Package II,Cash
200558,If_2025_Costume_Box1,Ink Painting Costume Package,Cash
200559,If_2025_Costume_Box2,Panda Footprint Package,Cash
200560,LI_Nyangvine_Box1_38,(Limited) Nyangdarae Fruit Package I (Stone Box,Cash
200561,LI_Nyangvine_Box2_38,(Limited) Nyangdarae Fruit Package II (Stone Box,Cash
200562,LI_Nyangvine_Box3_38,(Account Limited) Catfish Fruit Package III (Ston,Cash
200595,CostumeMilePack_38_1,Nyangdare Costume Mileage Package I (Stone Box 38,Cash
200596,CostumeMilePack_38_2,Nyangdare Costume Mileage Package II (Stone Box 3,Cash
200597,CostumeMilePack_38_3,Nyangdare Costume Mileage Package III (Stone Box,Cash
200614,LI_A_HD_Elunium_Box2,Highly Enriched Etherium Account-Only Package II,Cash
200615,LI_A_HD_Oridecon_Box2,Highly Enriched Etherdeocon Account-Only Package,Cash
200616,LI_A_Elunium_Box2,Enriched Etherium Account-Only Package II,Cash
200617,LI_A_Oridecon_Box2,Enriched Etherdeocon Account-Only Package II,Cash
200621,LI_Nyangvine_Box1_39,(Account Limited) Cat's Eye Fruit Package I (Ston,Cash
200622,LI_Nyangvine_Box2_39,(Account Limited) Cat's Eye Fruit Package II (Sto,Cash
200623,LI_Nyangvine_Box3_39,(Account Limited) Cat's Eye Fruit Package III (St,Cash
200665,DT_Colabo_Box1,Toothless Costume Package I,Cash
200666,DT_Colabo_Box2,Toothless Costume Package II,Cash
200667,Cloud_Costume_Pack,Cloud Costume Package,Cash
200669,CostumeMilePack_39_1,Nyangdarae Costume Mileage Package I (Stone Box 3,Cash
200670,CostumeMilePack_39_2,Nyangdarae Costume Mileage Package II (Stone Box,Cash
200671,CostumeMilePack_39_3,Nyangdarae Costume Mileage Package III (Stone Box,Cash
200700,LI_Nyangvine_Box1_40,(Account Exclusive) Cat's Nest Fruit Package I (S,Cash
200701,LI_Nyangvine_Box2_40,(Account Exclusive) Cat's Nest Fruit Package II (,Cash
200702,LI_Nyangvine_Box3_40,(Account Exclusive) Cat's Nest Fruit Package III,Cash
200713,23th_Costume_Pack_A,Fluffy Concentrated Refining Package,Cash
200714,23th_Costume_Pack_B,Fluttering High-Concentrated Refining Package,Cash
200715,23th_Costume_Pack_C,Sacred Cat's Nest Fruit Packages,Cash
200716,23th_Package_1,Special Monthly Package I,Cash
200717,23th_Package_2,Special Monthly Package II,Cash
200718,23th_Package_3,Special Monthly Package III,Cash
200719,23th_Package_4,Special Monthly Package IV,Cash
200721,CostumeMilePack_SP_1,Nyangdarae Costume Mileage Package I (Special),Cash
200722,CostumeMilePack_SP_2,Nyangdarae Costume Mileage Package II (Special),Cash
200723,CostumeMilePack_SP_3,Nyangdarae Costume Mileage Package III (Special),Cash
200724,CostumeMilePack_SP_4,Nyangdarae Costume Mileage Package (Special),Cash
200764,CostumeMilePack_41_1,Nymphalina Costume Mileage Package I (Stone Box 4,Cash
200765,CostumeMilePack_41_2,Nymphalina Costume Mileage Package II (Stone Box,Cash
200766,CostumeMilePack_41_3,Nymphalina Costume Mileage Package III (Stone Box,Cash
200767,Niflheim_Costume_1,Niflheim Costume Package I,Cash
200768,Niflheim_Costume_2,Niflheim Costume Package II,Cash
200769,Niflheim_Costume_3,Niflheim Costume Package III,Cash
200770,Niflheim_Costume_4,Niflheim Night Sky Package,Cash
200785,LI_Nyangvine_Box1_SP,Cat's Nest Fruit Special Package,Cash
200786,LI_Nyangvine_Box2_SP,Cat's Nest Fruit Special Package I,Cash
200787,LI_Nyangvine_Box3_SP,Cat's Nest Fruit Special Package II,Cash
200788,LI_Nyangvine_Box4_SP,Nyandarae Fruit Special Package III,Cash
200789,2025_DEC_Package1,Special Refining Month Package I,Cash
200790,2025_DEC_Package2,Special Refining Month Package II,Cash
200791,Cash_Booster_Box2,Special Year-End Growth Package,Cash
200792,Select_DEC_Pack1,White Fox Costume Package,Cash
200793,Select_DEC_Pack2,Clock Witch Costume Package,Cash
200794,Select_DEC_Pack3,Wonderful Forest Costume Package,Cash
1100000,IDTest_heal,IDTest heal,Healing
1100003,Concentrated_R_P,Concentrated Red Potion,Healing
1100004,Concentrated_B_P,Concentrated Blue Potion,Healing
1100005,Concentrated_G_P,Concentrated Gold Potion,Healing
1100006,Ep19_Dry_Icegangu,Dried Ice Gangu,Healing
1100007,Fried_Sausage,Roasted sausages,Healing
1100008,Juicy_Sausage,Juicy Pang Pang Sausage,Healing
1100009,South_Pork_Ricebowl,Southern Style Roast Pork with Rice Bowl,Healing
1100010,Poring_Kombucha,Poring Kombucha,Healing
1100011,Monster_Bread,Monster Bread,Healing
1100012,Monster_Bread_,Forbidden Monster Bread,Healing
1100013,South_Pork_Slice,Southern Style Pork Head Meat,Healing
1100014,Grilled_Fish,Fire-grilled Fish,Healing
1100015,Grilled_Veg_Skewers_,Fire-grilled Suspicious Skewers,Healing
1100016,Night_M_Ice_Flakes,Night Market Bingsu,Healing
1100017,Night_M_Ice_Cream,Night Market Ice Cream,Healing
1100018,Night_M_Cotton_Candy,Night Market Cotton Candy,Healing
1100019,Grilled_Veg_Skewers,Fire-grilled Vegetable Skewers,Healing
1100020,Grilled_Hm_Sausage,Fire-grilled Homemade Sausage,Healing
1100021,2403_ev_Berry_Cup,Strawberry Fresh Cream Cupcake,Healing
1100022,2403_ev_Macaron,Moist Macaron,Healing
1100027,2501_ev_Matjalal,Matjalal,Healing
1100028,aegis_1100028,Delicious Noodle,Healing
1100029,aegis_1100029,Delicious Dumplings,Healing
1100032,CLB_HM_3Cheese,Hanmac Triple Cheese Burger,Healing
1100033,CLB_HM_Pizzalio,Hanmac Pizzario Burger,Healing
1100034,CLB_HM_PC_Yangnyeom,Pocket Chicken Seasoning,Healing
1100035,CLB_HM_PC_Hot_Fried,Pocket Chicken Hot Fries,Healing
1100036,aegis_1100036,Sharing Fish,Healing
1100037,25_A_Ev_Cookie,Orleans' Handmade Cookies,Healing
